:020000040800F2
:10000000F00C0020ED010008156D0008D543000834
:10001000ED650008D50400085187000800000000C5
:10002000000000000000000000000000BD72000899
:10003000370B000800000000836E0008D57A000826
:10004000070200080702000807020008070200086C
:10005000070200080702000807020008070200085C
:100060000702000807020008070200087D0A0008CE
:10007000890A0008070200080702000807020008B2
:100080000702000800000000F9020008070200084B
:10009000070200080702000807020008070200081C
:1000A00007020008517B0008070200080702000849
:1000B0005D7B00080702000807020008070200082D
:1000C00007020008070200080702000807020008EC
:1000D0000702000845870008070200080702000819
:1000E00007020008070200080702000807020008CC
:1000F00007020008070200080702000800000000CD
:1001000000000000070200080000000007020008CD
:1001100007020008000000000702000807020008AC
:10012000070200080702000807020008070200088B
:10013000070200080000000000000000070200089D
:10014000070200080702000800000000000000008D
:10015000000000000000000000000000000000009F
:10016000000000000000000000000000070200087E
:10017000070200080000000000000000000000006E
:10018000000000000702000800000000000000005E
:10019000000000000000000000000000000000005F
:1001A000000000000000000007020008070200082D
:1001B000070200080702000807020008000000000C
:1001C000000000000702000800000000000000001E
:1001D0000702000807020008DFF80CD000F07AF8E8
:1001E0000048004721880008F00C0020064880479E
:1001F00006480047FEE7FEE7FEE7FEE7FEE7FEE70C
:10020000FEE7FEE7FEE7FEE7417B0008D9010008B4
:100210002DE9F05F0546002092469B46884606463B
:10022000814640241BE0284641464746224600F0CE
:1002300041F853465A46C01A914110D31146184608
:10024000224600F028F82D1A67EB01084F46224697
:100250000120002100F01FF817EB00094E41201E7D
:10026000A4F10104DFDC484631462A464346BDE896
:10027000F09FD2B201E000F8012B491EFBD270477B
:100280000022F6E710B513460A4604461946FFF762
:10029000F0FF204610BD202A04DB203A00FA02F1CC
:1002A000002070479140C2F1200320FA03F3194364
:1002B00090407047202A04DB203A21FA02F0002106
:1002C000704721FA02F3D040C2F120029140084366
:1002D00019467047064C074D06E0E06840F0010300
:1002E00094E8070098471034AC42F6D3FFF778FF44
:1002F00054F8000874F80008014801F061BA0000E1
:100300003400002010B5846AE16D11F0500F06D062
:10031000E16DC90625D5204601F050FA10BDE06D0B
:1003200040F40070E06520680168090716D505F003
:10033000FDFD78B12068C068800400280ADBE06D0C
:1003400020F48070E065E06DC00403D4E06D40F0FF
:100350000100E065204601F02FFA10BDC06880075B
:10036000EBE7616D496BBDE81040084710B5806A46
:10037000C16D41F04001C165016E41F004010166AB
:1003800001F01CFA10BD10B5806A01F016FA10BD1C
:1003900070B5044600688168C1F3400505F0B6FDFC
:1003A00048B345BB2068816801F00D01012914D1D3
:1003B0008168124A1140891C81602168032008600D
:1003C00001F098FF054612E001F094FF401B02285F
:1003D0000DD920688068C00709D0E06D40F010009A
:1003E000E065206E40F001002066012070BD2068AD
:1003F0008068C007E8D1002070BD0000C0FFFF7F0B
:10040000F8B5044600200090206805F07FFDE8BBA9
:1004100020688168214A11422ED18168D64331403B
:10042000491C81601E48806800F0E07000020DD514
:100430001C481D490068B0FBF1F0401C00EB400077
:10044000800000E0401E00900028FBD101F052FF28
:1004500005461CE005F05AFD20B92068816831404E
:10046000491C816001F046FF401B02280FD920681B
:100470000068C043C0070AD0E06D40F01000E0659E
:10048000206E40F0010020660120F8BD04E02068E5
:100490000168C943C907DDD10020F6E73F000080AD
:1004A000000300500C000020400D030090ED001AE6
:1004B000B4EEC01AF1EE10FA02D9B0EE410A01E032
:1004C00080ED000AB4EEE00AF1EE10FA01DBC0EDB7
:1004D000000A7047FEE74288002192B1B2F5806FB2
:1004E00015D28269816811448160026A01691144F0
:1004F000016142694168114441604188491C418061
:10050000704741708160016141604180E9E7826824
:10051000921282600269921202614268921200EEA7
:10052000102A4260D0ED0F0AB8EEC00A20EE200A71
:1005300080ED0D0A418001214170704790ED050A60
:10054000D0ED0F0AB8EEC00A20EE200A80ED0C0AAA
:10055000D0ED0D0A30EE600A80ED0E0A7047027889
:100560008168012A426801D18A1A42604369D21A1D
:1005700043785A4392FBF1F301FB1322002A00DA7D
:100580000A4400EE101AF8EEC00A00EE102AB8EE87
:10059000C00A80EE201A80ED071A704782688169D0
:1005A000D0ED100A8A1A90F900104A4300EE102A82
:1005B000B8EEC00A20EE200A80ED090A0369026A3B
:1005C000B1EE400AD21A4A4301EE102AB8EEC11A1F
:1005D00061EE200AC0ED0B0A30EE600A80ED0A0AD7
:1005E0007047D0E901128A1AC0E9021200EE102AFF
:1005F0004188F6EE000AB8EEC01A00EE101AB8EE06
:10060000400A20EE200AB4EEC01AF1EE10FA01DB27
:10061000521AC26000EE102A4B42B8EEC01A00EE29
:10062000103AB8EEC00A20EE200AB4EEC01AF1EE7D
:1006300010FA01D81144C160D0E9032111440161CD
:100640007047000030B59FED7A3AD0ED100AD0ED3A
:100650000F1ADFED783AF6EE002A21EEA30A00EE3B
:10066000E20A9FED751AF5EEC00A21EE811A00EE3E
:10067000E21AF1EE10FA01DD012300E00023B5EEED
:10068000C00AF1EE10FA01DD012200E00022B5EE11
:10069000C01AF1EE10FA01DD012100E0002189000D
:1006A00001EB4201CC18B0F8481000EE101AB8EE79
:1006B000400A9FED621A90ED112A072C20EE010AE4
:1006C00020EE201A60EEA30AFFEE083A81EE020A3D
:1006D000B7EE081A61EEA33A21EE814A01EE101A34
:1006E00001EE901AB8EE411AF8EE611A24EE014AB2
:1006F00063EEA13A01EE101A01EE901AB8EE411A1B
:10070000F8EE611A00EE814A40EEA13A84EE021A38
:10071000C3EE821A21D2DFE804F020071B04110C7B
:100720001600F1EE610A1CE0F0EE610AB0EE410A3B
:1007300017E0F0EE400AB1EE410A12E0F1EE400A95
:10074000B0EE610A0DE0F1EE410AB1EE610A08E097
:10075000F0EE410AB1EE400A03E0F0EE430AB0EEDB
:10076000430AB0F84A2030EE801A01EE902AF8EEE3
:10077000611AB4EEE11AF1EE10FA0FDD01EE902AE3
:10078000F8EE611A61EEA01AC1EE810A01EE902A1C
:10079000F8EE611A61EE801A81EE810A01EE101AFC
:1007A000F5EE001A072CB8EE411A31EE601A31EE60
:1007B000401A21EE211ABCEEC11A11EE101A8AB2AB
:1007C00001EE102AB8EE411A00EEA21AFCEEC10AA0
:1007D00010EE901A89B200EE901AF8EE600A40EE20
:1007E000220ABCEEE00A10EE103A9BB205D2DFE816
:1007F00004F004081A04110D150020F84C2F418054
:1008000002E020F84C1F4280838030BD20F84C3F2E
:1008100042800BE020F84C3F418002E020F84C1F62
:100820004380828030BD20F84C2F4380818030BDD2
:10083000000000002DB25D3F2DB25DBF2DB2DD3F47
:1008400013B5DFED311A03462DED020BF7EE000A6A
:10085000B0EE610A6846FFF729FEDDED000A9FED64
:100860002B1A2B4C60EE810AFCEEE00A10EE900A87
:1008700082B2900AC2F309020AD0012815D00228D8
:1008800020D003282FD0C3ED001AC1ED001A1FBDE0
:1008900004EB820090ED000AA4EB820000F54060BA
:1008A00083ED000A90EDFF0A2BE0A4EB820000F537
:1008B000406090EDFF0A04EB820083ED000A90EDAA
:1008C000000A0DE004EB820090ED000AA4EB820028
:1008D00000F54060B1EE400A83ED000A90EDFF0A9A
:1008E000B1EE400A0DE0A4EB820000F5406090ED0F
:1008F000FF0A04EB8200B1EE400A83ED000A90ED9E
:10090000000A81ED000A1FBD0000000000F07F45D5
:1009100054E80008D0ED030A90ED040AB7EE001A7F
:1009200030EEC00A10EE101A80ED050AC0ED040A80
:10093000B1F17C5F03DB30EE410A80ED050A10EE79
:10094000101AB1F13F4F03D330EE010A80ED050AD2
:10095000D0ED060A20EE200A80ED070AD0ED090A44
:10096000D0ED081A20EE200A71EE600A01EEA00A0E
:1009700080ED080A017800EE901AF8EE600A80EE29
:10098000201A80ED0A1A704790ED000ADFED070A81
:1009900080ED030A9FED061A20EE200AD0ED010A31
:1009A00000EE810A80ED040A704700003ACD133F43
:1009B00039CD933F70B5274C04F1B00094ED220A75
:1009C000054684ED2C0A94ED230A84ED2D0AFFF7E9
:1009D000DBFF284606F040FA94ED330AD4ED370ADF
:1009E000F7EE001A94ED351A20EE200A71EEE00AB7
:1009F00004F5827001EE200A84ED350AD4ED340A44
:100A000094ED381A94ED362A60EE810A31EEC11A5F
:100A100042EE010AC4ED360AC4ED450A84ED530ADC
:100A200006F079F904F59E7006F075F994ED460A22
:100A3000284684ED3A0A94ED540A84ED390A04F00C
:100A4000CDF894ED250A284684ED3D0ABDE87040B6
:100A5000FFF7F8BDB004002010B50748044604F0C5
:100A6000BDF805492046B03991ED250A81ED3D0AD2
:100A7000BDE81040FFF7E6BD60050020014801F029
:100A80003ABA0000E0020020014801F034BA000048
:100A9000400300200D4902688A4201D20C4901E05E
:100AA0000B492031D2B21423083AB2FBF3F2436C63
:100AB00002F01F0223F003031944816404498031CA
:100AC000C1640121914001657047000008040240A3
:100AD000000802400179074A02EB81024265054A9B
:100AE0004432491E826501F01F0201219140C16517
:100AF00070470000FC08024030B5D0E9134565603E
:100B0000446D14B1D0E91645656090F8444004F096
:100B10001F050124AC40056C6C6004686360836849
:100B2000102B036803D099600068C26030BD9A60E2
:100B30000068C16030BD704790ED060AD0ED080A2C
:100B40009FED0F1A60EE200A90ED090A00EE810A6F
:100B5000F7EE000A10EE101A80ED090AB1F17E5F7F
:100B600003DB30EE600A80ED090AB5EEC00AF1EE53
:100B700010FA03D230EE200A80ED090A7047000017
:100B80008D7A883C3EB500200E4D019002464FF410
:100B9000007402902146284601F0A7FB4FF6FF7231
:100BA0000092022302AA01A9074802F0B0FA01222A
:100BB0002146284601F099FBBDF8080040BA80089C
:100BC0003EBD000000040048A000002072B6FEE711
:100BD00010B5642001F092FA04F0B4F805F0F2FFC9
:100BE0007F211D4800F046F80A2001F087FA032211
:100BF0001A49194801F096F8194800210268516312
:100C0000026891630068C163154802F08BFF0421FC
:100C1000134802F087FF0821114802F083FF1048B3
:100C200002F002FD0F4802F0FFFC0F4802F0C6FC84
:100C3000012211460D4801F058FB4FF0904401226B
:100C40000221204601F051FB20460122BDE8104060
:100C5000042101F04ABB00003400002058050020A8
:100C600068010020B40100200002002000040048B8
:100C700005F092B9F8B500250446009590F85800A3
:100C80000E4601280BD0012084F858002046FFF7BB
:100C90007FFB0200E06D04D040F010002AE002204B
:100CA000F8BD20F4885040F00200E06520688168BB
:100CB000134B194006F08043194341F00041816015
:100CC000104B20680EE00099491C0091994209D30D
:100CD000E06D20F0020040F01000E06584F858500C
:100CE0000120F8BD8168C90FEDD1E06D20F0020050
:100CF00040F00100E06584F858501046F8BD00004F
:100D0000C0FFFF3F02DE0400704700002DE9F84FEE
:100D10004FF000080446CDF800800D4694F85820A6
:100D2000DFF80094616947464046012A0AD001264F
:100D3000FD4A84F8586041B1296A012905D0A36EA3
:100D4000EBB129E00220BDE8F88F6868092838D1A6
:100D5000A96A4FF4785041B12B6801F07C0100EA98
:100D600053400843E96A084302E0296800EA514019
:100D70002168CB6C13400343CB64606621E0C4E977
:100D80001971A96A286A31B101F07C01401E08433B
:100D9000E96A084300E0401E2968C1F384632979A9
:100DA00001F01F018B400343A06E401EA066616EE0
:100DB00041EA0301616604D12068C36C13400B4310
:100DC000C364206805F09EF858B995F8250098B1DD
:100DD0002068C16895F8262021F4401141EA42516B
:100DE000C160206805F09EF88246206805F08AF808
:100DF0005AEA00010DD0FAE095F8260095F8241083
:100E0000400540EA01512068C26822F440121143B3
:100E1000E6E7A86A30B1E86A20B195F82500012814
:100E20005DD003E095F82500012804D02068C16852
:100E300021F0007103E02068C16841F00071C160D9
:100E400095F83000012851D02068016921F0020195
:100E50000161AA6829682068B2F1004F37D005F017
:100E60007CF82068416921F00041416120686A698D
:100E7000C168C1F3C10149008A402969042943D0EE
:100E800000EB81002B68016EDFF8A0C203F0F8438D
:100E900001EA0C011343194341F000410166226845
:100EA0002869A96902EB8000026E22F080720A4371
:100EB0000266297F22682869012922D0002102EBDD
:100EC0008000026E22F000720A4302668FE0002268
:100ED00005F043F82068416941F00041C5E7E06D45
:100EE00040F02000E0654FF00108A9E7D5E90D10BA
:100EF00001432068026922F4FF7242F002021143AA
:100F0000A6E74FF00071DAE7002104F0F1FF40039B
:100F100020684FF0000171D004F0EAFF90FAA0F0D1
:100F2000B0FA80F1286842036DD090FAA0F0B0FAD0
:100F300080F0814204D100221146206805F024F897
:100F40000121206804F0D4FF400320684FF0010124
:100F50005CD004F0CDFF90FAA0F0B0FA80F12868E0
:100F6000420358D090FAA0F0B0FA80F0814204D148
:100F700000220121206805F007F80221206804F012
:100F8000B7FF400320684FF0020147D004F0B0FFE4
:100F900090FAA0F0B0FA80F12868420343D090FAAA
:100FA000A0F0B0FA80F0814204D100220221206832
:100FB00004F0EAFF0321206804F09AFF4003206850
:100FC0004FF0030132D004F093FF90FAA0F0B0FA92
:100FD00080F1286842032ED090FAA0F0B0FA80F099
:100FE000814204D100220321206804F0CDFF206853
:100FF00004F090FF10B3B3E000E004E004F078FFE9
:10100000C0F384618EE7C0F3846092E704F070FF60
:10101000C0F38461A3E7C0F38460A7E704F068FF2E
:10102000C0F38461B8E7C0F38460BCE704F060FFFC
:10103000C0F38461CDE7C0F38460D1E721682A7BE7
:10104000286851F8B03FC0F3120C23EA0C0302F0F9
:10105000180C374A22FA0CF2024013430B60E9687D
:1010600049457DD1286841031AD090FAA0F1B1FA20
:1010700081F1491C01F01F0109294FEA403130D8A4
:10108000002910D090FAA0F1B1FA81F101F101012B
:1010900001F01F0106FA01F608D1C0F3846109E0EE
:1010A000C0F38461E5E7C0F38461EFE790FAA0F153
:1010B000B1FA81F101F1010101F01F0146EA8161FC
:1010C00002D1C0F3846003E090FAA0F0B0FA80F09F
:1010D00000F1010000F01F0000EB400041EA005168
:1010E0003AE000290DD090FAA0F1B1FA81F101F1B6
:1010F000010101F01F0106FA01F605D1C0F3846178
:1011000006E0C0F38461F2E790FAA0F1B1FA81F150
:1011100001F1010101F01F0146EA81610BD1C0F329
:1011200084600CE000007F400040100400F0FF03EA
:10113000FFFF070014E090FAA0F0B0FA80F000F191
:10114000010000F01F002B4A00EB400002EB0050B2
:1011500041EA000141F00071AA68206804F0FDFE38
:1011600025482968014240D0244A9068244B00F069
:10117000E070994202D0234B99421BD1030219D44B
:101180002168B1F1A04F30D1916840F4000021F006
:10119000E071014391601C481C490068B0FBF1F00C
:1011A000801C00EB4000800000E0401E0090002802
:1011B000FBD11AE0164D174BA94207D1C50105D442
:1011C0002168994211D040F0807009E0124DA94287
:1011D0000BD1410209D42168994206D040F4800025
:1011E000916821F0E0710143916084F858704046A5
:1011F000A9E50000000020FE000008800003005068
:10120000000021C31000C0900C000020400D03001E
:10121000000052C700010050000084CB10B54FF011
:10122000A040D0F880110F4CE167D0F88401C4F8D9
:101230008400B4F8A800A067FFF7A4FC206406F0BF
:1012400037FF05F0C1FC0848B4F8FC100268516390
:101250000268B4F8FE1091630068B4F80011C1632D
:1012600010BD0000B004002068010020704700009D
:101270002DE9F04104464548806800F01F052068CC
:1012800004F040FE08BB2068C168C06C01F000415A
:1012900010F4C07F00D191B194F85800012814D007
:1012A000012084F858002046FFF7AAF801004FF00B
:1012B00000070CD084F858700846BDE8F081E06D56
:1012C00040F02000E0650120F7E70220F5E7E06D3F
:1012D000C00504D5206E20F00800206600E02766D7
:1012E000E06D42F20102904340F48050E065284BEB
:1012F00020684FF0A046984201D1324600E00246F5
:10130000824200D01DB9E26D22F48012E2656022B3
:10131000026084F858702068C268920203D542685F
:1013200042F480624260A06908282068426807D0C1
:1013300022F0400242602068426842F0200206E04B
:1013400022F0200242602068426842F0400242607F
:101350002068984201D1324600E00246824209D01C
:1013600045B1062D06D0072D04D0E06D40F4801065
:10137000E065A1E7C26812F0007F9DD18268054B4D
:101380001A4042F00802826096E700000003005015
:1013900000010050C0FFFF7F704770472DE9F84FF4
:1013A00000270446009790F85800DFF8D8930D46C0
:1013B000B846012810D0012684F85860206804F04F
:1013C000ADFD58B1E06D40F02000E065012784F8E4
:1013D00058803846BDE8F88F0220FBE7D5E90021A8
:1013E0000C23206803EA91131844036B01F01F01DA
:1013F0004FF01F0C0CFA01FCC2F3846223EA0C03C9
:101400008A4013430363206804F088FD8246206805
:1014100004F074FD5AEA00013CD1AA6829682068EA
:10142000B2F1004F37D004F089FD2068416921F006
:101430000041416120686A69C168C1F3C101490086
:101440008A402969042931D000EB81002B68016EA4
:10145000DFF834C303F0F84301EA0C0113431943E6
:1014600041F00041016622682869A96902EB800009
:10147000026E22F080720A430266297F2268286980
:10148000012910D0002102EB8000026E22F00072D0
:101490000A4302667DE0002204F050FD20684169A5
:1014A00041F00041C5E74FF00071ECE7002104F086
:1014B00019FD400320684FF0000171D004F012FDC7
:1014C00090FAA0F0B0FA80F1286842036DD090FA4B
:1014D000A0F0B0FA80F0814204D1002211462068C9
:1014E00004F04AFD0121206804F0FCFC4003206860
:1014F0004FF001015CD004F0F5FC90FAA0F0B0FAD6
:1015000080F12868420358D090FAA0F0B0FA80F039
:10151000814204D100220121206804F02DFD022126
:10152000206804F0DFFC400320684FF0020147D040
:1015300004F0D8FC90FAA0F0B0FA80F128684203D9
:1015400043D090FAA0F0B0FA80F0814204D100229A
:101550000221206804F010FD0321206804F0C2FC81
:10156000400320684FF0030132D004F0BBFC90FA36
:10157000A0F0B0FA80F1286842032ED090FAA0F0D3
:10158000B0FA80F0814204D100220321206804F0E7
:10159000F3FC206804F0BAFC10B3AAE000E004E019
:1015A00004F0A0FCC0F384618EE7C0F3846092E78E
:1015B00004F098FCC0F38461A3E7C0F38460A7E75C
:1015C00004F090FCC0F38461B8E7C0F38460BCE72A
:1015D00004F088FCC0F38461CDE7C0F38460D1E7F8
:1015E00021682A7B286851F8B03FC0F3120C23EA27
:1015F0000C0302F0180C654A22FA0CF20240134365
:101600000B60E968494574D1286841031AD090FA03
:10161000A0F1B1FA81F1491C01F01F0109294FEA3B
:10162000403130D8002910D090FAA0F1B1FA81F100
:1016300001F1010101F01F0106FA01F608D1C0F322
:10164000846109E0C0F38461E5E7C0F38461EFE7FA
:1016500090FAA0F1B1FA81F101F1010101F01F014D
:1016600046EA816102D1C0F3846003E090FAA0F001
:10167000B0FA80F000F1010000F01F0000EB400024
:1016800041EA005131E000290DD090FAA0F1B1FA01
:1016900081F101F1010101F01F0106FA01F605D106
:1016A000C0F3846106E0C0F38461F2E790FAA0F130
:1016B000B1FA81F101F1010101F01F0146EA8161F6
:1016C00002D1C0F3846003E090FAA0F0B0FA80F099
:1016D00000F1010000F01F002D4A00EB400002EB7A
:1016E000005041EA000141F00071AA68206804F04E
:1016F00025FC2848296801423FF469AE264A9068D3
:10170000264B00F0E070994202D0254B99421CD143
:1017100003021AD42168B1F1A04F7FF458AE91684A
:1017200040F4000021F0E071014391601D481E4922
:101730000068B0FBF1F0401C00EB4000800000E0CE
:10174000401E00900028FBD141E6184D184BA942DD
:1017500007D1C50105D421689942F5D040F08070C9
:1017600009E0144DA942EFD14102EDD4216899421C
:10177000EAD040F48000916821F0E071014391606B
:1017800025E6000000007F4000F0FF03FFFF070098
:10179000000020FE0000088000030050000021C36C
:1017A0001000C0900C000020400D0300000052C744
:1017B00000010050000084CB704770477047000064
:1017C0002DE9F05F0446006806684568DFF854B20A
:1017D000DBF8080000F01F07B0070ED5A8070CD5EE
:1017E000E06DC00603D4E06D40F40060E065204683
:1017F000FFF78AFA216802200860DFF82CA2700740
:101800004FF0A04801D5680703D4300737D5280723
:1018100035D5E06DC00603D4E06D40F40070E0659E
:10182000206804F083FB20B32068504501D1414675
:1018300000E00146814208D03FB1052F05D0092FB5
:1018400003D0504503D1414602E0C16801E00146A2
:10185000C96889040DD4016809070AD504F05EFB44
:1018600058B3E06D40F01000E065206E40F00100DC
:1018700020662046FFF7A0FF21680C200860B00614
:1018800001D5A80603D4700658D5680656D5E06D74
:10189000C00603D4E06D40F40050E0652068C16CE0
:1018A00011F4C07F1AD00021894604F03FFB0246A4
:1018B0002068504514D1414613E02068416821F06A
:1018C0000C014160E06D20F48070E065E06DC004C3
:1018D000CFD4E06D40F00100E065CAE70121E3E705
:1018E0000146814208D03FB1062F05D0072F03D013
:1018F000504503D1414602E0C16801E00146C96894
:10190000B9F1000F14D08B0102D58AB18A040FD42B
:10191000026852060CD589020AD404F0EFFAE8B343
:10192000E06D40F01000E065206E40F001002066A0
:101930002046FFF773FC21686020086030060BD555
:10194000280609D5E06D40F48030E065204600F0BF
:1019500065F9216880200860F0050CD5E8050AD5F6
:10196000E06D40F40030E0652046FFF715FD21688A
:101970004FF480700860B0050CD5A8050AD5E06D5D
:1019800040F48020E0652046FFF707FD21684FF412
:1019900000700860F0062ED5E80600E008E02AD5C1
:1019A000E06BD0B1AFB1DBF8080000F4604013E0A9
:1019B0002068416821F060014160E06D20F48050B2
:1019C000E065E06DC005B3D4E06D40F00100E06576
:1019D000AEE72068C068C00750B1E06D40F4806099
:1019E000E065206E40F0020020662046FFF7E6FE2C
:1019F000216810200860700512D5680510D5E06DCB
:101A000040F48040E065206E40F0080020662168C8
:101A10004FF4806008602046BDE8F05FFFF726BC09
:101A2000BDE8F09F0003005000010050F8B54FF0F2
:101A3000000504002E46009502D0E06D10B107E0CD
:101A40000120F8BD204600F0EBF8266684F85860C7
:101A500020688168C1F3407119B18168674A1140FB
:101A6000816020688168C1F3007189B98168644A26
:101A7000114041F080518160624863490068B0FBC9
:101A8000F1F04000801C00E0401E00900028FBD1D7
:101A900020688168C1F3007141B9E16D41F0100126
:101AA000E165216E41F001012166012504F036FA5D
:101AB000E16DC90600D430B1E06D40F01000E06582
:101AC00001252846F8BDE06D20F4807040F002004A
:101AD000E065206804F01AFA88B94FF0A0408068E9
:101AE0004A49C0F300008968C1F30001084306D1E8
:101AF000474960688A6822F47C1202438A60E16880
:101B0000E06B627F0843A16841EA4231084394F8E0
:101B1000241040EA0140012904D1218D3D4A02EB05
:101B200041410843E16A29B101F47871226B014314
:101B300042EA01002168CA68374B1A400243CA6072
:101B400020680169626B21F04061114301612068E6
:101B500004F0D4F970BB207F94F83810800340EA79
:101B600041012068C26844F202039A430A43C260FA
:101B700020690028206801690AD041F480310161A0
:101B8000206850F8C01F22696FF30D01114307E070
:101B900021F480310161206850F8C01F6FF30D01FE
:101BA000016094F8400001280CD02068016921F000
:101BB00001010161606901282068016B21F00F01BA
:101BC00010D012E0D4E911100143D4E913021043FC
:101BD00001432068026940F2FC739A43114341F0CB
:101BE0000101E6E7226A521E11430163E06D20F015
:101BF000020040F00100E06563E70000C0FFFF5F06
:101C0000C0FFFF7F0C000020400D030000010050CA
:101C1000000300500000FEFF0740F0FF7047000087
:101C2000F0B597B0064614216846FEF729FB44211B
:101C300005A8FEF725FB35493068884263D1C0010D
:101C400005908003149005A800F052FC08B1FEF73F
:101C5000BDFF2F49C86C40F40050C864C86C00F444
:101C600000501690C86C40F00100C864C86C00F0C9
:101C700001001690C86C40F00400C864C86C00F005
:101C800004001690C86C40F00200C864C86C0324BD
:101C900000F002001690502000258DE831006946C2
:101CA0004FF0904000F03CFA202700976946194811
:101CB000CDE9014500F034FA48F204008DE8310026
:101CC0006946154800F02CFA154C14482060242071
:101CD000C4E901058020C4E9035040006061800030
:101CE0002562C4E90607204600F062F908B1FEF754
:101CF0006DFF7465002201211220A66200F060FBD6
:101D0000122000F04FFB17B0F0BD000000010050A2
:101D1000001002400008004800040048080002408B
:101D2000E00200202DE9F041044634481746884679
:101D3000806800F01F05206804F0F0F800285AD1F0
:101D400094F85800012856D0012084F85800002645
:101D500025B1052D02D0092D00D003E02046FEF765
:101D60004FFB18B184F85860BDE8F081E06D40F693
:101D70000161884340F48070E06521492068884211
:101D800002D14FF0A04100E00146814200D01DB9D0
:101D9000E06D20F48010E065E06DC00404D5206E95
:101DA00020F00600206600E02666616D1548C862D6
:101DB000616D15480863616D1448486321681C20F3
:101DC000086084F858602068416841F01001416063
:101DD0002068C16841F00101C16021683B4642466C
:101DE0004031606D00F044F921688A68084B1A4060
:101DF000121D8A60B8E70220B6E700000003005019
:101E00000001005005030008870300086D03000867
:101E1000C0FFFF7F10B590F8252000210123022A82
:101E200003D00421C163012122E00268146824F078
:101E30000E041460826C146824F4807414600268C8
:101E4000146824F00104146090F84420046C02F03B
:101E50001F0203FA02F26260D0E913245460426D5B
:101E600032B1146824F480741460D0E916245460EC
:101E700080F82530002280F82420084610BD70B577
:101E800090F82510002401222346022907D00421BE
:101E9000C16380F8252080F82430012429E00168FE
:101EA0000D6825F00E050D6001680D6825F001052F
:101EB0000D60816C0D6825F480750D6090F84410FC
:101EC000154601F01F018A40016C4A60D0E91312E7
:101ED0004A60416D31B10A6822F480720A60D0E92B
:101EE00016124A6080F8255080F82430816B01B1C9
:101EF0008847204670BDF0B4016C0B6801680A6821
:101F000090F84440042504F01F0405FA04F61E422C
:101F100011D056070FD50A68920603D40A6822F03A
:101F200004020A6090F8441001F01F018D40016C1A
:101F30004D60016B1DE0022606FA04F71F424FF0C8
:101F4000000C4FF0010518D0970716D50A689206C5
:101F500005D40A6822F00A020A6080F8255090F839
:101F6000441001F01F018E40016C4E6080F824C0C7
:101F7000C16A00291AD0F0BC08470826A6401E42B4
:101F800014D0120712D50A6822F00E020A6090F8E7
:101F90004410026C01F01F0105FA01F15160C563A4
:101FA00080F8255080F824C0416BE2E7F0BC704710
:101FB00070B504000CD02B4A20681421904209D23D
:101FC000294A0244B2FBF1F18900616427490AE021
:101FD000012070BD234A52420244B2FBF1F1890054
:101FE0006164204908392164022184F825100168C0
:101FF00047F6F0729143D4E902231A43D4E9043539
:102000002B431A43A3691A43E3691A43236A1A4309
:102010000A4302602046FEF73DFDA0680025B0F5AA
:10202000804F00D16560A16C20790860D4E913016C
:1020300041606068401E032808D82046FEF74AFD2C
:10204000606D0560D4E91601416002E06565A56533
:10205000E565E563012084F8250084F8245000201C
:1020600070BD000008040240F8FFFDBF0000024000
:1020700070B5044690F82400002501280CD00120FA
:1020800084F8240094F825600020012E06D084F8FE
:1020900024000225284670BD022070BD022684F867
:1020A0002560E0632068066826F001060660204689
:1020B000FEF722FD206B00282068016802D041F065
:1020C0000E0106E021F0040101602068016841F082
:1020D0000A010160A06C0168C90303D5016841F4DD
:1020E00080710160606D18B1016841F48071016018
:1020F0002068016841F001010160CBE770B504463A
:1021000000F0F8F80546601C02D00448406804441A
:1021100000F0F0F8401BA042FAD370BD0000002090
:102120002DE9F84FDFF888910022A9F1040B03276D
:102130004FF00F0C09F1040AABF1040EB1E00125D8
:1021400095402B4073D00C7904F00304012C01D08E
:10215000022C15D18668540007FA04F826EA08060E
:10216000D1F80C8008FA04F848EA0608C0F808809C
:102170004468AC430D79C5F300159540254345608F
:102180000C79E443A40708D0C568540007FA04F6A4
:10219000B5438E68A6402E43C6600C7904F0030454
:1021A000022C11D1D40800EB8406356A5407E40EE2
:1021B0000CFA04F825EA0805D1F8108008FA04F8AA
:1021C00048EA0508C6F820800568540007FA04F6B6
:1021D000B5430E7906F00306A6402E4306604C6810
:1021E00014F4403F5CD0334C256E45F00105256664
:1021F000246E22F0030504F0010400942E4C05EB3C
:102200000408D8F808509407260F0CFA06F4A543E2
:10221000B0F1904F04D0294CA04203D1012417E023
:10222000002415E0264CA04202D1022410E037E041
:10223000244CA04201D103240AE0234CA04201D146
:10224000042405E0214CA04201D1052400E006242D
:10225000B4402C43C8F80840D9F800404D464E68B9
:102260009C43F60200D51C432C60DAF8004055462A
:102270004E689C43B60200D51C432C60DBF800403E
:102280005D464E689C43B60300D51C432C60DEF8C7
:10229000004075464E689C43F60300D51C432C60F5
:1022A000521C0B6833FA02F47FF449AFBDE8F88F93
:1022B00008040140001002400000014000040048F2
:1022C00000080048000C00480010004800140048B6
:1022D0000069084000D001207047426921EA0203EA
:1022E0000A4043EA0241816170470AB18161704747
:1022F000816270470148806870470000000000203C
:1023000002488168426811448160704700000020E3
:1023100010B50024032000F073F80F2000F008F837
:1023200008B1012401E000F025F8204610BD0000AE
:1023300070B50E4E05460024706898B14FF47A715E
:10234000B1FBF0F00A490968B1FBF0F001F011F8B7
:1023500040B9102D06D200222946501E00F030F858
:10236000356000E00124204670BD00000000002020
:102370000C0000200A4882B0016E41F001010166A4
:10238000016E01F001010091816D41F08051816584
:10239000806D00F08050009002B000F0A1B8000005
:1023A00000100240002809DB00F01F0201219140CB
:1023B0004009800000F1E020C0F8001170470000E3
:1023C000F0B40E4B1B68C3F30223C3F10704042CC3
:1023D00000D904241D1D072D01D2002300E0DB1EBF
:1023E000012606FA04F56D1E0D409D409E40761EA6
:1023F000164045EA0601F0BC06F0F2B90CED00E02B
:10240000064A00F0070110684FF6FF03184040EA43
:102410000120034908431060704700000CED00E004
:102420000000FA052B492C4B0A6832214A432B49FC
:1024300040B1B0F5007F086829D020F4C06040F4B6
:1024400080602CE00868C0F34120022804D051F8D5
:10245000800F20F4807022E0D1F8800020F480709A
:10246000C1F88000086820F4C06040F40070086083
:10247000B2FBF3F0401C00E0401E4A69520501D552
:102480000028F9D1486940050AD503207047C0F3F8
:102490004120022806D051F8800F40F48070086077
:1024A00000207047D1F8800040F48070C1F88000AF
:1024B000086820F4C06040F400700860B2FBF3F0DC
:1024C000401C00E0401E4A695205DBD50028F9D1C6
:1024D000D8E700000C00002040420F0000700040D0
:1024E0000248816841F4804181607047007000407B
:1024F0002DE9F84F044600260068A24D3746000338
:102500005CD5A86D4FF00009C00009D4A86D40F05B
:102510008050A865A86D4FF0010900F08050009030
:10252000DFF864A2DAF8001041F48071CAF80010F4
:10253000FFF7E0FE804607E0FFF7DCFEA0EB0800B7
:10254000022801D9032631E0DAF80000C005F3D5EE
:1025500066BBD5F8900010F4407014D0216C814215
:1025600011D0D5F89000D5F8901020F4407041F4C7
:102570008031C5F89010D5F8901021F48031C5F85D
:102580009010C5F89000C0074ED0FFF7B3FE80460C
:1025900041F2883A05E0FFF7ADFEA0EB0801514596
:1025A000D0D8D5F890008007F5D5EEB33746B9F10D
:1025B000000F03D0A86D20F08050A8652078C007D8
:1025C00007D0D5F88800616820F003000843C5F8FB
:1025D00088002078800707D5D5F88800A16820F00A
:1025E0000C000843C5F888002078400707D5D5F8C7
:1025F0008800E16820F030000843C5F888002078A2
:10260000000707D5D5F88800216920F0C0000843ED
:10261000C5F888002078800609D5D5F8880061695A
:1026200020F44060084300E03DE0C5F888002078D1
:10263000400607D5D5F88800A16920F4405008432A
:10264000C5F888002078000607D5D5F88800E1692C
:1026500020F440400843C5F888002088C00507D50D
:10266000D5F88800216A20F440300843C5F8880076
:102670002088800507D5D5F88800616A20F44020BD
:102680000843C5F888002088400519D5D5F888008A
:10269000A16A20F440100843C5F88800A06AB0F58C
:1026A000801F09D00CE0D5F89000216C20F4407018
:1026B0000843C5F890007AE7E86840F48010E860C5
:1026C000208800050FD5D5F88800E16A20F4400085
:1026D0000843C5F88800E06AB0F5800F03D1E868C8
:1026E00040F48010E8602088C0040FD5D5F8880039
:1026F000216B20F040700843C5F88800206BB0F1D2
:10270000807F03D1E86840F48010E860208881046D
:102710004FF000600ED5D5F88810626B21F0406153
:102720001143C5F88810616B814203D1E96841F417
:102730008011E960218849040ED5D5F88810A26B74
:1027400021F040611143C5F88810A16B814203D18B
:10275000E86840F48010E860208800040FD5D5F8C0
:102760008800E16B20F040500843C5F88800E06B1A
:10277000B0F1805F03D1E86840F48030E86038460B
:10278000BDE8F88F00100240007000402DE9F047CE
:102790000D4604004FF0000725D0DFF8A091D9F8CE
:1027A000000000F00F00A8420CD2D9F8001021F070
:1027B0000F012943C9F80010D9F8000000F00F00FC
:1027C000A84210D121685E4EC80741F2883A52D023
:1027D0006068DFF87081032808D00228306826D0AE
:1027E0004005002825DB0120BDE8F0873068800126
:1027F000F9D5F068F068544BC0F30310401CB3FBEC
:10280000F0F0F268C2F306225043F268C2F341626C
:10281000521C5200B0FBF2F0404515D9B06810F0E0
:10282000F00F0AD088070FD5A06830B10CE0800304
:10283000D7E700F0B5F8404506D9B06820F0F000C1
:1028400040F08000B0608027B068616820F003002D
:102850000843B060FFF74EFD804605E0FFF74AFDF4
:10286000A0EB080151453BD8B068616800F00C004E
:10287000B0EB810FF2D12068810714D5400703D552
:10288000B06840F4E060B0602078000705D5B0681B
:1028900020F4605040F4E060B060B068A16820F0BF
:1028A000F000084304E0802F03D1B06820F0F0006E
:1028B000B060D9F80010484601F00F01A94217D9BD
:1028C0000168C84621F00F0129430160FFF712FD9E
:1028D0000746D14606E0FFF70DFDC11B494501D96A
:1028E000032081E7D8F8000000F00F00A842F2D1E1
:1028F0002078400705D5B068E16820F4E06008431F
:10290000B0602078000706D5B068216920F46050D7
:1029100040EAC100B06000F043F8B1680B4AC1F36F
:102920000311515C01F01F01C840094908600948C2
:102930000068BDE8F047FFF7FBBC00000020024044
:102940000010024000B4C4040024F4000C89000804
:102950000C00002000000020054806490068896836
:10296000054AC1F30221515C01F01F01C8407047C4
:102970000C000020001002401C8900080548064990
:1029800000688968054AC1F3C221515C01F01F014A
:10299000C84070470C000020001002401C8900084D
:1029A000134A9068C0F38101124801290AD0916846
:1029B000C1F38101022905D09168C1F38101032986
:1029C00001D000207047D16801F00303D168C1F342
:1029D0000311491CB0FBF1F0D168C1F30621484353
:1029E000D168C1F34161491C4900B0FBF1F0704767
:1029F000001002400024F4002DE9F843040078D0D0
:102A00002078F54DC00745D0A868E96800F00C00B3
:102A100001F003010C2802D0082817D001E0032997
:102A200014D06068B0F5803F17D0B0F5A02F2868AB
:102A300017D020F480302860286820F48020286097
:102A40006068D8B1FFF756FC064613E0286880039B
:102A500020D560680028D2D01CE0286840F480307F
:102A6000EDE740F480202860F7E7FFF743FC801B88
:102A700064286ED828688003F7D50BE0FFF73AFC8E
:102A8000064604E0FFF736FC801B6428F1D828686E
:102A90008003F7D4207880074BD5A868E96800F058
:102AA0000C0001F003010C2802D004280DD001E035
:102AB00002290AD0E068002828682BD040F48070F2
:102AC0002860FFF717FC064619E02868400502D584
:102AD000E068002893D06868217C20F0FE4040EA3E
:102AE00001606860BD480068FFF722FC002800D143
:102AF0001FE06DE1FFF7FEFB801B0228B9D82868B4
:102B00004005F7D56868217C20F0FE4040EA01606E
:102B100068600EE020F480702860FFF7EBFB06464B
:102B200004E0FFF7E7FB801B0228A2D828684005D5
:102B3000F7D42078000728D560690028D5F89400DC
:102B400012D040F00100C5F89400FFF7D3FB064611
:102B500005E08FE0FFF7CEFB801B022889D8D5F86F
:102B600094008007F6D510E020F00100C5F894002D
:102B7000FFF7C0FB064604E0FFF7BCFB801B022802
:102B800078D8D5F894008007F6D42078400761D52E
:102B9000A86D0027C00008D4A86D40F08050A8653B
:102BA000A86D012700F0805000908D480168C9058C
:102BB00011D40168804641F480710160FFF79AFBEF
:102BC000064604E0FFF796FB801B022852D8D8F88F
:102BD0000000C005F6D5A068012815D00528D5F855
:102BE000900016D020F00100C5F89000D5F89000B4
:102BF00020F00400C5F89000A06841F28838B8B110
:102C0000FFF778FB06460EE0D5F8900040F0010093
:102C1000F0E740F00400C5F89000F5E7FFF76AFB25
:102C2000811B414526D8D5F890008007F6D50CE0E9
:102C3000FFF760FB064604E0FFF75CFB811B4145A4
:102C400018D8D5F890008007F6D41FB1A86D20F0F1
:102C50008050A8652078800628D5A0690028D5F87E
:102C6000980012D040F00100C5F89800FFF742FB31
:102C7000064605E072E0FFF73DFB801B02286DD899
:102C8000D5F898008007F6D510E020F00100C5F8CF
:102C90009800FFF72FFB064604E0FFF72BFB801B95
:102CA00002285BD8D5F898008007F6D4E069E8B32D
:102CB000A968C1F3810103295BD00228286820F0AC
:102CC0008070286003D0FFF715FB044649E0FFF74A
:102CD00011FB064604E0FFF70DFB801B02283DD8E0
:102CE00028688001F7D4F4E908016FF00F0202EBC5
:102CF00001110843218A5204490802EB4151A2689C
:102D000041EA02210843217D4FF07E42490802EB4F
:102D100041610843217B40EAC160E968314A1140C2
:102D20000843E860286840F0807000E052E02860C6
:102D3000E86840F08070E860FFF7DCFA044604E0E1
:102D4000FFF7D8FA001B022808D828688001F7D5B9
:102D500040E0FFF7CFFA001B022802D90320BDE8AC
:102D6000F88328688001F4D4E8681F490840E860C7
:102D700030E00128F3D0E868226A00F003019142B4
:102D800026D1616A00F0F0020901103991421FD189
:102D9000A26A00F4FE41B1EB022F19D194F82C2065
:102DA00000F07841B1EBC26F12D1218E00F4C00265
:102DB00049084905A1F50011914209D194F8341050
:102DC00000F0C06049084906A1F10071814201D0BC
:102DD0000120C4E70020C2E70010024000000020EC
:102DE000007000400C809F01FCFFEEFE70B50400F7
:102DF00009D0606A002540B125616561A56294F83B
:102E00005D0040B10CE0012070BD6068B0F5827FCC
:102E1000F4D0E561F2E784F85C50204600F05CF8FD
:102E2000022084F85D002068016821F04001016003
:102E3000E0684FF4E062904201D9002101E04FF4D4
:102E40008051B0F5706F02D0904200D0A562A0888A
:102E5000228900F4827002F404421043227C02F0C2
:102E600002021043227D02F001021043228B02F481
:102E700000721043227F02F03802104394F82020A1
:102E800002F080021043228D02F4005210432268A7
:102E90001060A069042202EA104094F8242001F492
:102EA000805102F01002104394F8342002F008021E
:102EB0001043A28902F470621043084321684860FD
:102EC0002068C16921F40061C1612566012084F890
:102ED0005D00002070BD000010B586B004461421CE
:102EE0006846FDF7CDF92168204C002220480223D6
:102EF000A14219D1016E41F480510166016E01F4C5
:102F000080510591C16C41F00201C164C06C6946F9
:102F100000F00200059038200090CDE90132052034
:102F2000CDE9032013481DE0134CA1421CD1816D53
:102F300041F400418165816D01F400410591C16C4E
:102F400041F00401C164C06C694600F004000590C2
:102F50004FF4A050CDE900030320CDE90220062064
:102F600004900648FFF7DCF806B010BD00300140C1
:102F70000010024000040048003C004000080048E7
:102F80002DE9F84F044690F85C0000261D46904657
:102F90008A4601280ED04FF0010984F85C90FFF7B3
:102FA000A9F9074694F85D004146B346012804D0CC
:102FB0000226A8E00220BDE8F88FBAF1000F78D011
:102FC000B8F1000F75D0032084F85D00C4F860B03C
:102FD000C4F838A0A4F83C80A4F83E80C4F840B0FF
:102FE000A4F844B0A4F846B0C4F850B0C4F84CB04B
:102FF000A068B0F5004F09D12068026822F04002B5
:1030000002602068026842F4804202602068026820
:10301000520603D4026842F040020260E068B0F554
:10302000E06F606824D908B101291BD1A06B216829
:103030000088C86006E020688168890709D5A16B0F
:103040000988C160A06B801CA063E08F401EE087F0
:1030500008E0FFF74FF9C01BA84202D3681C01D05B
:1030600004E01DB1E08F0028E5D138E0032648E0F8
:1030700008B1012930D1E08F0128A06B03D9216864
:103080000088C8600FE021680078087314E0E087CA
:1030900022E020688168890714D5E18F0129A16B9E
:1030A00008D90988C160A06B801CA063E08F801ED6
:1030B000EDE724E009780173A06B401CA063E08F6A
:1030C000401EE4E7FFF716F9C01BA84202D3681CB4
:1030D00002D0CBE7002DC9D0E08F0028D9D13A46E5
:1030E0002946204603F0FCFF08B120202066A06896
:1030F00018B92068C16880680090206E08B1012668
:1031000001E084F85D9084F85CB0304653E72DE927
:10311000FF5F044690F85C0001250E9E1F46934613
:103120004FF0000801280ED0AA4684F85CA0FFF7F3
:10313000E1F8814694F85D00616801280DD0B1F591
:10314000827F08D103E0022004B0BDE8F09FA168AF
:1031500009B9042801D0022002E10198002874D0A6
:10316000BBF1000FFBD0002FF9D094F85D000428CC
:1031700002D0052084F85D0000202066C4F840B02D
:10318000A4F84670A4F844700199A163E787A78763
:10319000E0642065E0684FF4E061884201D8012FC7
:1031A00004D92068426822F4805203E02068426813
:1031B00042F48052426020680268520603D40268DA
:1031C00042F040020260E0688842606846D908B177
:1031D000012F3BD1A06B21680088C860A06B801CC8
:1031E000A063E08F401EE08730E020688168890797
:1031F0000DD5E18F59B1012D09D1A16B0988C160AD
:10320000A06B801CA063E08F401EE0870025206833
:103210008168C9070ED0B4F8461059B1C068216C56
:103220000880206C801C2064B4F84600401EA4F87E
:1032300046000125FFF75EF8A0EB0900B04205D378
:10324000701C03D04FF003088CE088E0E08F00286A
:10325000CBD1B4F846000028C7D174E008B1012FE3
:103260006AD1E08F0128A06B08D921680088C86066
:10327000A06B801CA063E08F801E07E021680078AF
:103280000873A06B401CA063E08F401EE08753E0F2
:1032900020688168890718D5E18FB1B1012D14D15B
:1032A000E18F0129A16B07D90988C160A06B801C3F
:1032B000A063E08F801E06E009780173A06B401CBC
:1032C000A063E08F401EE087002520688168C90761
:1032D00027D0B4F8461021B3B4F84610012914D908
:1032E000C068216C0880206C801C2064B4F8460003
:1032F000801EA4F84600B4F84600012810D82068C3
:10330000416841F4805141600AE0007B216C087003
:10331000206C401C2064B4F84600401EA4F846000F
:103320000125FEF7E7FFA0EB0900B04202D3701CB5
:1033300002D087E7002E85D0E08F0028A8D1B4F80E
:1033400046000028A4D14A463146204603F0C8FE74
:1033500018B120204FF001082066206E10B1012026
:10336000804601E084F85DA0002084F85C004046BF
:10337000EAE610B5401EB0F1807F01D3012010BDF8
:103380004FF0E02460610F21601705F029FA00205A
:10339000A06107202061002010BD70477047704772
:1033A00030B590F83C20012A42D0012280F83C2020
:1033B000CA688B6822F440721A434B6822F4806218
:1033C0001A430B6822F400621A430B6922F48052FC
:1033D0001A434B6922F400521A430B6B22F48042C9
:1033E0001A430B8B22F4702242EA0342CB6922F08B
:1033F00080521A430F4D03680024AB4202D00E4D99
:10340000AB4210D10D8D22F4700242EA05520D6AD2
:1034100022F080722A434D6A22F000722A43C96A60
:1034200022F000520A435A6480F83C40002030BD2C
:10343000022030BD002C014000340140704770472D
:1034400070470000F0B590F83C20012A3AD00125E1
:1034500080F83C50022280F83D2003685A689C683E
:10346000194E1A4FB34201D0BB4204D122F4700C62
:103470004A6842EA0C02DFF858C002EA0C02D1F8AE
:1034800000C04CEA020CC3F804C00268B2420DD07E
:10349000B2F1804F0AD00F4B9A4207D00E4B9A429E
:1034A00004D0BA4202D00D4B9A4204D1896824F06C
:1034B00080031943916080F83D50002180F83C1052
:1034C0000846F0BD0220F0BD002C01400034014050
:1034D0008FFFFFFD00040040000800400040014055
:1034E000704710B5040003D094F83D0010B107E018
:1034F000012010BD002084F83C00204600F022F896
:10350000022084F83D00211D206804F02DFB0120DD
:1035100084F8480084F83E0084F83F0084F84000B6
:1035200084F8410084F8420084F8430084F84400A1
:1035300084F8450084F8460084F8470084F83D008C
:10354000002010BD08B50068194A1A4990420ED1F2
:10355000086E40F400600866086E002200F4006007
:10356000009011461920FEF72BFF19201CE0B0F146
:10357000804F0BD0104A904207D1886D40F0100068
:103580008865886D00F01000009008BD886D40F0DF
:1035900001008865886D002200F001000090022182
:1035A0001C20FEF70DFF1C20BDE80840FEF7FABE08
:1035B000002C0140001002400010004090F83D1027
:1035C000012901D001207047022180F83D100068D8
:1035D0000F4988420ED0B0F1804F0BD00D49884280
:1035E00008D00D49884205D00C49884202D00C49C8
:1035F000884207D181680B4A1140062906D0B1F5EF
:10360000803F03D0016841F0010101600020704754
:10361000002C01400004004000080040003401403C
:10362000004001400700010090F83D10012901D041
:1036300001207047022180F83D100168CA6842F0FD
:103640000102CA600068104988420ED0B0F1804F74
:103650000BD00E49884208D00D49884205D00D494B
:10366000884202D00C49884207D181680B4A114038
:10367000062906D0B1F5803F03D0016841F0010171
:103680000160002070470000002C01400004004051
:1036900000080040003401400040014007000100E4
:1036A00070B5044690F83C000025012814D001268E
:1036B00084F83C60022084F83D0020688268364B24
:1036C0001A4022F47F428260086870282ED010DCF5
:1036D00010F00F0F03D021E04FF0020070BD4FEA51
:1036E0002012072A1AD2DFE802F0525252524A3808
:1036F00040002A4BC21A984249D009DCB0F5805FDD
:103700000DD0B0F5005F1CD0B0F1101F06D13EE027
:10371000102A3CD0202A3AD0502A38D0012584F8EB
:103720003D60002084F83C00284670BDCB68D1E99C
:103730000121206804F083FA2068816841F0770154
:1037400009E0CB68D1E90121206804F078FA20680B
:10375000816841F480418160E1E7CA684968206876
:1037600004F018FC5021206806E0CA684968206807
:1037700004F021FC6021206804F06CFACFE7CA68ED
:103780004968206804F006FC40212068F4E72268BC
:1037900001461046F0E7000088FFCEFF2000100031
:1037A00070472DE9F04104460068C66805694FF08E
:1037B0000007A90713D5B10711D5F91E0161012032
:1037C0002077206880698007204602D0FFF7E8FF55
:1037D00004E000F0E1F8204600F0A3F9277768073D
:1037E00016D5700714D521686FF004000861022017
:1037F00020772068806910F4407F204602D0FFF7D0
:10380000CFFF04E000F0C8F8204600F08AF92777DF
:10381000280715D5300713D521686FF00800086117
:10382000042020772068C0698007204602D0FFF777
:10383000B7FF04E000F0B0F8204600F072F92777F7
:10384000E80616D5F00614D521686FF0100008615F
:10385000082020772068C06910F4407F204602D0FD
:10386000FFF79EFF04E000F097F8204600F059F9BA
:103870002777E80708D0F00706D021686FF001002D
:103880000861204600F0D2F9280601D4A80408D522
:10389000300606D521686FF4025008612046FFF714
:1038A0007DFDE80508D5300606D521686FF48070E7
:1038B00008612046FFF771FD680608D5700606D539
:1038C00021686FF040000861204600F0E5F9A80685
:1038D00008D5B00606D521686FF0200008612046A3
:1038E000FFF75DFDE80208D5F00206D521686FF408
:1038F000801008612046FFF7A2FDA80208D5B0029B
:1039000006D521686FF4001008612046FFF796FD88
:10391000680208D5700206D521686FF4800008613E
:103920002046FFF78DFD28020AD5300208D5216810
:103930006FF4000008612046BDE8F041FFF7D0BDFC
:10394000BDE8F08110B586B0044614216846FCF746
:1039500097FC0E492068884215D10D48C16C41F092
:103960000401C164C06C002100F0040005900F2028
:1039700000900220CDE901010321CDE90310694641
:103980000448FEF7CDFB06B010BD0000002C01403E
:103990000010024000080048704770B5044690F8D7
:1039A0003C0000260D4601280BD0012084F83C0085
:1039B0000C2A4AD007DC82B1042A20D0082A06D17A
:1039C00031E0022070BD102A53D0142A63D00126A2
:1039D000002084F83C00304670BD206804F044F9B3
:1039E0002068816941F0080181612068816921F0C6
:1039F00004018161206881692A69114311E020680E
:103A000004F080F92068816941F4006181612068D7
:103A1000816921F480618161206881692A6941EAB4
:103A200002218161D4E7206804F0B4F92068C169FB
:103A300041F00801C1612068C16921F00401C16140
:103A40002068C1692A69114311E0206804F0EAF98D
:103A50002068C16941F40061C1612068C16921F435
:103A60008061C1612068C1692A6941EA0221C1619E
:103A7000AEE7206804F01EFA2068016D41F00801ED
:103A800001652068016D21F0040101652068016D68
:103A90002A69114311E0206804F044FA2068016D9E
:103AA00041F4006101652068016D21F480610165C8
:103AB0002068016D2A6941EA0221016588E710B595
:103AC000040003D094F83D0010B107E0012010BDC0
:103AD000002084F83C00204600F022F8022084F800
:103AE0003D00211D206804F03FF8012084F84800C3
:103AF00084F83E0084F83F0084F8400084F84100D8
:103B000084F8420084F8430084F8440084F84500B7
:103B100084F8460084F8470084F83D00002010BD7A
:103B20007047704730B5044669B104290ED00829A2
:103B30000FD00C2910D0102911D094F8430001287F
:103B400010D0012030BD94F83E00F8E794F83F0013
:103B5000F5E794F84000F2E794F84100EFE794F8B5
:103B60004200ECE70220E9B3042942D0082943D0FF
:103B70000C2944D0102945D084F843000122206844
:103B800004F050F821492068214A224B884209D08C
:103B9000904207D0984205D01F4DA84202D01F4D39
:103BA000A84203D1456C45F400454564206888422D
:103BB0000CD0B0F1804F09D01949884206D019497C
:103BC000884203D0904201D0984207D18168164ABA
:103BD0001140062908D0B1F5803F05D0016841F0B9
:103BE000010100E002E00160002030BD84F83E00E9
:103BF000C4E784F83F00C1E784F84000BEE784F8DA
:103C00004100BBE784F84200B8E70000002C014007
:103C100000340140004001400044014000480140A0
:103C200000040040000800400700010010B51349DF
:103C3000044600680968884202D11148FDF718FB64
:103C4000104920680968884217D10F480188491C2B
:103C500001800E490888401C08800D490888401CD6
:103C600008800C490888401C088002F031FA01F0F5
:103C70002BF8BDE8104004F06DBD10BD68010020B8
:103C800034000020B4010020120000201C0000209D
:103C90002A0000202E000020704790F8841001298F
:103CA00018D0012180F884102421C0F88810016800
:103CB0000A680B6823F001030B6022F00051002218
:103CC0004266036819602021C0F8881080F88420BB
:103CD00010467047022070477047704770B5044621
:103CE00090F8840001281DD0012084F8840024204D
:103CF000C4F8880020680568026822F001020260AA
:103D00002068826822F060620A438260204604F0E4
:103D100021FA206805602020C4F88800002084F87B
:103D2000840070BD022070BD70B5044690F8840018
:103D300001281DD0012084F884002420C4F88800C4
:103D400020680568026822F001020260206882682B
:103D500022F060420A438260204604F0FBF92068AA
:103D600005602020C4F88800002084F8840070BD1D
:103D7000022070BD70477047704700002DE9F04188
:103D800003680446D86919689A6840F60F05284206
:103D90004FF000054FF002060AD187067ED501F0EC
:103DA000200702F0805C57EA0C0777D0616F42E190
:103DB000B64FDFF8DCC2174001EA0C0C57EA0C0CD6
:103DC0006CD05FEAC07C0CD05FEAC15C09D54FF0D3
:103DD000010CC3F820C0D4F8903043F00103C4F8BC
:103DE0009030830709D5D30707D023681E62D4F823
:103DF000903043F00403C4F8903043070AD5D3074A
:103E000008D0266804233362D4F8903043F00203CC
:103E1000C4F8903003070CD501F020033B4308D0D1
:103E2000266808233362D4F8903043F00803C4F8BE
:103E3000903003050BD54B0109D526684FF400637C
:103E40003362D4F8903043F02003C4F89030D4F8B3
:103E50009030002B3DD0800609D501F0200002F003
:103E60008051084303D0616F09B120468847D4F8D8
:103E7000900021688968490602D410F0280F2AD0E2
:103E8000204604F09BFA2068806840061ED5206812
:103E9000083050E8001F21F0400100E021E040E838
:103EA0000012002AF3D1D4F8800078B179498163F7
:103EB000D4F88000FDF7E3FF00280AD0D4F8800092
:103EC000816B00E02046BDE8F04108472046FFF73F
:103ED00053FFBDE8F0812046FFF74EFFC4F8905035
:103EE000F7E7D4F86CC02027BCF1010F7ED15FEA60
:103EF000C06C7BD55FEAC16C78D510201862206851
:103F00008068400651D5D4F880100A6850680004D3
:103F1000000C3ED0B4F85C3083423AD9A4F85E007D
:103F20000868006880062CD4206850E8001F21F43F
:103F3000807140E80012002AF6D12068083050E86D
:103F4000001F21F0010140E80012002AF5D120688D
:103F5000083050E8001F21F0400140E80012002A1C
:103F6000F5D1C4F88C70E566206850E8001F21F098
:103F7000100140E80012002AF6D1D4F88000FDF7C5
:103F800049FF2667B4F85C00B4F85E10401A81B2AD
:103F900007E0B4F85C1081429BD11068800698D588
:103FA00026672046FFF798FE93E7B4F85C00B4F864
:103FB0005E10401A81B2B4F85E00002889D0002952
:103FC00087D0206850E8002F22F4907240E8002348
:103FD000002BF6D12D4BDB432068083050E8002F32
:103FE0001A4040E8002CBCF1000F00E00EE0F3D1D5
:103FF000C4F88C70E5666567206850E8002F22F0F1
:10400000100240E80023002BF6D1C9E7C60209D50B
:10401000560207D54FF4801018622046BDE8F041E3
:10402000FFF7A9BE03060AD501F0800302F40002DF
:10403000134304D0A16F00297FF444AF49E742063F
:1040400011D54A060FD52046016851E8002F22F00D
:10405000400241E80023002BF6D1C0F88870856744
:1040600000F0FAF835E7020206D54A0004D52046EA
:10407000BDE8F041FFF77EBEC00195D5002993DA77
:104080002046BDE8F041FFF728BE00000100001007
:10409000200100040D83000810B5040003D0D4F8FB
:1040A000880010B107E0012010BD002084F88400D2
:1040B000204600F027F82420C4F888002068016812
:1040C00021F001010160A06A10B1204604F064F8FB
:1040D000204604F0B5F90128E6D02068416821F4B3
:1040E000904141602068816821F02A018160206848
:1040F000016841F0010101602046BDE8104004F074
:10410000AFB8000070B598B00646142111A8FCF7AE
:10411000B7F844216846FCF7B3F82649306888426E
:1041200045D101200025CDE900056846FEF7E0F9FC
:1041300008B1FCF74BFD2049086E40F4804008664A
:10414000086E00F480401690C86C40F00200C8640D
:10415000C86C11A900F002001690C0201190022036
:10416000CDE9120503201490072015901348FDF7A0
:10417000D7FF144C12482060192060601020C4E959
:1041800002058020C4E90405A561E5612046256299
:10419000FDF70EFF08B1FCF719FDF46700220321BB
:1041A0002520A662FEF70CF92520FEF7FBF818B0D3
:1041B00070BD0000003801400010024000040048BB
:1041C0001C0002404003002070B50446D0F888006F
:1041D000202801D0022070BD39B332B32165A4F884
:1041E0005420A4F856200021C4F890102120C4F8CF
:1041F0008800E06FD8B1154BC362E36F14481863B1
:10420000E36F14485863E06F134681632068E56FDD
:1042100000F128022846216DFDF72AFF38B1102051
:10422000C4F890002020C4F88800012070BD2168E7
:10423000402008622068083050E8001F41F08001EB
:1042400040E80012002AF5D1002070BD71830008FB
:10425000B3830008218300087047704710B5817848
:1042600090ED091A012290ED080AB6EE003A0023FB
:1042700041BB70EE410A8188491C60EE830A89B215
:104280008180C0ED050AF5EEC00AF1EE10FA03D206
:10429000F1EE600AC0ED050A42F6A004F1EE040A50
:1042A000A14238D30C1BC82C35D3C83C0A2C0AD2E7
:1042B000C0ED040AD0ED020AD0ED051A70EEA10A95
:1042C000C0ED020A38E0A1F52454723CDFED400A4B
:1042D000C82C20D3C83CF9EE041AC82C02D2C0ED79
:1042E000041A29E0A1F52C54023C0A2C0AD2C0ED94
:1042F000041AD0ED030AD0ED051A70EEA10AC0ED44
:10430000030A19E0A1F52C540C3C04D0A1F52C545F
:104310000D3C03D010E0C0ED040A0DE082708380F4
:10432000D0ED030AD0ED021AF4EEE10AF1EE10FA34
:1043300001DD427000E0437070EE010A60EE830A16
:10434000C0ED0A0AD0ED0B0A90ED0C1A30EE811A7E
:1043500021EE031A80ED0D1A80ED090AC0ED0C0A5A
:10436000D0ED101AC0ED111AD0ED140AC0ED150AE7
:10437000D0ED0E2A90ED0F0A32EEC00A20EE030AAD
:1043800080ED100A90ED122A90ED131A32EE411AC8
:1043900021EE031A80ED141AC0ED0F2A80ED132AC6
:1043A000017E59B1012908D131EEC00A80ED160A0B
:1043B00030EEC10A80ED170A037610BD30EE610AB7
:1043C00080ED160A31EE600A80ED170A027610BD04
:1043D00000000000FEE7000070B5444C04F1B0009E
:1043E00094ED220A054684ED2C0A94ED230A84ED0F
:1043F0002D0AFCF7C9FA04F1C80194EDDA0A081F86
:10440000FCF71EFA284602F027FD94ED330A04F566
:10441000287084EDB00A94ED340A84EDB30A94ED6B
:104420002F0A84EDB60A94ED300A84EDBA0AFFF73C
:1044300015FF94F8A20218B994EDAC0A84ED520A63
:1044400094F8A102012815D1002084F8A10294ED6E
:10445000D70ADFED270A274930EE200A10EE100AAE
:1044600084EDD70A884205DDDFED230A30EE600ACD
:1044700084EDD70A214994EDDA0A081FFCF7E0F928
:1044800094EDBF0A1D4884EDD40A94EDBE0A283885
:10449000B1EE400A84EDD50A02F082FC94EDB50A33
:1044A000174884ED450A94EDB20A84ED530A02F0F0
:1044B00032FC1348383002F02EFC94ED460A2846B0
:1044C00084ED3A0A94ED540AD4EDAF0A30EE200A96
:1044D00084ED390A00F082FB94ED250A284684ED2C
:1044E0003D0ABDE87040FCF7ADB80000B004002004
:1044F000DA0F4940DB0FC940DB0FC940200800201C
:10450000B405002070B5A44C2DED028B94ED250A66
:10451000DFEDA20A04F5067020EE200A84ED9B0A66
:1045200094ED840A84ED880A03F058FD94ED030AA3
:1045300004F5187084ED990A94ED060A84ED9A0A40
:1045400094ED2F0A84ED9C0A94ED300A84ED9D0AC7
:1045500094ED3B0A84EDA00A94ED3C0A84EDA10A97
:1045600002F04CFD94F8180284F8000394EDA30ABD
:1045700004F5407084EDC20A94EDA50A84EDC30AE7
:1045800002F00EFC04F54A7194EDC80A081FFCF70E
:1045900057F994F8A00200269FED818A012845D1A1
:1045A00094ED330A04F5287084EDB00A94ED340AD2
:1045B00084EDB30A94ED2F0A84EDB60A94ED300A27
:1045C00084EDBA0AFFF74AFE94F8A20218B994EDF6
:1045D000AC0A84ED520A94F8A102012812D184F8A1
:1045E000A16294EDD70ADFED6F0A6F4930EE200A21
:1045F00010EE100A84EDD70A884203DD30EE480A37
:1046000084EDD70A694994EDDA0A081FFCF718F916
:1046100094EDBF0A654884EDD40A94EDBE0A2838AB
:10462000B1EE400A84EDD50A02F0BAFB94EDE20A3D
:10463000C0EE080A9FED5E0A5C4D9035A5F11400AE
:1046400060EE800AC5ED000AD4EDDA0AC5ED020A73
:10465000D4EDD00A80EE881A21EE000A85ED030A17
:1046600094EDC80A85ED050A94ED8D0A84EDFE0AE5
:1046700000F08CF995ED080AF1EE0C0A80EE201A94
:1046800084ED831AB4F8E801401C80B2A4F8E80174
:1046900002280FD3A4F8E861D4ED8D0AA5F52370A4
:1046A000C4ED600A84ED610A02F035FB94ED620A04
:1046B00084ED440A94ED220A374884ED2C0A94EDE7
:1046C000230AB03084ED2D0A0646FCF75DF9324925
:1046D00095ED090AC831081FFCF7B2F8304602F020
:1046E000BBFB94ED330AD4ED370AF7EE001A94EDD4
:1046F000351A20EE200A71EEE00A01EE200A84ED60
:10470000350AD4ED340A94ED381A94ED362A60EE69
:10471000810A31EEC11A42EE010AC4ED360A94F85C
:10472000A002C8B194EDB50A84ED450A94EDB20A31
:10473000204884ED530A02F0EEFA1E48383002F0A9
:10474000EAFA94ED460A84ED3A0A94F8A0020128A8
:1047500005D094ED540A0BE0C4ED450AE8E794F85F
:10476000B80294ED540AD4EDAF0A88B130EE600A75
:10477000304684ED390A00F031FA94ED250A3046CE
:1047800084ED3D0ABDEC028BBDE87040FBF75ABFDB
:1047900030EE200AECE70000B004002036CD133FD5
:1047A000DB0FC940DA0F4940DB0FC9402008002069
:1047B00000007042B405002070B5694C69492DEDC8
:1047C000028BB4F8AA0000EE100AF8EE400AB6EE2A
:1047D000000A20EE800A10EE100A84ED840A884256
:1047E00008DC10EE100A6049884203D89FED5F0A8A
:1047F00084ED840A84ED880A5D4803F0EFFBB4F889
:10480000E801401C80B2A4F8E80100259FED598A18
:10481000022817D3A4F8E85194ED8D0A84ED600ABC
:10482000D4EDE20A80EE880ADFED530A5048A4383E
:1048300020EE200A84ED610A02F06DFA94ED620A1E
:1048400084ED440A94ED220A454884ED2C0A94ED47
:10485000230AB03084ED2D0A0646FCF795F840494E
:1048600094EDDA0AC831081FFBF7EAFF304602F080
:10487000F3FA94ED330A3E4884EDB00A94ED340A1D
:10488000883084EDB30A94ED2F0A84EDB60A94EDD6
:10489000300A84EDBA0AFFF7E1FC94F8A20218B9D5
:1048A00094EDAC0A84ED520A94F8A102012812D1C9
:1048B00084F8A15294EDD70ADFED300A304930EE8A
:1048C000200A10EE100A84EDD70A884203DD30EE8C
:1048D000480A84EDD70A2B4994EDDA0A081FFBF742
:1048E000AFFF94EDBF0A274884EDD40A94EDBE0AC9
:1048F0002838B1EE400A84EDD50A02F051FA94ED61
:10490000B50A214884ED450A94EDB20A84ED530AB4
:1049100002F001FA1C48383002F0FDF994ED460A25
:1049200084ED3A0A94F8B80294ED540AD4EDAF0A33
:10493000012811D030EE600A304684ED390A00F0CB
:104940004DF994ED250A304684ED3D0ABDEC028B0D
:10495000BDE87040FBF776BE30EE200AECE70000C1
:10496000B00400200000A0400000A0C00000000033
:10497000C8060020DB0FC94000007042DA0F494032
:10498000DB0FC94020080020B405002070B5D0ED31
:10499000053A0446B7EE004AF0EEE31AC0ED061AF7
:1049A00090ED083AB0EEC30A80ED090AD0ED030A93
:1049B000B0EEE01A80ED041AD0ED072A90ED0A2A35
:1049C00072EEC20AC0ED0B0A10EE900AB0F17C5FE5
:1049D00001DD70EEC40A10EE900AC4ED0B0AB0F1CE
:1049E0003F4F01D970EE840A764A10EE901AC4ED5A
:1049F0000B0AB4F93000914201DC401C00E0401E7B
:104A000000B22086D4ED000A01219FED6F4AF4EE3A
:104A1000E01A0026F1EE10FA6C4D04D9B4EEE01A5B
:104A2000F1EE10FA0CD885F8A01294ED050A84ED89
:104A30000D0A94ED070A84ED0E0A84F8406039E00F
:104A4000B4EEE01AF1EE10FA06DDD4ED024AB4EE4F
:104A5000E41AF1EE10FA15D3F4EEE01AF1EE10FAC2
:104A60003FDD94ED021AF4EEC11AF1EE10FA38D2DD
:104A7000B4EEE00AF1EE10FA33DDB4EEC10AF1EE65
:104A800010FA2ED294F8401071B19FED510A6428AB
:104A90001CDBC4ED0D3AC4ED0E2AD5EDAF0A30EEA5
:104AA000C00A85EDAF0A78E0642808DB84ED0D3A92
:104AB00084ED0E2A95EDAF0A30EE440AF1E71E2888
:104AC0006BDCC4ED0D3AC4ED0E2A66E01E2864DCF2
:104AD00084ED0D3A84ED0E2AD5EDAF0A30EE800A52
:104AE000DFE7D4ED020A94ED011AB0EE082AF0EEE9
:104AF000601A41EE021AF4EEC01AF1EE10FA02D278
:104B000085F8A0623EE0F0EE041A41EE210AF4EED0
:104B1000C00AF1EE10FA31DD85F8A012D4ED0D0ACD
:104B200094ED121AB0EEE00AB0EEC11A30EE410A6E
:104B300084ED110AB5EEC00AC4ED120AF1EE10FAC6
:104B400009D2F0EEC00A10EE900A2249884202DD36
:104B500094ED130A0FE0B5EEC00AF1EE10FA11DD84
:104B6000B0EEC00A10EE100A1B4988420ADA95ED31
:104B7000AF0A30EE440A85EDAF0A03E095F8A002D3
:104B800085F8A00294ED080A022084ED0D0A94ED48
:104B90000A0A84ED0E0A84F8400094ED131AD4ED4D
:104BA000140A95EDAF0A02F08AFB85EDAF0AB4F95D
:104BB0003000782802DD7920208670BD0028FCDCDA
:104BC000268670BDCDCC4C3D17B75139B0040020BE
:104BD0000AD7A33C0000604200006041D0ED0D0AFE
:104BE000D0ED061A90ED0E1A90ED050A20EEA12ADE
:104BF00001EE402A21EE211A00EE801A80ED0F2AE4
:104C000080ED101A70470000F0B50020214D0226FB
:104C10000127AB1C044603EB80014A7822B1012A2C
:104C200008D0022A31D12BE013F820200ABB4C8097
:104C30004F702AE013F8202032B14988322924D855
:104C4000A8B1012816D020E04A88521C92B24A80AE
:104C5000322A1AD310B1012803D016E02E705E70EC
:104C600013E0042129700B49891C4E710DE02F704F
:104C70005C700AE0032129700649891C4C7104E02C
:104C800013F82020012A00D14C70401CC0B2022829
:104C9000C1D3F0BD1E00002010B54FF400710748CD
:104CA000FDF716FB064C4FF4805120700548FDF7C8
:104CB0000FFB2071BDE81040FFF7A6BF00080048B9
:104CC000200000200004004810B5094C20880A2864
:104CD00005D014280AD1FFF7DFFF0A2005E060881D
:104CE000642803D3002060801420208010BD0000C1
:104CF000280000202DE9F04106461D4617460C46C7
:104D00002A2001F0C9F8304601F0BCF8384601F01D
:104D1000B9F82B2001F0C0F81834A0B201F0B2F8B5
:104D20001835A8B201F0AEF8BDE8F0412C2001F032
:104D3000B3B808B500205023A0220146009000F02F
:104D400077FB08BD08B500F0BDFB0A480090422380
:104D50003D2207212F2001F04EF840F2DC50FDF7F4
:104D6000CDF900205023A0220146009000F060FB06
:104D700008BD0000DEC800082DE9FE43EC4F00240A
:104D80001025B8784FF6FF76401CC0B2B8700128E5
:104D90007ED14FF47840CDE900053346E5A20021ED
:104DA0000294402000F040FD48F21F48CDE9004544
:104DB0004346E2A200216020029401F046F8CDE9CA
:104DC00000454346DEA200219820029401F03DF800
:104DD0004FF6E070CDE900050023DAA2102102941D
:104DE000402000F021FDCDE900454346D3A210212B
:104DF0006020029401F029F8CDE900454346D3A292
:104E000010219820029401F020F847F67C50CDE95B
:104E100000053346CEA220210294402000F004FD7C
:104E2000CDE900454346C5A220216020029401F04F
:104E30000CF8CDE900454346C7A2202198200294F2
:104E400001F003F84FF4FC60CDE900050023C3A294
:104E500030210294402000F0E7FCCDE900454346B4
:104E6000B6A230216020029400F0EFFFCDE90045AA
:104E70004346B9A230219820029400F0E6FF0023B7
:104E80003C2219461846009600F078FA1F2300E0ED
:104E900053E03C2200211046009600F06FFA0022F9
:104EA0001E2311461046009600F068FA1E233C228D
:104EB00019460020009600F061FA01233B221946B2
:104EC0001846009600F05AFA3B221E230121104694
:104ED000009600F053FA01221D2311461046009659
:104EE00000F04CFA1D233B2219460120009600F0E9
:104EF00045FA0721CDE9004533469AA208460294B7
:104F000000F0A3FFCDE90045334698A220210420FC
:104F1000029400F09AFFCDE90045334694A2302177
:104F20000420029400F091FFCDE90045334691A2A0
:104F300040210420029400F088FFB878022873D33F
:104F40000220B8704FF6F347DFF830820097CDE9C2
:104F5000014598ED030ADFED8A0A0423202120EEA3
:104F6000200ABCEEC00A10EE100A82B21A2000F02D
:104F700003FF0097CDE9014598ED040ADFED810AB2
:104F80000423302120EE200ABCEEC00A10EE100AE5
:104F900082B21A2000F0F0FECDE9004598ED250A16
:104FA0003B4604220021702000F096FE98ED340A62
:104FB000CDE900453B46B5EEC00A0294F1EE10FA89
:104FC0000BD271A21021682000F03FFFCDE900450F
:104FD00098ED340AB1EE400A08E06CA21021682076
:104FE00000F033FFCDE9004598ED340A3B4604223A
:104FF0001021702000F070FE98ED830ACDE9004585
:105000003B46B5EEC00A0294F1EE10FA0DD25EA254
:105010002021682000F019FF0097CDE9014598EDA7
:10502000830AB1EE400A0AE054E058A22021682029
:1050300000F00BFF0097CDE9014598ED830A0523A9
:105040002021BCEEC00A10EE100A82B2702000F0DF
:1050500093FED8F85802CDE9004500283B4602945B
:105060000BDA49A23021682000F0EFFE98ED960A95
:10507000F8EEC00A9FED461A0AE044A230216820EB
:1050800000F0E3FE98ED960AF8EEC00A9FED411A93
:105090003B46042280EE810A30217020CDE9004594
:1050A00000F01AFE98F80000B0B103281ED00428C2
:1050B00020D005280ED198F80200072834D00B28FC
:1050C00008D1002334A20096CDE9015440210846BE
:1050D00000F0AAFBBDE8FE830096CDE90154402113
:1050E000002331A2084600F0B0FEF3E7002331A20E
:1050F0000096E9E798F80200012809D002280BD0B1
:1051000003280DD00428E5D100232EA20096DBE76A
:10511000002330A20096D7E7002332A20096D3E7FF
:10512000002334A20096CFE7002336A20096CBE7F7
:1051300016000020B5E7D1B9000000003A000000D9
:1051400056000000B5E7C1F7000000004100000074
:10515000CBD9B6C80000000052000000CEBBD6C3B9
:1051600000000000485320464F43000052533A00CD
:105170004C443A005354415455533A00B004002073
:1051800000007A44002474492D0000002000000033
:1051900000FC7FC600FC7F46B8DFC6B5D7A2C8EBCF
:1051A000BBACC4A4000000004144435F43414C49F0
:1051B00042000000B5E7BBFAB2CECAFDB1E6CAB6FE
:1051C00000000000D3D0B8D0CEBBD6C3B1D5BBB79A
:1051D00000000000D3D0B8D0B5E7C1F7BFAABBB775
:1051E00000000000D3D0B8D0B5E7C1F7B1D5BBB748
:1051F00000000000D3D0B8D0CBD9B6C8B1D5BBB76A
:1052000000000000CEDEB8D0C7BFCDCFBBACC4A479
:10521000000000002DE9FE433D4E00241025F078EB
:105220004FF6FF77401CC0B2F070012852D1CDE993
:1052300000453B4637A208210620029400F0F4FA0C
:10524000CDE900453B4634A218210620029400F027
:10525000EBFACDE900453B4630A228210620029416
:1052600000F0E2FACDE900453B462DA238210620A8
:10527000029400F0D9FA4FF6F348CDE900454346D1
:1052800028A200214020029400F0CEFACDE900458A
:10529000434628A210214020029400F0C5FACDE92F
:1052A0000045434627A220214020029400F0BCFA8A
:1052B000CDE90045434627A230214020029400F06A
:1052C000B3FA4021CDE90045434626A208460294A0
:1052D00000F0AAFAB078022817D30220B070CDE906
:1052E0000045029496F900003B4681B221A21E209F
:1052F00000F0ABFDCDE90045029496F901003B4674
:1053000081B21DA21E2000F0A0FDBDE8FE830000BA
:1053100016000020C4A30000CABD0000C7D00000D2
:10532000BBBB0000D3D0B8D0B5E7C1F7B1D5BBB790
:1053300000000000D3D0B8D0CBD9B6C8B1D5BBB728
:1053400000000000D3D0B8D0CEBBD6C3B1D5BBB718
:1053500000000000CEDEB8D0C7BFCDCFBBACC4A428
:1053600000000000B8DFC6B5D7A2C8EBBBACC4A430
:10537000000000002D2D3E00202020002DE9FE4FD2
:105380000026A2EB000882465F1A701E3546894649
:10539000B8F1000F02DD4FF0010102E003D14FF040
:1053A0000001019102E0C8F100080190002F02DD28
:1053B0004FF0010002E003D14FF00000009002E046
:1053C000C7F1000700904046B84501DD044600E003
:1053D0003C46601C4FF0000B029016E01FFA89F16A
:1053E0001FFA8AF00C9A00F015F846443D44A64294
:1053F00002DD0199361B8A44A54202DD00992D1B6E
:1054000089440BF101001FFA80FB02998B45E5DB13
:10541000BDE8FE8F10B514460B460246FFF76AFC46
:10542000200A00F053F9E0B2BDE8104000F04EB998
:105430002DE9F047804608981F464FEA102A00F0F1
:10544000FF09581E83B21646501E82B20D464046D2
:10545000FFF750FC0DE0444607E0504600F030FDF9
:10546000484600F02DFD641CA4B2B442F5D36D1C77
:10547000ADB2BD42EFD3BDE8F04700F001B8000087
:1054800070B50D4C2088002815D04FF400454FF022
:105490009046002229463046FCF727FF0A2322883F
:1054A00006490748FDF76CFD012229463046FCF706
:1054B0001CFF0020208070BD14000020A0030020ED
:1054C0000401002038B5804D4FF4006400222146CD
:1054D0002846FCF70AFF6420FCF710FE0122214653
:1054E0002846FCF702FFC820FCF708FE112000F058
:1054F000D3FC7820FCF702FE202000F0CDFCB12088
:1055000000F0CAFC052000F0E1F83C2000F0DEF8D5
:105510003C2000F0DBF8B22000F0BEFC052000F0DB
:10552000D5F83C2000F0D2F83C2000F0CFF8B320B2
:1055300000F0B2FC052000F0C9F83C2000F0C6F8ED
:105540003C2000F0C3F8052000F0C0F83C2000F03B
:10555000BDF83C2000F0BAF8B42000F09DFC032018
:1055600000F0B4F8C02000F097FCAB2000F0AEF8DB
:105570000B2000F0ABF8042000F0A8F8C12000F0E8
:105580008BFCC52000F0A2F8C22000F085FC0D20A5
:1055900000F09CF8002000F099F8C32000F07CFC9B
:1055A0008D2000F093F86A2000F090F8C42000F0FD
:1055B00073FC8D2000F08AF8EE2000F087F8C520FB
:1055C00000F06AFC0F2000F081F8E02000F064FC9D
:1055D000072000F07BF80E2000F078F8082000F09B
:1055E00075F8072000F072F8102000F06FF807201F
:1055F00000F06CF8022000F069F8072000F066F86F
:10560000092000F063F80F2000F060F8252000F07A
:105610005DF8362000F05AF8002000F057F8082016
:1056200000F054F8042000F051F8102000F04EF87B
:10563000E12000F031FC0A2000F048F80D2000F0D5
:1056400045F8082000F042F8072000F03FF80F204E
:1056500000F03CF8072000F039F8022000F036F89E
:10566000072000F033F8092000F030F80F2000F098
:105670002DF8252000F02AF8352000F027F800202A
:1056800000F024F8092000F021F8042000F01EF8B2
:10569000102000F01BF83A2000F0FEFB052000F07F
:1056A00015F8362000F0F8FBA82000F00FF80020D5
:1056B0005023A02201460090FFF7BAFEBDE8384013
:1056C000292000F0E9BB00000008004831B54FF484
:1056D00000444FF09045002221462846FCF705FE85
:1056E00001231A4669460448FDF74AFC0122214677
:1056F0002846FCF7FAFD38BD040100202DE9FF4FD4
:1057000083B00746DDF8449000904FEA590A4FF005
:1057100000085FEA4A7000D0012000EBDA0000FBCD
:1057200009F00499019001EB0900401E83B2203A70
:1057300007EB0A0002F0FF0B401E82B23846FFF76B
:10574000D9FA002559E0B9F10C0F28D0B9F1100FA2
:105750002BD0B9F1180F2CD0B9F1200F58D12E4908
:1057600001EB8B100024465D129800284FF00100D9
:1057700000FA04F000EA060021D020B13846069A6B
:105780000499FFF747FE7F1C0098BFB2391A5145B4
:105790002DD10498009F401C80B204902BE01F493B
:1057A0000BEB4B0001EB8000DCE71D4901EB0B101C
:1057B000D8E71C490BEB4B0001EB0010D2E728B1F6
:1057C0000698000A00F07CFB069804E01098000A96
:1057D00000F076FB1098C0B200F072FB08F10100F7
:1057E000C0B2B0FBFAF280460AFB128068B1641CBA
:1057F000E4B2082CB8D36D1CADB201988542A2D397
:1058000007B0BDE8F04FFFF73BBE4FF00008F2E7EE
:1058100007B0BDE8F08F000058A5000824890008F3
:10582000988D0008889300082DE9FE4F9946DDE920
:105830000D4517468A4680460C9E15E00C2C18D064
:10584000102C20D0182C28D0202C10D100964B469C
:105850003A4651464046CDE9014500F0B9F908EB1A
:1058600004001FFA80F8BF1C38780028E6D1BDE894
:10587000FE8F00964B463A4651464046CDE90145DB
:1058800000F016F8EBE700964B463A465146404684
:10589000CDE9014500F092F8E1E700964B463A4623
:1058A00051464046CDE9014500F00CF9D7E700002C
:1058B0002DE9FF4F85B00546139F002600908B46CB
:1058C000780700D0012000EBD70078430290162023
:1058D00003900020824600EB800101EBCA003649AC
:1058E000079A11F810301278934258D101EB40001A
:1058F0000190417807984078814250D10BEB070026
:10590000401E83B2E819401E82B259462846FFF76E
:10591000F1F900203DE00198002400EB08091498FB
:1059200099F8021000284FF0010000FA04F001EA93
:10593000000111D021B159462846089AFFF76AFDA7
:105940006D1C0098ADB2281AB8421BD10BF10100B2
:105950001FFA80FB009D19E029B10898000A00F0A9
:10596000AFFA089804E01298000A00F0A9FA129819
:10597000C0B200F0A5FA761CF6B2B6FBF7F007FB52
:105980001060B0B1641CE4B2082CC8D308F1010067
:10599000C0B2029980468842BDD3FFF771FD0AF17B
:1059A000010080B203998246884294D309B0BDE8D1
:1059B000F08F0026EAE7000018BD00082DE9FF4F30
:1059C00085B00546139F002600908B46780700D0CF
:1059D000012000EBD700784302902C204FF0000A02
:1059E00003903749079A0AEB0A1011F81030127821
:1059F000934258D101EB40000190417807984078DC
:105A0000814250D10BEB0700401E83B2E819401EC3
:105A100082B259462846FFF76DF900203DE0019813
:105A2000002400EB0809149899F8021000284FF0A0
:105A3000010000FA04F001EA000111D021B1594639
:105A40002846089AFFF7E6FC6D1C0098ADB2281AAC
:105A5000B8421BD10BF101001FFA80FB009D19E039
:105A600029B10898000A00F02BFA089804E012986F
:105A7000000A00F025FA1298C0B200F021FA761C54
:105A8000F6B2B6FBF7F007FB1060B0B1641CE4B2ED
:105A9000082CC8D308F10100C0B2029980468842A0
:105AA000BDD3FFF7EDFC0AF1010003991FFA80FA5C
:105AB0008A4596D309B0BDE8F08F0026EAE70000DA
:105AC00054BF00082DE9FF4F85B00546139F0026FF
:105AD00000908B46780700D0012000EBD700784378
:105AE0000290042003900020824600EB800101EB2D
:105AF0004A103649079A11F810301278934258D15B
:105B000001EB40000190417807984078814250D1E4
:105B10000BEB0700401E83B2E819401E82B25946C3
:105B20002846FFF7E7F800203DE00198002400EB4D
:105B30000809149899F8021000284FF0010000FAA3
:105B400004F001EA000111D021B159462846089A13
:105B5000FFF760FC6D1C0098ADB2281AB8421BD14B
:105B60000BF101001FFA80FB009D19E029B1089894
:105B7000000A00F0A5F9089804E01298000A00F065
:105B80009FF91298C0B200F09BF9761CF6B2B6FBF2
:105B9000F7F007FB1060B0B1641CE4B2082CC8D366
:105BA00008F10100C0B2029980468842BDD3FFF7D8
:105BB00067FC0AF1010080B203998246884294D3BF
:105BC00009B0BDE8F08F0026EAE700002CC5000808
:105BD0002DE9FF4F85B00546139F002600908B46A8
:105BE000780700D0012000EBD70078430290052011
:105BF0004FF0000A03903749079A0AEB8A1011F810
:105C000010301278934258D101EB40000190417856
:105C100007984078814250D10BEB0700401E83B2B9
:105C2000E819401E82B259462846FFF763F8002063
:105C30003DE00198002400EB0809149899F802103F
:105C400000284FF0010000FA04F001EA000111D031
:105C500021B159462846089AFFF7DCFB6D1C0098D5
:105C6000ADB2281AB8421BD10BF101001FFA80FB1C
:105C7000009D19E029B10898000A00F021F9089860
:105C800004E01298000A00F01BF91298C0B200F06C
:105C900017F9761CF6B2B6FBF7F007FB1060B0B14F
:105CA000641CE4B2082CC8D308F10100C0B2029908
:105CB00080468842BDD3FFF7E3FB0AF10100039958
:105CC0001FFA80FA8A4596D309B0BDE8F08F002606
:105CD000EAE7000054C600082DE9FF4F80462DED8D
:105CE000020B83B0DFED230ADDE912A720EE200AC4
:105CF0007E0815460024BCEEC00A10EE100A1FFAFA
:105D000080FB31E0281B401EC1B20A2002F0E2FDF8
:105D1000BBFBF0F00A21B0FBF1F201FB1209A81E57
:105D2000844210D10021CDF800A0CDE9017100FB23
:105D3000068080B22E22089B0699FFF7DFFC641CC8
:105D40006D1CE4B2EDB20021CDF800A009F13000E5
:105D5000CDE90171C2B204FB068080B2089B0699AE
:105D6000FFF7CCFC641CE4B2AC42CBD309B0BDE875
:105D7000F08F00000000C8422DE9FF4F83B00027DC
:105D8000DDE911A81D4681464FEA58063C46BB4650
:105D90002CE0281B401EC1B20A2002F09BFD059991
:105DA000B1FBF0F00A21B0FBF1F201FB120027B9C0
:105DB000691E8C4201DA58B101273030C2B2CDE9F8
:105DC00000A804FB069080B2CDF808B0109B08E054
:105DD000CDE900A804FB0690109B80B2CDF808B076
:105DE00020220499FFF78AFC641CE4B2AC42D0D3B1
:105DF00007B0BDE8F08F2DE9F0479846914601EBDA
:105E00000802521E93B200EB0902521E002492B205
:105E1000089FFEF76FFF002611E000250BE017F842
:105E2000140000F04DF807EB4400407800F048F80B
:105E30006D1CADB2641C4545F1D3761CB6B24E451F
:105E4000EBD3BDE8F047FFF71BBB2DE9FE4F9946AA
:105E5000DDE90D6714468A460546DDF830800CE022
:105E6000CDF800804B4651462846CDE90167FFF743
:105E700045FC05EB560085B2641C2278002AEFD160
:105E8000BDE8FE8F10B50446000AFFF71FFCE0B224
:105E9000BDE81040FFF71ABC70B5084C054600225B
:105EA00004212046FCF721FA2846FFF70FFC204684
:105EB000BDE8704001220421FCF717BA000C00482D
:105EC00070B5064C05462188FF2901D9FFF7D8FA9D
:105ED000034821884554491C218070BD14000020CE
:105EE000A003002000EB8100006E00F0F840704736
:105EF00000EB8100006E00F0F84070478068C0F34E
:105F0000C00070478068C0F3C00070478068C0F36D
:105F1000000070478068C0F3000070478068C0F3DD
:105F2000800070478068C0F380007047C06810F43C
:105F3000406F01D00020704701207047042303EA1E
:105F4000D15310B518444369C1F3045107248C4060
:105F5000A3438A401343436110BD042303EAD15392
:105F600010B518444369C1F3045107248C40A3437E
:105F70008A401343436110BD00EB8100016E21F0A4
:105F8000004111430166704700EB8100016E21F072
:105F900000411143016670472DE9F047444D2888C0
:105FA00000240A2815D00A27DFF80881142819D000
:105FB0001E2815D1FFF72EF998F800003E493F4EF4
:105FC00001282AD0032833D0DFF8F49002283BD0F0
:105FD00041E06888B0F57A7F02D36C801420288075
:105FE000BDE8F087FEF7C8FE2F8098F8000004286F
:105FF00007D1344888F800400470FEF79AFE1E204E
:10600000288098F800000228EAD12F4888F800403C
:106010000178494201702F80E2E730780870103033
:1060200040B288F8004030704028D9DD3470D7E79E
:1060300030780870103840B288F80040307000287E
:10604000CEDA40203070CBE788F8004089F8004075
:10605000FEF76FFE2F8098F800100429C0D188F851
:10606000004089F80040FEF764FE2F8096F900009A
:1060700004221649202815D006DC80B11028AFD1A3
:106080000A7003208870ABE7052230280DD0402825
:10609000A6D10A700B20887081F8A242A0E70A708E
:1060A0000220EFE70A708A709AE70A700720E9E792
:1060B0001A0000201E0000201700002016000020FB
:1060C000180000201900002030000020B00400203B
:1060D00010B50B4C20880A2808D014280ED14FF494
:1060E00000410848FCF7F9F80A2006E06088B0F59E
:1060F0007A7F03D3002060801420208010BD000030
:10610000100000200008004870B598B020210FA8AA
:10611000FAF7B6F83C216846FAF7B2F83948384938
:10612000002401604FF44031C0E901140425856169
:106130000121C460C0E9044104774177032202626F
:1061400080F82440C462046380F83810C46380F887
:106150004040FBF76BFC08B172B6FEE72A480F908F
:106160000620109005207F26CDE91106CDE91354B5
:106170000FA92448FBF712F908B172B6FEE72348CD
:106180000F900C2010900FA91E48FBF707F908B1DB
:1061900072B6FEE71E480F90122010900FA9194802
:1061A000FBF7FCF808B172B6FEE71A48009001A9A7
:1061B000092081E85100CDE9045402208DF82440E3
:1061C00008908DF825408DF826400A940B948DF8A0
:1061D000304069460B48FAF799FD08B172B6FEE700
:1061E0000D48009040F20F10019069460548FAF7FB
:1061F0008DFD002801D072B6FEE718B070BD00001A
:1062000000010050340000200008302E00106032E1
:106210000080F03E0800900C000052472DE9F04F3E
:1062200087B014216846FAF72BF84E48C16C41F04C
:106230000401C164C16C01F004010591C16C41F01D
:106240002001C164C16C01F020010591C16C41F0D5
:106250000101C164C16C01F001010591C16C41F003
:106260000201C164C16C01F002010591C16C41F0F1
:106270000801C164C06CDFF8F0A000F008004FF422
:1062800060440590012221465046FCF72EF84FF05D
:106290009049002207214846FCF727F800220121F7
:1062A0003248FCF722F80122D1034846FCF71DF8DA
:1062B0004FF40068002241465046FCF716F8DFF81C
:1062C000B0B0002204215846FCF70FF80122570213
:1062D00039462648FCF709F8009401240025CDE949
:1062E0000145694650460395FBF71AFF48F207003F
:1062F00003268DE8710069464846FBF711FF01AAA5
:10630000009482E8700069461848FBF709FF2003F3
:10631000CDE90005694602941448FBF701FF009798
:10632000CDE9015469465046FBF7FAFE01AACDF8C3
:10633000008082E8700069465046FBF7F1FE0420B9
:106340008DE8710069465846FBF7EAFE0220CDE968
:106350000240CDE9007469460448FBF7E1FE07B04E
:10636000BDE8F08F0010024000080048000400481B
:10637000000C0048114810B50F4901604FF48271BC
:10638000416000214FF4E062C0E902120222026182
:1063900001224261520282611822C0E907210722CC
:1063A0004162C0E90A1201634163FCF71FFD002846
:1063B00001D072B6FEE710BD00300140A000002001
:1063C000124810B5104901604FF4827141604FF4DA
:1063D000004181604FF4E061C16000214FF4007220
:1063E0000161C0E905120822C0E9072107234162C3
:1063F000C0E90A13C0E90C12FCF7F8FC002801D030
:1064000072B6FEE710BD0000003C00400401002011
:1064100010B59CB0002419941A94179418941494ED
:1064200015941C2168461694F9F72AFF342107A811
:10643000F9F726FF39483849C0E900142021816066
:1064400041F29A01C0E90314012141618021816177
:10645000FDF747F808B172B6FEE74FF48050179089
:1064600017A92E48FDF71CF908B172B6FEE72B48B4
:10647000FDF725FB08B172B6FEE71494159414A934
:1064800026481694FCF7DEFF08B172B6FEE77020CE
:10649000CDE9000402940394049405940022694613
:1064A0001E480694FDF779FA08B172B6FEE7042299
:1064B00069461A48FDF771FA08B172B6FEE708227C
:1064C00069461648FDF769FA08B172B6FEE70C2274
:1064D00069461248FDF761FA08B172B6FEE7079403
:1064E000089409944FF400500A94CDE90B400D94A0
:1064F00000030E94CDE90F401194129407A90748A8
:106500001394FCF74DFF08B172B6FEE70348FDF7A0
:1065100019FA1CB010BD0000002C014068010020D9
:1065200010B588B000241748009401940294039495
:10653000049405944FF0804106940160A921C0E9BC
:1065400001146321C0E9031480218161FCF7C9FFB4
:1065500008B172B6FEE74FF48050009069460948D2
:10656000FDF79EF808B172B6FEE7049404A9054849
:106570000694FCF767FF002801D072B6FEE708B06A
:1065800010BD0000B4010020164810B51449016088
:1065900015494160002181600C22C160C0E90412EC
:1065A0008161C161016241628162FDF775FD08B1DF
:1065B00072B6FEE700210B48FDF7B6FB08B172B6D4
:1065C000FEE700210748FDF789FB08B172B6FEE738
:1065D0000448FDF762FB002801D072B6FEE710BD4B
:1065E000003801404C02002080841E00FEE70000BD
:1065F0002DE9F041B44D2A799FEDB44A2C4602268C
:1066000094ED220A6179DFEDB23A94ED0E1AB7EEFD
:10661000003ADFEDB00A01230020B03422B1012A94
:106620007ED0022A7DD1EEE0A74AB7EE085A4FF499
:106630007A6792ED252AD2ED091A41F2040251B18E
:1066400001290FD002291FD0032936D0042943D0B5
:10665000052958D06CE0C5ED3A0AC5ED390A288104
:1066600068816B71D5ED392A60EE224A64EE855A55
:10667000C5EE824ADFED985A61EEA55AF4EEE45A6F
:10668000F1EE10FA57D86E716989491C89B2698197
:10669000B94205D9D5ED0A2A72EE802AC5ED0A2A3B
:1066A000914245D3D5ED0A2A032162EE842AC5ED35
:1066B0000B2A6881C5ED0A0A6971D5ED392A60EEA9
:1066C000224A24EE855AC5EE024AF4EEE41AF1EEAF
:1066D00010FA37D8042169716989491C89B2698126
:1066E000B94225D9D5ED0A1A914231EE800A85EDDD
:1066F0000A0A1DD320EE040A052185ED0C0A6881E3
:10670000C5ED0A0A697195ED0D0AD5ED0B1A31EE4A
:10671000400A95ED0C1A31EE611AC0EE011A01E043
:1067200017E0C8E0C5ED031AC5ED390A68712B7191
:10673000C5ED310A64E032EEA30A85ED390A85ED34
:106740000D0AF5E732EEA30A85ED390A85ED0E0A4A
:10675000EEE72A4621B1012911D002293FD04DE0B0
:1067600010EE101A5D4FC2ED3A0AC2ED390AB94275
:1067700044D810EE101A5A4FB9423FDC537182EDE3
:10678000391A5189491C89B2518192ED0C1ADFEDF9
:10679000551A21EE211AB4EEC10AF1EE10FA2DDBE2
:1067A00092ED081A92ED030ADFED4F1A20EE210A4E
:1067B000DFED4E1A60EE211A00EE101AB8EE400A14
:1067C00001EE801A82ED081A50811189491C89B2A4
:1067D00011815071C2ED390A64290FD3567192EDBF
:1067E000080A20EE040A82ED040A82ED060A82ED10
:1067F000050A5071C2ED080A50811671C2ED310AC6
:1068000085ED323A54E03049B5F84C20096C12B1AC
:10681000012A16D04CE095ED390A30EE230A85EDB9
:10682000390AB4EEC10AC5ED3A0AF1EE10FA85ED67
:10683000313AC5ED320A3BDBC5ED390AA5F84C30DB
:10684000A96495ED390A30EE230A85ED390AB4EED4
:10685000C10AC5ED3A0AF1EE10FAC5ED310A85ED2F
:10686000323A25DBAA6C8A1AAA6412F5005F03DCAF
:1068700043F6FF76324405E0B2F5005F03DBA2F594
:106880007C52FF3AAA64002A02DD85F83C3007E01A
:1068900002DA85F83C0005E095F83C20012A01D198
:1068A0006A6C511A2965A5F84C00C5ED390AAB711F
:1068B0002046FEF793F995ED250A204685ED3D0A21
:1068C000BDE8F041F9F7BEBEB00400200AD7233C72
:1068D00017B7D138000000009A99193FCDCC4CBDB4
:1068E000CDCC4C3D3333733F0C02AB3E17B7513820
:1068F00030B59A4800220321027042708170012154
:1069000080F864109FED960A80ED290A9FED950AA4
:10691000072380ED280A80F83C1080F83D3043F6CC
:10692000FF749FED910A446480ED150ADFED8F0A34
:1069300042F23415C0ED370AC0ED380AA0F8F8501D
:1069400041F67865A0F8FA50A0F8464280F819326E
:1069500080ED870A9FED861A80ED891A80F8E43170
:106960000223A0F8EA31A0F8EC419FED821A80EDF5
:10697000821A9FED811A80ED7F1A9FED801A80EDBB
:10698000091AB2EE0C1A80ED9B1A80ED980AC0ED40
:10699000A60A80EDC10ADFED7A0AC0EDCB0ADFED71
:1069A000790AC0EDCC0ADFED780AC0EDD10A80F893
:1069B000A012DFED760AC0EDAF0A80F848139FED14
:1069C000741A80EDDD1AB3EE041A80EDDE1A80ED44
:1069D000D30A9FED6D0A80EDE30A80F8902380F8DA
:1069E0009123A0F894239FED6B0A80EDE60A9FEDBA
:1069F0006A0A80EDE70AB0EE080A80EDE80AA0F81E
:106A0000A4239FED650A80EDEA0A9FED630A80EDFD
:106A1000EB0A9FED610A80EDEC0A9FED5F0A80EDC5
:106A2000ED0A9FED5D0A80EDEE0A9FED5B0A80EDB9
:106A3000F10A9FED590A80EDF20A80F8CC23A0F804
:106A4000CE23A0F8D0239FED550A80EDF60ADFEDA6
:106A5000541AC0EDF71A9FED532A80EDF82A9FEDE6
:106A60004E1A80EDFD0A9FED4C0A00F57A7300F591
:106A7000806183EC031A81ED000A9FED470A81EDE6
:106A8000010A9FED450A81ED020A9FED430A81ED5F
:106A9000030A9FED410AB2EE041A81ED040A9FED4C
:106AA0003E0AFAEE041A81ED050A9FED3B0A81EDDC
:106AB000060A9FED390AA0F81C2481ED080A9FED13
:106AC000360A81ED090A9FED340A81ED0A0A80F841
:106AD0002C24B1EE040A81ED0E0AC1ED0F0A9FEDE0
:106AE000320ADFED320A80ED410AC0ED420A80ED44
:106AF0004B1AC0ED4C1A80ED4F0AC0ED500A80EDE4
:106B0000591A9FED2B0AC0ED5A1ADFED2A0A80EDC3
:106B10005D0AC0ED690A80ED6A0A9FED270A80EDE3
:106B20005E0AB1EE080A80ED670AB9EE080A80ED48
:106B3000680AB6EE000A80ED6B0A9FED170A80ED39
:106B40006C0A9FED150A80ED6D0A9FED1C0A80ED21
:106B5000750A9FED1B0A80ED760A30BDB004002057
:106B60000000843C8906933C17B75138CDCCCC3D0E
:106B7000000096450AD7A33C007C12499A99193F18
:106B8000000096440000C8420AD7233C3333B33F89
:106B900000006144CDCC4C3D000000000040834526
:106BA00000803B450000FA44CDCC4C3E6F12033BC5
:106BB0006F12833A0AD7A33BBD37063600C05A4648
:106BC00000C05AC6FFF794BE2DE9F041494C032698
:106BD000042594F8651004F164000746012939D1B1
:106BE000F9F7ACFC3846F9F7D9FC94ED250ADFED4E
:106BF000420A60EE200AC4ED590A9FED401A10EED9
:106C0000100A3F4920EE011A0222884284ED5A1AE6
:106C1000C4ED4B0A84ED4C1A04DD10EE100A39491C
:106C2000884201DB227066703749D4F888008842B8
:106C30000EDC364B98420BD8D4F88C00884207DC27
:106C4000984205D8D4F89000884201DC984201D9D6
:106C5000227065702748227800213C30062A0CD229
:106C6000DFE802F003422B0D1F253846F9F733FC0D
:106C700094F86500012800D12670BDE8F081FFF787
:106C8000B7FCA0790128F8D194ED030A84ED990AA4
:106C900094ED060A84ED9A0A20780228EDD025703A
:106CA000EBE7F9F75CFCBDE8F04100F033BBF9F726
:106CB00056FCBDE8F04100F013BB24F8FC1F002295
:106CC0006180A18001211248FBF70FFB4FF0904437
:106CD000002202212046FBF708FB2046BDE8F041D8
:106CE00000220421FBF701BB24F8FC1F6180A18076
:106CF000C3E70000B004002036CD133F36CD13BFEC
:106D0000000020410000204200004041000040C13E
:106D100000040048FEE790ED030AD0ED040A30EECF
:106D2000600A80ED060AD0ED051A90ED0A1AD0ED42
:106D30000B0AF4EEC11AF1EE10FA0CD2F4EEE01ADE
:106D4000F1EE10FA07DDD0ED091A90ED012A42EEBE
:106D5000001AC0ED091AD0ED091A90ED002AD0ED05
:106D6000022A42EE001A90ED072A30EE422A42EE45
:106D7000821AC0ED051AF4EEC11AF1EE10FA02DA29
:106D8000B0EE611A01E080ED051AB4EEE01AF1EE02
:106D900010FA01D8C0ED050A80ED070A704700001F
:106DA00090ED0A0AD0ED020A90ED031A90F9001056
:106DB00020EE200AD0ED090AB7EE002A244A00EEA0
:106DC000810A00EE901AF8EEE00A20EE200A80ED2B
:106DD000040AD0ED0B0A20EE801A80ED0D1AD0EDDA
:106DE0000E0AD0ED0C1A41EE800AC0ED0E0A71EECB
:106DF000200AC0ED0F0A90ED110AD0ED101A20EE16
:106E0000801A32EE400A01EE801A80ED101A90EDE1
:106E1000050A90ED011A00EE810ADFED0E0A10EE70
:106E2000101A80ED050A914202DD30EE600A06E09C
:106E3000B5EEC00AF1EE10FA03D230EE200A80ED72
:106E4000050A80EE201A80ED070A80ED081A7047C7
:106E5000D00FC940D00FC940D0ED030AD0ED061ABB
:106E600090ED041A90ED050A20EEA12A01EE002A09
:106E700021EE211A00EEC01A80ED072A80ED081AD3
:106E80007047704770B5584C0025B4F84402401C58
:106E900080B2A4F8440204282AD3A4F8445294ED02
:106EA000160ADFED520A04F5117020EE200ABDEE3D
:106EB000C00A84ED920AF9F794FBD4F8540200EE6C
:106EC000100AB8EEC00A84ED6F0AD4F85C12C1EB68
:106ED000C10100EE101A072190FBF1F0B8EEC00AD4
:106EE00084ED6E0AC4F8580204F5D670FFF713FF5C
:106EF000B4F8E801401C80B2A4F8E801022825D3C8
:106F0000A4F8E85194ED160A394884ED7C0AF9F7A3
:106F100001FD94ED700A374984ED600AD4F804024B
:106F2000C4F88401884205D23349884202DA94EDDC
:106F3000690A01E094ED6A0A2D4884ED5D0A703813
:106F4000FFF7E9FE94ED620A84ED440A94ED220A0B
:106F5000254884ED2C0A94ED230AB03084ED2D0AE7
:106F60000546F9F711FD2846FFF776FF94ED330A41
:106F7000D4ED370AF7EE001A94ED351A20EE200A08
:106F800071EEE00A1A48E03801EE200A84ED350A75
:106F9000D4ED340A94ED381A94ED362A60EE810A65
:106FA00031EEC11A42EE010AC4ED360AC4ED450ABB
:106FB00084ED530AFFF7AFFE0D48A838FFF7ABFE8C
:106FC00094ED460A284684ED3A0A94ED540A84ED7D
:106FD000390AFDF703FE94ED250A284684ED3D0AA3
:106FE000BDE87040F9F72EBBB004002000FC7F46DE
:106FF000940600200000FAC40000FA4490ED080A4C
:10700000D0ED0B2A90ED002A4FF07E5370EE620A0D
:1070100090ED020A314A80EE801AD0ED010AF1EEBD
:10702000600A80EE803AD0ED060A03EE201A42EEA6
:10703000010AC0ED060A90ED091AD0ED0D1A31EEE5
:10704000611AC1EE003A90ED071A43EE013A02EEE2
:10705000231A80ED071A90ED040A70EEC00A90ED35
:10706000030A10EE901A994202DD80ED0A0A0AE046
:1070700010EE901A914202D9F1EE400A01E060EE62
:10708000800AC0ED0A0AD0ED050A71EE600A10EE22
:10709000901A994208DC10EE901A914202D9B1EE92
:1070A000400A01E020EE800A80ED0C0AD0ED0A0AC9
:1070B00090ED0E0A20EE801AF7EE000A70EEC00A7C
:1070C00002EEA01A80ED0B1A90ED0C1A21EE000AC8
:1070D00001EEA00A80ED0D0A70470000000080BF9D
:1070E000F8B515460E460B460092044600224FF4B2
:1070F000C05100F019F888B933460022802120469B
:10710000009500F07FF848B9334600224FF4C06183
:107110002046009500F008F8002804D0206E40F0CA
:10712000200020660320F8BD2DE9FC5F4FF0000B26
:10713000984616460F4604460C9D8DF804B0FBF7A2
:10714000D9F8411BA8EB0105FBF7D4F8824620686B
:1071500000F10C092A480068C0EBC00000EB800079
:10716000000D684343E0B7F5C06F06D12EB999F81A
:1071700000008DF804009DF80400B8F1FF3F37D0FF
:10718000FBF7B8F8A0EB0A00A84203D215B10098AB
:1071900058B32BE02068416821F0E001416060684D
:1071A000B0F5827F0BD1A068B0F5004F02D0B0F5EA
:1071B000806F04D12068016821F040010160A06A5D
:1071C000B0F5005F09D12068016821F40051016029
:1071D0002068016841F400510160012084F85D00DD
:1071E00084F85CB00320BDE8FC9F0025401E0090A1
:1071F000206880683840B042B5D10020F3E7000035
:107200000C0000202DE9F8431E46914688460446AE
:10721000089DFBF76FF8401B351AFBF76BF8074624
:1072200025480068C0F3CB30684338E0701C37D085
:10723000FBF760F8C01BA84203D215B1009860B3F9
:107240002CE02068416821F0E00141606068B0F501
:10725000827F0BD1A068B0F5004F02D0B0F5806FEF
:1072600004D12068016821F040010160A06AB0F5F6
:10727000005F09D12068016821F400510160206895
:10728000016841F400510160012084F85D00002094
:1072900084F85C000320BDE8F8830025401E0090C0
:1072A0002068816838EA010004D000204845BDD13B
:1072B0000020F0E70120F9E70C0000207047B4EE51
:1072C000C10AF1EE10FA02DBB0EE410A7047B4EEEB
:1072D000E00AF1EE10FAF9D8B0EE600A704700004B
:1072E0000B488078401F072811D2DFE800F0040621
:1072F000080A0C100E0000F033B900F0C1B800F01D
:1073000059B9FDF769B8FDF757BAFDF7FBB87047F3
:10731000B004002010B5114C04F1C80194ED160A18
:10732000081FF9F78DFAA078012809D002280BD0A0
:1073300003280DD004280FD1BDE81040FFF7A2BDEF
:10734000BDE81040F9F788BBBDE81040F9F732BB43
:10735000BDE8104000F004B810BD0000B0040020EB
:1073600070B5434CB4F8E801401CA4F8E80194ED72
:10737000840A04F5067084ED880A00F02FFEB4F844
:10738000E801022826D30020A4F8E80194ED160AAB
:1073900004F5F27084ED7C0AF9F7BCFA94ED8D0ADD
:1073A000344984ED600AD4F80402C4F884018842A8
:1073B00005D23149884202DA94ED690A01E094ED80
:1073C0006A0A2E4884ED5D0AFFF7A5FC94ED620A77
:1073D00084ED440A94ED220A254884ED2C0A94EDAC
:1073E000230AB03084ED2D0A0546F9F7CDFA284678
:1073F000FFF732FD94ED330AD4ED370AF7EE001AA9
:1074000094ED351A20EE200A71EEE00A1B48703820
:1074100001EE200A84ED350AD4ED340A94ED381AD1
:1074200094ED362A60EE810A31EEC11A42EE010A6D
:10743000C4ED360AC4ED450A84ED530AFFF76BFC30
:107440000E483838FFF767FC94ED460A284684ED6D
:107450003A0A94ED540A84ED390AFDF7BFFB94ED26
:10746000250A284684ED3D0ABDE87040F9F7EAB8E0
:10747000B00400200000FAC40000FA4424060020F2
:1074800070B5364C2DED028BB7EE008A84ED528A32
:1074900094ED840A04F5067084ED880A00F09EFDE0
:1074A00094ED8D0A04F13C0084ED170AF9F744FBD2
:1074B00004F1C80194ED180A081FF9F7C1F994ED19
:1074C000220A04F1B00084ED2C0A94ED230A05464B
:1074D00084ED2D0AF9F758FA2846FFF7BDFC94ED24
:1074E000330AD4ED370A94ED351A04F5827020EE94
:1074F000200A78EE600A01EE200A84ED350AD4ED08
:10750000340A94ED381AD4ED361A60EE810A38EE5A
:10751000411A41EE810AC4ED360AC4ED450A84EDF4
:10752000530AFFF7F8FB04F59E70FFF7F4FB94EDA8
:10753000460A284684ED3A0A94ED540A84ED390A45
:10754000FDF74CFB94ED250A284684ED3D0ABDEC81
:10755000028BBDE87040F9F775B80000B004002058
:1075600070B5134C04F5067094ED840A84ED880A16
:1075700000F034FD94ED8D0A04F13C0084ED170A0F
:10758000F9F7DAFA04F1C80194ED180A081FF9F7BF
:1075900057F904F1B0000546FDF720FB94ED250AEC
:1075A000284684ED3D0ABDE87040F9F74BB800006D
:1075B000B004002070B5A84C2DED048B94ED250A85
:1075C000DFEDA60A04F5067020EE200A84ED9B0A82
:1075D00094ED840A84ED880A00F000FD94ED8D0A94
:1075E00004F13C0084ED170AF9F7A6FA94ED030ABA
:1075F00004F5187084ED990A94ED060A84ED9A0A50
:1076000094ED2F0A84ED9C0A94ED300A84ED9D0AD6
:1076100094ED3B0A84EDA00A94ED3C0A84EDA10AA6
:10762000FFF7ECFC94F8180284F8000394EDA30A29
:1076300004F5407084EDC20A94EDA50A84EDC30AF6
:10764000FFF7AEFB04F54A7194EDC80A081FF9F77D
:10765000F7F894ED8D0A84EDED0AD4EDD00ADFED54
:10766000808A80EEA80A9FED7F9A20EE090A84EDB9
:10767000EE0A94ED180A84EDEA0A94EDC80A84ED46
:10768000EB0A94F8400284F8920304F5647000F069
:10769000F1F894EDEE0AF1EE0C0A80EE201A84ED7A
:1076A000831A94F8CC039FED708A002108B3B4F8D4
:1076B000D00368B994ED880A84EDF50A84ED888AD0
:1076C00084ED8D8A84ED8A8A84ED8C8A84F8901307
:1076D000401C80B241F28832A4F8D003904210D30B
:1076E000A4F8D01384F8CC1394EDF50A84ED880A3D
:1076F00007E094F89003012803D194EDC80A84EDC3
:10770000180AB4F8E801401C80B2A4F8E801022885
:107710001DD3A4F8E81194ED8D0A84ED600A94ED70
:10772000D00AC0EE280A20EE890A84ED610A94F896
:10773000900301280BD14D48FFF7EDFA94F891031F
:1077400028B994EDE60A84ED660A84ED620A94F89D
:10775000900384F8910394ED220A3F4884ED2C0AAB
:1077600094ED230AB03084ED2D0A0546F9F70CF9A3
:10777000394894F8902300F1C801C43052B394ED15
:10778000C80AF9F75DF82846FFF766FB94ED330A5F
:10779000D4ED370AF7EE001A94ED351A20EE200AE0
:1077A00071EEE00A01EE200A84ED350AD4ED340AC8
:1077B00094ED381A94ED362A60EE810A31EEC11A42
:1077C00042EE010AC4ED360A94F8900328B194ED14
:1077D000621A1AE094ED180AD3E794ED601A24496E
:1077E000B0EEC11A11EE100A88420CDA84ED668AF6
:1077F00084ED628A84ED448A84EDA28A84EDA48AB1
:1078000084EDCF8A05E094EDE61A84ED441A84ED08
:10781000528A1648C4ED450A84ED530A7038FFF7C2
:107820007AFA12483838FFF776FA94ED460A284675
:1078300084ED3A0A94ED540A84ED390AFDF7CEF945
:1078400094ED250A284684ED3D0ABDEC048BBDE885
:107850007040F8F7F7BE0000B004002036CD133FAB
:10786000DB0FC94000007042000000002406002029
:107870000000204110B504462DED048B90ED060A62
:10788000D0ED070A30EE600AF7EE000A80ED080A34
:1078900010EE100AB0F17C5F01DD30EE600A10EEF0
:1078A000100A84ED080AB0F13F4F01D930EE200AEA
:1078B00084ED080A94ED091AD4ED0A1A31EE612A12
:1078C00084ED0D2AD4ED0E0A32EE602ADFED782A1F
:1078D000B0EEC00A10EE101A42EE220A754A91422A
:1078E000C4ED0E0AF0EEC10AC4ED0B0AF0EEE10A97
:1078F000C4ED0C0AB4F9140001DC401C00E0401E89
:10790000A0822078012812D1A088401C80B200EE0D
:10791000100AA080B8EE400A9FED671ADFED670AF3
:10792000FFF7CDFCBCEEC00A10EE100AA08094ED6B
:10793000041A9FED630AA07821EE008ADFED618AC8
:107940009FED619A02282BD094ED0B0AD4ED121A08
:10795000B4EEE10AF1EE10FA0CDBB4F914001E28C3
:1079600008DC94ED020AF0EE680AB0EEC00A30EED0
:10797000480A0EE0B4EEE10AF1EE10FA46D294EDB8
:10798000020AB0EEC00ADFED510A30EE200AF0EE36
:10799000490AFFF794FC84ED020AA078022835D149
:1079A000D4ED120AB1EE041A94ED0B0A70EE810ABE
:1079B000B4EEE00AF1EE10FA13D2D4ED140AB4EEEC
:1079C000E00AF1EE10FA0CDD94ED020AB0EEC00A06
:1079D000DFED3F0A94ED041A30EE200AF0EE490A7A
:1079E00010E0D4ED140AB4EEE00AF1EE10FA0DD274
:1079F00094ED020A94ED041AF0EE680AB0EEC00AA3
:107A000030EE480AFFF75BFC84ED020A94ED090AA8
:107A1000B5EEC00AF1EE10FA07D294ED020AB0EE0C
:107A2000C00AB1EE400A84ED020A2278012000214A
:107A3000012A14D1A28844F620639A420FD994ED0A
:107A40000C0AD4ED140AB4EEE00AF1EE10FA06D8EE
:107A500084F83C00A180E08F401CE0871BE0B4F973
:107A60001420282A0CDD94ED0B0AD4ED120AB4EE92
:107A7000E00AF1EE10FA03DB84F83C1020700EE00F
:107A800094ED0B0AD4ED130AB4EEE00AF1EE10FA0D
:107A900001D2A1802170B4F91400282804DD292026
:107AA000A082BDEC048B10BD0028FADAA182F8E7B1
:107AB000CDCCCC3DCDCC4C3D00401C47000000005F
:107AC00052499D390AD7A33DCDCC4C3D0AD7233C22
:107AD0006F12833AFAF714BC10B594B03821684697
:107AE000F8F7CEFB14210EA8F8F7CAFB0020FAF72E
:107AF00099FC012000900004032404210190CDE9A9
:107B0000084102205521CDE90A1007900C900D90F4
:107B10006846FAF771FF08B172B6FEE70F20CDE9AB
:107B20000E04002010901190129004210EA8FAF774
:107B30002DFE002801D072B6FEE714B010BD000083
:107B40000248016841F470010160704788ED00E06F
:107B50000148FBF726BE0000680100200148FBF742
:107B600020BE0000B40100202DE9F0430268264C3D
:107B7000264D274E274B4FF08049A04207D048455D
:107B800005D0A84203D0B04201D0984203D122F0E0
:107B900070074A683A43204FDFF880C0DFF88080E2
:107BA000A0420DD048450BD0A84209D0B04207D022
:107BB000984205D0B84203D0604501D0404503D17A
:107BC00022F44075CA682A434D6922F080022A4394
:107BD00002608A68C2620A688262A04207D0984244
:107BE00005D0B84203D0604501D0404501D10969B4
:107BF0000163012141610169C90703D0016921F0D5
:107C000001010161BDE8F083002C01400004004047
:107C100000080040003401400040014000440140A1
:107C20000048014010B501F01F010123046A8B4098
:107C30009C430462036A8A401343036210BD10B57B
:107C4000846842EA032224F47F440A432243826088
:107C500010BD00008268034B1A400A4342F007013E
:107C6000816070478FFFCFFF2DE9F043056A026AFC
:107C700022F001020262426883691C4C25F0020571
:107C800023400C6823F003031C438B68194E2B43DD
:107C9000174D194FDFF864C0DFF86490A84207D091
:107CA000B04205D0B84203D0604501D0484506D166
:107CB00023F00808CB6843EA080323F00403A84232
:107CC00007D0B04205D0B84203D0604501D0484546
:107CD00005D14D6922F4407215438A692A434260F6
:107CE0008461496841630362BDE8F0838FFFFEFF52
:107CF000002C01400034014000400140004401409C
:107D000000480140F0B5046A026A22F010020262E3
:107D100042688369194D1B4E2B400D6823F4407354
:107D200043EA052524F020038C6843EA0413144C2D
:107D3000A04201D0B04206D1CF6823F0800343EACD
:107D4000071323F04003A0420AD0B04208D00E4CE3
:107D5000A04205D00D4CA04202D00D4CA04207D14C
:107D60004C6922F4406242EA84028C6942EA84024D
:107D700042608561496881630362F0BDFF8FFFFE49
:107D8000002C01400034014000400140004401400B
:107D900000480140F0B5056A026A22F4807202626E
:107DA0004268C369194C1B4E23400C6823F003033F
:107DB0001C4325F400738D6843EA0523144DA84243
:107DC00001D0B04206D1CF6823F4006343EA072311
:107DD00023F48063A8420AD0B04208D00E4DA842D6
:107DE00005D00E4DA84202D00D4DA84207D14D69D5
:107DF00022F4405242EA05128D6942EA05124260BD
:107E0000C4614968C1630362F0BD00008FFFFEFFDB
:107E1000002C01400034014000400140004401407A
:107E200000480140F0B5046A026A22F480520262FE
:107E30004268C369194D1B4E2B400D6823F44073F3
:107E400043EA052524F400538C6843EA0433144CB8
:107E5000A04201D0B04206D1CF6823F4004343EAE8
:107E6000073323F48043A0420AD0B04208D00E4C1E
:107E7000A04205D00D4CA04202D00D4CA04207D12B
:107E80004C6922F4404242EA84128C6942EA84122C
:107E90004260C561496801640362F0BDFF8FFFFE67
:107EA000002C0140003401400040014000440140EA
:107EB0000048014030B5046A026A22F4803202624E
:107EC0004268036D114D2B400D681D4324F40033AF
:107ED0000C8943EA04430E4CA0420BD00D4CA04247
:107EE00008D00D4CA04205D00C4CA04202D00C4C46
:107EF000A04204D14C6922F4803242EA042242605A
:107F0000056549688164036230BD00008FFFFEFF94
:107F1000002C014000340140004001400044014079
:107F20000048014030B5046A026A22F480120262FD
:107F30004268036D114D24F400142B400D6843EA90
:107F400005230D8944EA05540D4DA8420BD00D4D73
:107F5000A84208D00C4DA84205D00C4DA84202D032
:107F60000B4DA84204D14D6922F4802242EA8522B9
:107F7000426003654968C164046230BDFF8FFFFE43
:107F8000002C014000340140004001400044014009
:107F90000048014010B5046A036A23F0010303623C
:107FA000836923F0F00343EA021324F00A020A4330
:107FB0008361026210BD10B5036A046A24F01004E4
:107FC0000462846923F0A00324F4704444EA02327A
:107FD00043EA01118261016210BD0000D0ED020A86
:107FE0009FED322A80EE820AD0ED010A20EE200AAF
:107FF00080ED040AD0ED031A81EE821A21EE201AD8
:1080000061EE201AC0ED051A90ED061AB4EEC01A02
:10801000F1EE10FA09D231EE211A80ED061AB4EE13
:10802000C01AF1EE10FA0ADA0BE00ADD31EE611A3D
:1080300080ED061AB4EEC01AF1EE10FA01D880ED08
:10804000060A90ED061A90ED090AF0EEC11A31EE1B
:10805000C00A80ED080AB5EEC00AC0ED091AF1EEBB
:1080600010FA01DD002107E0B5EEC00AF1EE10FACA
:1080700001D2022100E00121B5EEC01A80F82810DB
:10808000F1EE10FA02DD4FF0FF3100E0012121EEA8
:10809000020A0170417880EE201A00EE101AB8EE44
:1080A000400A21EE000A80ED070A70470000704286
:1080B00070B5224A224811469678B1F8AA1090F974
:1080C0000030204C204DDFED210AB61EB6EE000A2E
:1080D00001FB03F00A2E10D2DFE806F00510230F93
:1080E0000F270F0F0F1000EE101ADFED190AB8EE70
:1080F000400A20EE200A82ED440A70BD01EE100A0B
:10810000B8EEC11A21EE000A10EE100A82ED840AC0
:10811000A042F2DC10EE100AA842EED8C2ED840AAA
:1081200070BD4842C2F85C0270BD00EE900AF8EEE5
:10813000E00A20EE800A82ED840A70BDB0040020BF
:10814000300000200000A0400000A0C0000000009F
:108150006F12033B30B5416EB9B102689168926805
:10816000C1F342610B4C520FA35CDD0004F1080324
:108170009A5CB5FBF2F2A0F86A20625C595CD2000E
:10818000B2FBF1F1A0F8681030BD0121A0F86A102F
:10819000F8E70000FC88000890F82810090706D5C9
:1081A00001684A68836B22F400421A434A6090F8DF
:1081B0002810C90706D001684A68C36A22F4003251
:1081C0001A434A6090F82810890706D501684A6862
:1081D000036B22F480321A434A6090F82810490752
:1081E00006D501684A68436B22F480221A434A602C
:1081F00090F82810C90606D501688A68C36B22F476
:1082000080521A438A6090F82810890606D50168C2
:108210008A68036C22F400521A438A6090F828108E
:10822000490611D501684A68436C22F480121A434A
:108230004A60416CB1F5801F06D101684A68836CC1
:1082400022F4C0021A434A6090F82810090606D5A5
:1082500001684A68C06C22F4002202434A607047F9
:108260002DE9F84300250446C0F89050FAF742F88B
:108270008046206800684FF0200600076FF07E47B8
:1082800013D54346002231042046009700F010FA2F
:1082900058B1206850E8001F21F0800140E800122A
:1082A000002AF6D1C4F8886021E020680068400701
:1082B00022D5434600224FF480012046009700F06B
:1082C000F7F9C8B1206850E8001F21F4907140E828
:1082D0000012002AF6D12068083050E8001F21F073
:1082E000010140E80012002AF5D1C4F88C6084F83E
:1082F00084500320BDE8F883C4F88860C4F88C601B
:1083000044F86C5F656025760020F3E710B5806A5D
:108310000021A0F85E10A0F85610FBF72DFD10BD4F
:1083200070B5846AD4F88800D4F88C5021688968C4
:108330004FF00006090606D5212804D1A4F856609E
:10834000204600F065F820688068400606D5222D9A
:1083500004D1A4F85E60204600F030F8D4F8900014
:1083600040F01000C4F890002046FBF705FD70BDFA
:1083700010B50146806A09680968890616D400218B
:10838000A0F856100168083151E8002F22F0800251
:1083900041E80023002BF5D1016851E8002F42F09D
:1083A000400241E80023002BF6D110BDFBF754FF3B
:1083B00010BD10B5806AFBF750FF10BD10B5016805
:1083C00051E8002F22F4907241E80023002BF6D1EF
:1083D0000E4B0168083151E8002F1A4041E8002493
:1083E000002CF6D1C16E012908D1016851E8002F97
:1083F00022F0100241E80023002BF6D12021C0F822
:108400008C100021C166416710BD0000FEFFFFEF28
:10841000016851E8002F22F0C00241E80023002B40
:10842000F6D10168083151E8002F22F4000241E83A
:108430000023002BF5D12021C0F8881070470000E0
:108440002DE9F041044600682269A168E6691143FC
:1084500062690025324311438A4B02688A4E3240DA
:108460000A43026020684168E26821F440511143E8
:1084700041602168A069994201D0226A10438A684C
:10848000824E324002438A602068C16A626A21F0EB
:108490000F011143C1627E4922687E488A420DD194
:1084A000D0F8880010F0030006D0012855D002282B
:1084B00042D003283FD152E001203DE076498A4274
:1084C0000BD1D0F8880010F00C0035D0042833D040
:1084D000082840D00C282ED141E070498A420BD1A7
:1084E000D0F8880010F0300026D0102835D0202891
:1084F00031D030281FD132E069498A420BD1D0F8FF
:10850000880010F0C00017D0402826D0802822D044
:10851000C02810D123E09A420DD1D0F8880010F481
:10852000406009D0B0F5806F17D0B0F5006F12D061
:10853000B0F5406F13D010205A495B4E00274FF41E
:10854000004C9A423BD160B1022813D004280BD0D2
:10855000082872D10DE00220EEE70420ECE70820A5
:10856000EAE7FAF7F9F901E0FAF71AFA010001D19E
:108570007CE06146606A36F810206668B1FBF2F074
:1085800006EB4603834270D8B0EB063F6DD800235C
:1085900008461946F7F73CFE090241EA106102025B
:1085A00070081018794132460023F7F731FE3F4A30
:1085B000A0F54071914258D82168C86056E0E26940
:1085C0004FF6EF7862452CD109284ED2DFE800F053
:1085D0000508114D0D4D4D4D1000FAF7BDF901E0A4
:1085E000FAF7CCF9010004D140E0FAF7D9F9F9E73C
:1085F0006146606A36F81000B1FBF0F04100606837
:1086000001EB5001B1FBF0F0A0F1100141452CD875
:108610004FF6F0710140C0F3420001432068C16091
:1086200024E0092821D2DFE800F0050912200E20FD
:1086300020201100FAF790F902E016E0FAF79EF90F
:10864000010004D112E0FAF7ABF9F9E76146606A7C
:1086500036F81000B1FBF0F1606801EB5001B1FB9E
:10866000F0F0A0F1100141450AD901250120A4F83C
:108670006A0024F8680F2846E7602761BDE8F081AA
:1086800080B299E700800040F369FFCFFFF4FF114B
:108690000038014000100240004400400048004003
:1086A000004C00400024F400E4880008FFFC0F00A8
:1086B0002DE9F0471F4690460D4604464FF000094D
:1086C000089E32E0701C30D0F9F714FEC01BB04297
:1086D00018D8BEB120680168490726D5802D24D05E
:1086E000402D22D0C169C94309070DD40825056270
:1086F0002046FFF763FEC4F8905084F88490012070
:10870000BDE8F0870320FBE7C069C04300050CD437
:1087100021684FF4006008622046FFF74FFE2020DA
:10872000C4F8900084F88490ECE72068C06935EACA
:10873000000004D000204045C4D00020E0E7012024
:10874000F9E700000148FBF719BB00004C020020CC
:10875000FEE7000070B51D4C208800221C490A2548
:10876000052808D00A280DD0142811D1194E3068D8
:10877000426872B128E00A734A73802088737F20B0
:10878000C87321E06088002802D062801420208015
:1087900070BD114A92ED220A81ED000A92ED230A82
:1087A00081ED010A92ED240A81ED020A016821F0AF
:1087B00001010160102206490848FBF705FD3068F9
:1087C000016841F001010160258070BD2C0000208E
:1087D000A004002040030020B00400204C02002030
:1087E0000907090E002804DB00F1E02080F80014DE
:1087F000704700F00F0000F1E02080F8141D704772
:1088000002E008C8121F08C1002AFAD17047704759
:10881000002001E001C1121F002AFBD170470000B7
:108820000EB5F9F775FDFFF757F9FDF7F7FC264888
:10883000816C41F004018164816C01F004010091BC
:10884000816C41F001018164806C002200F0010024
:10885000009011460B20F9F7B3FD0B20F9F7A2FDAC
:10886000002211460C20F9F7ABFD0C20F9F79AFD18
:10887000FDF74AFCFDF7CCFDFDF7A2FDFDF784FEF8
:10888000FDF74EFE00241248009401940F49029413
:10889000C0E900144FF6FF71C0E902418461FAF7A4
:1088A00020FE08B172B6FEE70094694608480294BB
:1088B000FAF7C8FD08B172B6FEE7FDF75BFDF8F701
:1088C00087F9F8F7D5F9FCE70010024000100040E6
:1088D000000200200346012000E05843491EC9B2AF
:1088E000FBD27047010002000400060008000A00E5
:1088F0000C00100020004000800000010101010375
:108900000701000008040204080101010000000042
:10891000000000000102030406070809000000002F
:10892000010203040000000000000000000000003D
:1089300000000404040404000004000014140A00ED
:10894000000000000000000000000A0A1F0A0A1FC1
:108950000A0A000000040E1505060C14150E04008A
:10896000000012150D152E2C2A1200000000040A1A
:108970000A36151529160000020201000000000049
:108980000000000010080804040404040808100093
:108990000204040808080808040402000000000497
:1089A000150E0E150400000000000008083E08081F
:1089B00000000000000000000000000002020100B2
:1089C00000000000003F0000000000000000000068
:1089D000000000000002000000201010080804043D
:1089E0000202010000000E1111111111110E000000
:1089F0000000040604040404040E000000000E112C
:108A000011080402011F000000000E11100C1010CC
:108A1000110E00000000080C0C0A091F081C0000C1
:108A200000001F01010F1110110E000000000C12B8
:108A3000010D1311110E000000001E10080804049F
:108A40000404000000000E11110E1111110E00009F
:108A500000000E1111191610090600000000000098
:108A600004000000000400000000000000040000FA
:108A700000040400000010080402020408100000B2
:108A8000000000003F003F00000000000000020462
:108A9000081010080402000000000E111108040460
:108AA0000004000000001C22292D2D1D221C0000A6
:108AB000000004040C0A0A1E1233000000000F120A
:108AC000120E1212120F000000001E11010101010E
:108AD000110E000000000F1212121212120F0000ED
:108AE00000001F120A0E0A02121F000000001F12CF
:108AF0000A0E0A020207000000001C1201013911CF
:108B0000120C000000003312121E12121233000069
:108B100000001F0404040404041F000000003E08B9
:108B20000808080808080907000037120A060A1290
:108B3000123700000000070202020202223F00007A
:108B400000003B1B1B1B15151535000000003B12D8
:108B500016161A1A1217000000000E111111111129
:108B6000110E000000000F12120E02020207000098
:108B700000000E1111111117190E180000000F122C
:108B8000120E0A121237000000001E110106081012
:108B9000110F000000001F1504040404040E00005F
:108BA0000000331212121212120C000000003312D5
:108BB000120A0A0C040400000000151515150E0A0F
:108BC0000A0A000000001B0A0A04040A0A1B00002B
:108BD00000001B0A0A0A0404040E000000001F091A
:108BE00008040402121F00001C040404040404040A
:108BF00004041C0000020204040408080810100009
:108C00000E0808080808080808080E00040A0000F2
:108C10000000000000000000000000000000000054
:108C20000000003F020400000000000000000000FF
:108C300000000000000C121C123C000000030202A5
:108C4000020E1212120E000000000000001C1202A0
:108C5000120C000000181010101C1212123C000020
:108C600000000000000C121E021C0000001824046A
:108C7000041E0404041E000000000000003C120C4E
:108C8000021C221C00030202020E12121237000004
:108C90000004040000060404040E0000000808009C
:108CA000000C08080808080700030202021A0A0656
:108CB0000A1300000007040404040404041F000055
:108CC00000000000000F1515151500000000000041
:108CD000000F12121237000000000000000C1212E8
:108CE000120C000000000000000F1212120E02070A
:108CF00000000000001C1212121C103800000000BE
:108D0000001B06020207000000000000001E020C0B
:108D1000101E000000000004041E0404041C0000D7
:108D200000000000001B1212123C000000000000B6
:108D3000001B0A0A04040000000000000015150EC4
:108D40000A0A000000000000001B0A040A1B0000C1
:108D500000000000003312120C08040300000000A1
:108D6000001E0804041E000018080808080C080863
:108D7000080818000808080808080808080808086B
:108D80000604040404080404040406001609000090
:108D900000000000000000000000000000000000D3
:108DA000000000000000000000000008080808089B
:108DB000080800001818000000486C241200000089
:108DC00000000000000000000000002424247F12A6
:108DD00012127F12121200000000081C2A2A0A0C2C
:108DE0001828282A2A1C0808000000222515151515
:108DF0002A585454542200000000000C1212120A87
:108E000076252911916E000000060604030000007B
:108E100000000000000000000040201010080808BA
:108E20000808081010204000000204080810101064
:108E300010101008080402000000000008086B1C55
:108E40001C6B08080000000000000000080808086B
:108E50007F08080808000000000000000000000073
:108E600000000000060604030000000000000000EF
:108E7000FE000000000000000000000000000000F4
:108E80000000000006060000000080404020201086
:108E900010080804040202000000001824424242A4
:108EA0004242424224180000000000080E08080850
:108EB00008080808083E00000000003C424242202A
:108EC00020100804427E00000000003C42422018AE
:108ED00020404042221C00000000002030282424B2
:108EE00022227E20207800000000007E0202021A6A
:108EF00026404042221C0000000000382402021AD2
:108F000026424242241800000000007E2222101057
:108F100008080808080800000000003C42424224FB
:108F200018244242423C0000000000182442424201
:108F300064584040241C0000000000000000181885
:108F400000000000181800000000000000000008E9
:108F50000000000000080804000000402010080481
:108F600002040810204000000000000000007F0004
:108F700000007F0000000000000000020408102034
:108F800040201008040200000000003C424246401D
:108F900020101000181800000000001C225A55551F
:108FA00055552D42221C000000000008081814141A
:108FB000243C224242E700000000001F2222221E21
:108FC00022424242221F00000000007C4242010176
:108FD00001010142221C00000000001F2242424207
:108FE00042424242221F00000000003F4212121E75
:108FF00012120242423F00000000003F4212121EC5
:1090000012120202020700000000003C22220101AD
:1090100001712122221C0000000000E7424242426E
:109020007E42424242E700000000003E0808080875
:1090300008080808083E00000000007C101010100E
:10904000101010101010110F0000007722120A0EDD
:109050000A12122222770000000000070202020218
:1090600002020202427F00000000007736363636E8
:109070002A2A2A2A2A6B0000000000E346464A4AB0
:1090800052525262624700000000001C22414141DE
:1090900041414141221C00000000003F4242424247
:1090A0003E020202020700000000001C2241414172
:1090B00041414D53321C60000000003F4242423E9D
:1090C0001212222242C700000000007C4242020429
:1090D00018204042423E00000000007F4908080876
:1090E00008080808081C0000000000E7424242424D
:1090F00042424242423C0000000000E74242222439
:1091000024141418080800000000006B494949495C
:109110005555362222220000000000E74224241880
:109120001818242442E700000000007722221414BB
:1091300008080808081C00000000007E212010100C
:1091400008040442423F00000078080808080808A4
:10915000080808080808780000000202040408084B
:109160000810102020204040001E10101010101079
:109170001010101010101E000038440000000000F5
:1091800000000000000000000000000000000000DF
:1091900000000000000000FF0006080000000000C2
:1091A0000000000000000000000000000000003C83
:1091B0004278444242FC0000000000030202021A0E
:1091C00026424242261A000000000000000000383B
:1091D0004402020244380000000000604040407831
:1091E0004442424264D80000000000000000003CFD
:1091F000427E0202423C0000000000F08808087E27
:1092000008080808083E0000000000000000007C7C
:1092100022221C023C42423C000000030202023AAD
:109220004642424242E700000000000C0C00000EE3
:1092300008080808083E0000000000303000003830
:10924000202020202020221E0000000302020272A3
:10925000120A1612227700000000000E0808080803
:1092600008080808083E0000000000000000007F19
:109270009292929292B70000000000000000003B22
:109280004642424242E70000000000000000003C6D
:1092900042424242423C0000000000000000001B2D
:1092A00026424242221E0207000000000000007811
:1092B00044424242447840E0000000000000007751
:1092C0004C040404041F0000000000000000007CA7
:1092D00042023C40423E0000000000000008083E00
:1092E00008080808083000000000000000000063C3
:1092F0004242424262DC000000000000000000E741
:10930000422424140808000000000000000000EBC4
:109310004949555522220000000000000000007657
:1093200024181818246E000000000000000000E758
:109330004224241418080807000000000000007EE2
:1093400022100808447E000000C0202020202010A9
:10935000202020202020C00010101010101010100D
:10936000101010101010101000060808080808103F
:1093700008080808080806000C32C20000000000B7
:1093800000000000000000000000000000000000DD
:1093900000000000000000000000000000000000CD
:1093A00000000000000000000000000000000000BD
:1093B0000000000000000000000000000000E000CD
:1093C000E000E000E000E000E000E000E000E0009D
:1093D000E000E000E000600000000000F000F000AD
:1093E000F00000000000000000000000000000008D
:1093F000B803B803B803B803B801000000000000C8
:10940000000000000000000000000000000000005C
:10941000000000000000000000000000000000004C
:1094200030073007300738073803FF0FFF0F1803E6
:1094300098039803FF0FFF0F9C019C019C018C0176
:10944000CC010000000000000000000000006000EF
:10945000F001F803FC077C077C077C007C00F80027
:10946000E001E003E0076E076E077E07FC07FC03E0
:10947000F00160006000000000000000000000003B
:109480001C063E0336033603B601B601F600FE00A5
:109490007C07E00FB00DB00DF00D980D980D8C0FFE
:1094A0000C070000000000000000000000000000A9
:1094B000F000F8019C019C039C01DC01F80078009D
:1094C0007C007E0EEE0EEE07CE078E079E0FFC0F81
:1094D000F00000000000000000000000000000009C
:1094E000700070007000700070000000000000004C
:1094F000000000000000000000000000000000006C
:109500000000000000000000000000000000000E4D
:10951000000780038001C001C001C000C000E0005E
:10952000E000E000C000C000C000C0018001800376
:109530000007000E000000000000000006000E0002
:109540001C001800380030007000600060006000EF
:10955000600060006000600070003000380018009B
:109560001C000E00060000000000000000000000CB
:10957000E000E000E60CEE0EFE0FF803F001FC0741
:10958000FE0FE60CE000E00000000000000000001C
:1095900000000000000000000000000000000000CB
:1095A000000000000000E000E000E000E000E0005B
:1095B000FF0FE000E000E000E000E000000000003D
:1095C000000000000000000000000000000000009B
:1095D000000000000000000000000000000000008B
:1095E0000000000000000000000000001C001C0043
:1095F0001C0018000C00000000000000000000002B
:10960000000000000000000000000000000000005A
:10961000FF0F00000000000000000000000000003C
:10962000000000000000000000000000000000003A
:10963000000000000000000000000000000000002A
:109640000000000000000000000000001C001C00E2
:109650001C00000000000000000000000000000CE2
:10966000000C00060006000380038001C001C0005A
:10967000600060003000300018001C000C000E007C
:1096800006000000000000000000000000000000D4
:10969000F000F803BC071C070E070E0E0E0E0E0E90
:1096A0000E0E0E0E0E0E0E0E0E071C07BC07F80354
:1096B000E0000000000000000000000000000000CA
:1096C000C000E000F000F800FC00EC00E000E0006A
:1096D000E000E000E000E000E000E000E000E0008A
:1096E000000000000000000000000000000000007A
:1096F000F001FC039C070E070E070007000780031C
:109700008003C001E000F00078003C001C00FE0F68
:10971000FF0F00000000000000000000000000003B
:10972000F001F8031C070E070E0700070007E0030F
:10973000E00380070007000E0E0E0E079C07F803DB
:10974000F000000000000000000000000000000029
:1097500000038003C003C003E003F003F003B80379
:109760009C039C038E03FF0FFF0F80038003800385
:1097700000000000000000000000000000000000E9
:109780000000FC071C001C001C000C00FE03DE0790
:109790000E070007000E000E07070E078E07FC03DA
:1097A000F0000000000000000000000000000000C9
:1097B000C003C001E000E00070003800F801FC07C1
:1097C0001C0F0E0E0E0E0E0E0E0E0E0E1C07F807C0
:1097D000F001000000000000000000000000000098
:1097E0000000FE0F000E0007000780038003C00189
:1097F000C001E000E000E000700070007000380080
:109800000000000000000000000000000000000058
:10981000F000FC031C070E070E070E079C07FC0355
:10982000FC039E070E0E0E0E0E0E0E0E1E07FC0300
:10983000F001000000000000000000000000000037
:10984000F000FC039E070E070E0F070F0E070E0712
:109850009E07FC03F003C001E001E000700070000F
:1098600038000000000000000000000000000000C0
:10987000000000000000000000000000E000E00028
:10988000000000000000000000000000E000E00018
:10989000E0000000000000000000000000000000E8
:1098A000000000000000000000000000E000E000F8
:1098B000000000000000000000000000E000E000E8
:1098C000E0006000600000000000000000000000F8
:1098D000000C00078003C001E000700038001C008D
:1098E0000E001C0038007000E000C001800300077B
:1098F000000C00000000000000000000000000005C
:1099000000000000000000000000FF0F0000000049
:1099100000000000FF0FFF0F00000000000000002B
:109920000000000000000000000000000000000037
:1099300006000E0018007000E000C0018003000760
:10994000000E00078003C001E000700018000E0048
:109950000600000000000000000000000000000001
:10996000F000F803BC071C070E0700078007C003C0
:10997000C001E000E000600000000000E000E00046
:10998000E0000000000000000000000000000000F7
:10999000E00138030C060C0CE60FB60FBE0FBB0D32
:1099A0009B0D9B0DDB0DDE07FE0706000C00180368
:1099B000F0010000000000000000000000000000B6
:1099C000E000E000F000F001F001F801B803B80396
:1099D000B8039C03FC07FC071E070E0F0E0E0E0EAD
:1099E0000F0E00000000000000000000000000005A
:1099F0007E00FE038E070E070E0F0E0F0E07FE03EE
:109A0000FE030E070E0E0E0E0E0E0E0F8E07FE0735
:109A1000FE00000000000000000000000000000048
:109A2000E001F8033C071C0E1E0E0E0E0E000E0089
:109A30000E000E000E0E0E0E1E0E1C0F3C07F8033D
:109A4000E001000000000000000000000000000035
:109A50001E00FE01CE038E070E070E0F0E0E0E0E19
:109A60000E0E0E0E0E0E0E0F0E078E07CE03FE010B
:109A70003E000000000000000000000000000000A8
:109A8000FE07FE070E000E000E000E000E00FE0781
:109A9000FE070E000E000E000E000E000E00FE0F60
:109AA000FE0F0000000000000000000000000000A9
:109AB000FE0FFE0F0E000E000E000E000E000E0038
:109AC000FE030E000E000E000E000E000E000E0033
:109AD0000E00000000000000000000000000000078
:109AE000E000F803BC071C071E0F0E0E0E000E0050
:109AF000CE0FCE0F0E0E0E0E1E0E1C0F3C0FF80FCB
:109B0000E00E000000000000000000000000000067
:109B10000E0E0E0E0E0E0E0E0E0E0E0E0E0EFE0F74
:109B2000FE0F0E0E0E0E0E0E0E0E0E0E0E0E0E0E64
:109B30000E0E000000000000000000000000000009
:109B4000E000E000E000E000E000E000E000E00015
:109B5000E000E000E000E000E000E000E000E00005
:109B6000E000000000000000000000000000000015
:109B7000000F000F000F000F000F000F000F000F6D
:109B8000000F000F0E0F0E070E071E07BC07F8038D
:109B9000F0000000000000000000000000000000D5
:109BA0000E0E0E078E03CE03EE01EE007E007E0049
:109BB000FE00FE01CE01CE038E038E070E070E0FB0
:109BC0000E0E000000000000000000000000000079
:109BD0000E000E000E000E000E000E000E000E0015
:109BE0000E000E000E000E000E000E000E00FE0F06
:109BF000FE0F000000000000000000000000000058
:109C00001E0F1E0F1E0F9E0FBE0FBE0FBE0FBE0FEC
:109C1000BE0FFE0FFE0FFE0FFE0EEE0EEE0EEE0E50
:109C2000EE0E000000000000000000000000000038
:109C30000E0E1E0E1E0E3E0E3E0E3E0E7E0E7E0EB4
:109C4000EE0EEE0ECE0FCE0F8E0F8E0F8E0F0E0F6E
:109C50000E0F0000000000000000000000000000E7
:109C6000F000F803BC071E070E0F0E0E0E0E0E0EB0
:109C70000E0E0E0E0E0E0E0E0E0F1E07BC07F80374
:109C8000F0000000000000000000000000000000E4
:109C90007E00FE038E070E0E0E0E0E0E0E0E0E0F23
:109CA000FE07FE030E000E000E000E000E000E005A
:109CB0000E00000000000000000000000000000096
:109CC000F000F803BC071E070E0F0E0E0E0E0E0E50
:109CD0000E0E0E0E0E0ECE0FCE0F9E07BC07F8070F
:109CE000F00700000000000000000000000000007D
:109CF0007E00FE038E070E0F0E0E0E0E0E0F8E0749
:109D0000FE03FE01CE018E038E030E070E070E0F1B
:109D10000E0E000000000000000000000000000027
:109D2000F000F8039C071E070E071E003C00F80019
:109D3000F003C007000F0E0E0E0E0E0F1E07FC03E1
:109D4000F001000000000000000000000000000022
:109D5000FE0FFE0FE000E000E000E000E000E000A9
:109D6000E000E000E000E000E000E000E000E000F3
:109D7000E000000000000000000000000000000003
:109D80000E0E0E0E0E0E0E0E0E0E0E0E0E0E0E0EF3
:109D90000E0E0E0E0E0E0E0E0E0E0E0F9C07FC0774
:109DA000F0010000000000000000000000000000C2
:109DB000070E0F0E0E0E0E0F1E071C071C079C032E
:109DC000BC03B803B803F801F001F001F000E000B3
:109DD000E0000000000000000000000000000000A3
:109DE000E70EE70EE70EF70EFE0EFE0FFE0FFE0F5C
:109DF000FE0FBE07BE07BE07BC079C079C079C075B
:109E00001C03000000000000000000000000000033
:109E10000E0E1E071C079C03B803F801F001F000AA
:109E2000E000F001F001B803BC031C071E070E0F91
:109E30000F0E000000000000000000000000000005
:109E40000F0E0E0E0E071C079C03B803F801F0015D
:109E5000F000E000E000E000E000E000E000E000F2
:109E6000E000000000000000000000000000000012
:109E7000FE0FFE0F000700078003C003C001E000D3
:109E8000E0007000780038001C001C000E00FE0F7F
:109E9000FE0F00000000000000000000E00FE00FD7
:109EA00060006000600060006000600060006000B2
:109EB00060006000600060006000600060006000A2
:109EC0006000E00FE00F0000000000000000000054
:109ED0000E000C001C001800380038003000700024
:109EE0006000E000E000C000C001800180030003CA
:109EF000000300070006000000000000FE00FE0056
:109F0000E000E000E000E000E000E000E000E00051
:109F1000E000E000E000E000E000E000E000E00041
:109F2000E000FE00FE00000000000000F001F80369
:109F30009C030E060000000000000000000000006E
:109F40000000000000000000000000000000000011
:109F50000000000000000000000000000000000001
:109F600000000000000000000000000000000000F1
:109F700000000000000000000000000000000000E1
:109F8000000000000000FF0F000000007000E00073
:109F9000C001C0010000000000000000000000003F
:109FA00000000000000000000000000000000000B1
:109FB00000000000000000000000000000000000A1
:109FC000000000000000000000000000F803FC0793
:109FD0001C070007F007FC071E070E078E07FC078B
:109FE000780E0000000000000000000000000000EB
:109FF0000E000E000E000E000E000E00FE03FE0707
:10A000001E070E070E0F0E0E0E0F0E079E07FE0305
:10A01000EE01000000000000000000000000000051
:10A02000000000000000000000000000F803FC0732
:10A030001E070E070E000E000E0E0E0F1C07F80373
:10A04000F00100000000000000000000000000001F
:10A05000000700070007000700070007F807FC07D4
:10A060001E070E070E070E070E070E079C07FC07BC
:10A07000F0070000000000000000000000000000E9
:10A08000000000000000000000000000F803BC0712
:10A090001C070E07FE0F0E000E000E0F1C07F80324
:10A0A000F0010000000000000000000000000000BF
:10A0B0008007E00F700C700070007000FE07FE0754
:10A0C0007000700070007000700070007000700010
:10A0D0007000000000000000000000000000000010
:10A0E000000000000000000000000000F80FFC036A
:10A0F0009C039C039C03FC03FC010E00FC00F8077E
:10A100000E0E0E0E1E07FC030000000000000000F3
:10A110000E000E000E000E000E000E00EE03FE07F5
:10A120001E071E0E0E0E0E0E0E0E0E0E0E0E0E0E36
:10A130000E0E000000000000000000000000000003
:10A140000000E000E000000000000000E000E0008F
:10A15000E000E000E000E000E000E000E000E000FF
:10A16000E00000000000000000000000000000000F
:10A1700000008003800300000000000080038003D3
:10A1800080038003800380038003800380038003B7
:10A1900080038003FC01FC000000000000000000C0
:10A1A0000E000E000E000E000E000E008E07CE03F5
:10A1B000EE01FE00FE00FE01DE018E030E070E071B
:10A1C0000E0E000000000000000000000000000073
:10A1D000E000E000E000E000E000E000E000E0007F
:10A1E000E000E000E000E000E000E000E000E0006F
:10A1F000E00000000000000000000000000000007F
:10A200000000000000000000000000007F0FFF0FB2
:10A21000EF0CE70CE70CE70CE70CE70CE70CE70C9E
:10A22000E70C00000000000000000000000000003B
:10A23000000000000000000000000000EE03FE0728
:10A240001E071E0E0E0E0E0E0E0E0E0E0E0E0E0E15
:10A250000E0E0000000000000000000000000000E2
:10A26000000000000000000000000000F801FC07F2
:10A270001E070E0E0E0E0E0E0E0E0E0F9C07F8038E
:10A28000F0000000000000000000000000000000DE
:10A29000000000000000000000000000FE01FE07BA
:10A2A0001E070E070E0F0E0E0E0F0E079E07FE0363
:10A2B000EE010E000E000E00000000000000000085
:10A2C000000000000000000000000000F807FC078C
:10A2D0001E070E070E070E070E070E079C07FC074A
:10A2E000F007000700070007000000000000000062
:10A2F0000000000000000000000000009C03FC03C0
:10A300007C003C003C001C001C001C001C001C00CD
:10A310001C00000000000000000000000000000021
:10A32000000000000000000000000000F803BC076F
:10A330001C071C00FC00F00300070C071C07FC07AF
:10A34000F00100000000000000000000000000001C
:10A35000000000007000700070007000FE07FE0733
:10A360007000700070007000700070007000E007F6
:10A37000C007000000000000000000000000000016
:10A380000000000000000000000000000E0E0E0E95
:10A390000E0E0E0E0E0E0E0E0E0F0E0F9E0FFC0F5B
:10A3A000780E000000000000000000000000000027
:10A3B0000000000000000000000000000E0E0E076C
:10A3C0001C071C079C03B803B801F001F001F00062
:10A3D000E00000000000000000000000000000009D
:10A3E000000000000000000000000000E70EE70E83
:10A3F000F60EFE0EFE0FFE07BC07BC07BC079C0353
:10A400009C030000000000000000000000000000AD
:10A410000000000000000000000000001E079C0378
:10A42000B803F001F000F000F001F8039C031C07F2
:10A430000E0E000000000000000000000000000000
:10A440000000000000000000000000000E0E0E07DB
:10A450001C071C079C03B803B801F001F001F000D1
:10A46000E000E0007C003C00000000000000000074
:10A47000000000000000000000000000FC07FC07D6
:10A480008003C001E000F000780038001C00FE07E7
:10A49000FE070000000000000000000080078003AD
:10A4A0008001800180018001800180018001C00164
:10A4B000E001C001800180018001800180018001F4
:10A4C0008001800380070000E000E000E000E00081
:10A4D000E000E000E000E000E000E000E000E0007C
:10A4E000E000E000E000E000E000E000E000E0006C
:10A4F000E000E000E000E000000000001E00380086
:10A50000380038003800380038003800380038008B
:10A51000700070003800380038003800380038000B
:10A52000380038001E0000000000780CFC0ECE073A
:10A530008003000000000000000000000000000098
:10A54000000000000000000000000000000000000B
:10A5500000000000000000000000000000000000FB
:10A5600000000000000000000000000000000000EB
:10A5700000000000000000000000000000000000DB
:10A5800000000000000000000000000000000000CB
:10A5900000000000000000000000000000000000BB
:10A5A0000000C001C001C001C001C001C001C00164
:10A5B000800080008000800080008000800000001B
:10A5C0000000000000008001C003C0038001000003
:10A5D0000000000000000000000000000000E01C7F
:10A5E000E01CF01E700E38071803080184000000FC
:10A5F000000000000000000000000000000000005B
:10A60000000000000000000000000000000000004A
:10A61000000000000000000000000000000000003A
:10A620000000000020102010201020102010FE7FBD
:10A63000FE7F1008100810081008100810081008F5
:10A64000FE7FFE7F080408040804080408040000D4
:10A6500000000000000000000000000000000000FA
:10A6600000010001C007601910311831183918397C
:10A6700038017001E001C0038007000F001D0039A0
:10A6800000311C311C310C310C11180DE007000198
:10A6900000010001000000000000000000000000B8
:10A6A000000000001C1036186308630C6304630488
:10A6B000630263026301361D9C378022806340631E
:10A6C000406320632063306310221836081C0000AA
:10A6D000000000000000000000000000000000007A
:10A6E00000000000F00098018C018C018C018C01AD
:10A6F0008C00CC007800183E1C0836083208630431
:10A700006304C304C303834306438E26781C0000FE
:10A7100000000000000000000000000000001C001D
:10A720003C003C003000300010000C00060000002F
:10A730000000000000000000000000000000000019
:10A740000000000000000000000000000000000009
:10A7500000000000000000000000000000000040B9
:10A76000002000100008000C000400060003000395
:10A77000000380018001800180018001800180014F
:10A78000800100030003000300060006000C00081F
:10A790000010002000400000000000000000020047
:10A7A000040008001000300020006000C000C0005D
:10A7B000C000800180018001800180018001800152
:10A7C0008001C000C000C0006000600030001000C8
:10A7D000080004000200000000000000000000006B
:10A7E0000000000000000000000180038003000161
:10A7F0001C713C79783DC0070001C007783D3C7969
:10A800001C71000180038003800100000000000033
:10A810000000000000000000000000000000000038
:10A820000000000000000000000000010001000125
:10A830000001000100010001FC7F00010001000196
:10A840000001000100010001000000000000000004
:10A8500000000000000000000000000000000000F8
:10A8600000000000000000000000000000000000E8
:10A8700000000000000000000000000000000000D8
:10A8800000000000000000001C003C003C00300004
:10A89000300010000C000600000000000000000066
:10A8A00000000000000000000000000000000000A8
:10A8B0000000000000000000FE7F0000000000001B
:10A8C0000000000000000000000000000000000088
:10A8D0000000000000000000000000000000000078
:10A8E0000000000000000000000000000000000068
:10A8F0000000000000000000000000000000000058
:10A9000000000000000018003C003C00180000009F
:10A9100000000000000000000000000000000040F7
:10A92000006000200030001000180008000C000437
:10A93000000600020003000180018000C00040000A
:10A940006000200030001000180008000C00040017
:10A9500006000200000000000000000000000000EF
:10A9600000000000C007600C3018183018301820A4
:10A970000C600C600C600C600C600C600C600C6077
:10A980000C601820183018303018600CC007000018
:10A9900000000000000000000000000000000000B7
:10A9A0000000000000018001F801800180018001A9
:10A9B000800180018001800180018001800180018F
:10A9C00080018001800180018001C003F81F000028
:10A9D0000000000000000000000000000000000077
:10A9E00000000000E007101C0818043004300C3090
:10A9F0000C30003000180008000400020001800044
:10AA000040002020102008200430FC1FFC1F000004
:10AA10000000000000000000000000000000000036
:10AA200000000000E003180E0C0C0C180C180C1899
:10AA30000018000C0006C003000E001800100030C3
:10AA400000300C300C300C100C18180CE003000017
:10AA500000000000000000000000000000000000F6
:10AA600000000000000C000E000E000F800E800E93
:10AA7000400E600E200E100E100E080E040E040E76
:10AA8000FE7F000E000E000E000E000E000EC07FB6
:10AA900000000000000000000000000000000000B6
:10AAA00000000000F03FF03F100010001000080010
:10AAB0000800C807280C18180810003000300030B3
:10AAC00000300C300C3004180418080CF00300009F
:10AAD0000000000000000000000000000000000076
:10AAE00000000000800FC010203010301800180047
:10AAF00008000C008C0F6C183C301C600C600C6063
:10AB00000C600C601860182030306018C00700001E
:10AB10000000000000000000000000000000000035
:10AB200000000000F83FF83F1C100C080408040463
:10AB3000000400020002000100010001800080000A
:10AB40008000C000C000C000C000C000C000000005
:10AB500000000000000000000000000000000000F5
:10AB600000000000E007300C18180C300C300C30DE
:10AB70001C3038187008E007B007180E0C1C063897
:10AB800006300630063006300C18180CE0030000C2
:10AB900000000000000000000000000000000000B5
:10ABA00000000000E00318040C080C180610063022
:10ABB00006300630063006380C3C1836F0310030CE
:10ABC0000018001800180C0C0C060C03F001000013
:10ABD0000000000000000000000000000000000075
:10ABE0000000000000000000000000000000000065
:10ABF00000008001C003C0038001000000000000CD
:10AC00000000000000008001C003C00380010000BC
:10AC10000000000000000000000000000000000034
:10AC20000000000000000000000000000000000024
:10AC30000000C000C0000000000000000000000094
:10AC400000000000000000000000C000C000800004
:10AC500080004000400000000000000000000000F4
:10AC6000000000200010000800040006000380011E
:10AC7000C0006000300018000C00180030006000B8
:10AC8000C00080010003000600040008001000203E
:10AC900000000000000000000000000000000000B4
:10ACA00000000000000000000000000000000000A4
:10ACB0000000FE7F00000000000000000000FE7F9A
:10ACC0000000000000000000000000000000000084
:10ACD0000000000000000000000000000000000074
:10ACE000000004000800100020006000C000800187
:10ACF00000030006000C001800300018000C0006CD
:10AD000000038001C0006000200010000800040063
:10AD10000000000000000000000000000000000033
:10AD20000000C0073018083008600C601C601C6010
:10AD30001C600030001C00060001800080008000C4
:10AD40008000000000008001C003C00380010000FB
:10AD500000000000000000000000000000000000F3
:10AD600000000000C0076018103018200C2F8C4D18
:10AD7000864CC64CC64C664C6644664466266626BF
:10AD80006615CC1C0C40082018303018C007000095
:10AD900000000000000000000000000000000000B3
:10ADA00000000001C001C001C00140016003200398
:10ADB000200320033006100610061006F80F080CBA
:10ADC000080C080C0C0C0418041806181F7C000052
:10ADD0000000000000000000000000000000000073
:10ADE00000000000FE07181C183818301830183002
:10ADF00018301818180CF807181818301820186090
:10AE0000186018601860186018301818FE0F0000DD
:10AE10000000000000000000000000000000000032
:10AE200000000000C0276038103018200C400C4093
:10AE300004000600060006000600060006000600E4
:10AE400006000C400C400C2018303018C0070000E1
:10AE500000000000000000000000000000000000F2
:10AE600000000000FE03180E1818183018301830B3
:10AE70001860186018601860186018601860186012
:10AE800018601830183018101818180EFE0300003B
:10AE900000000000000000000000000000000000B2
:10AEA00000000000FE3F18301820186018401800FD
:10AEB00018081808180CF80F180C180818081800AB
:10AEC000180018001840184018201830FE3F0000E5
:10AED0000000000000000000000000000000000072
:10AEE00000000000FE7F1870184018C0188018007D
:10AEF000181018101818F81F181818101810180023
:10AF00001800180018001800180018007E00000033
:10AF10000000000000000000000000000000000031
:10AF200000000000C013701C101018100C200C2022
:10AF300004000600060006000600060006FC0630B7
:10AF400006300C300C30183018303008C0070000C4
:10AF500000000000000000000000000000000000F1
:10AF6000000000003F7E0C180C180C180C180C1870
:10AF70000C180C180C180C18FC1F0C180C180C18BA
:10AF80000C180C180C180C180C180C183F7E00002C
:10AF900000000000000000000000000000000000B1
:10AFA00000000000F81F8001800180018001800105
:10AFB0008001800180018001800180018001800189
:10AFC000800180018001800180018001F81F000064
:10AFD0000000000000000000000000000000000071
:10AFE00000000000E07F00060006000600060006E4
:10AFF0000006000600060006000600060006000621
:10B000000006000600060006000600060006000610
:10B010000E060E038E01FC00000000000000000080
:10B02000000000007E7C1818180818041806180282
:10B03000180198019801D801B803380318071806B9
:10B04000180E180C181C1818183018307EFC000048
:10B0500000000000000000000000000000000000F0
:10B06000000000007E0018001800180018001800EA
:10B070001800180018001800180018001800180010
:10B08000180018001840184018201830FE3F000023
:10B0900000000000000000000000000000000000B0
:10B0A000000000001FF81C381C381C381C3C3434CD
:10B0B0003434343434367432643264326432643159
:10B0C000C431C431C431C430C43084309FFC00006A
:10B0D0000000000000000000000000000000000070
:10B0E000000000001F7C1C103C1034103410741041
:10B0F0006410E410C410C4118411841304130417E1
:10B100000416041E041C041C041C04181F18000050
:10B11000000000000000000000000000000000002F
:10B1200000000000C003300C181808100C300C3060
:10B1300006600660066006600660066006600660DF
:10B1400006600C200C3008101818300CC0030000EA
:10B1500000000000000000000000000000000000EF
:10B1600000000000FE0F18181830186018601860F2
:10B170001860186018301818F80F18001800180018
:10B180001800180018001800180018007E000000B1
:10B1900000000000000000000000000000000000AF
:10B1A00000000000C003300C18180C100C300C20EC
:10B1B000066006600660066006600660066006605F
:10B1C0000660E4612C331C321816300EC007004CA8
:10B1D000007C0038000000000000000000000000BB
:10B1E00000000000FE07181C1838183018301830FE
:10B1F00018301818180CF8079803180318071806C1
:10B200001806180E180C180C181C18187E78000058
:10B21000000000000000000000000000000000002E
:10B2200000000000E027303818300C200C200C0003
:10B230000C0018007800E003800F001E003800703A
:10B24000006004600460086018303818C80F0000FF
:10B2500000000000000000000000000000000000EE
:10B2600000000000FC3F8C2184618241824180010A
:10B2700080018001800180018001800180018001C6
:10B28000800180018001800180018001E0070000D1
:10B2900000000000000000000000000000000000AE
:10B2A000000000003F7C0C100C100C100C100C1057
:10B2B0000C100C100C100C100C100C100C100C10AE
:10B2C0000C100C100C100C1008083804E0030000DF
:10B2D000000000000000000000000000000000006E
:10B2E000000000003EF81820182018203010301000
:10B2F00030103010600860086008E00CC004C00422
:10B30000C00480038003800380030001000100006B
:10B31000000000000000000000000000000000002D
:10B3200000000000DFF38661862186218C210C213C
:10B330008C238C138C138C134C1358125816580EE4
:10B34000380E380E380E300C1004100410040000B3
:10B3500000000000000000000000000000000000ED
:10B36000000000007E3E18083808300430047002E7
:10B370006002E001C001C00180018003400340077A
:10B3800020062006100C100C081808183E7C00003F
:10B3900000000000000000000000000000000000AD
:10B3A000000000007E7C1C10181018083008300CBB
:10B3B000700460046002C002C002C001800180010C
:10B3C000800180018001800180018001E007000090
:10B3D000000000000000000000000000000000006D
:10B3E00000000000F83F18180818040C040E0006AE
:10B3F0000007000380038001C001C000E00060007E
:10B4000070003000382018201C100C18FE1F00009F
:10B410000000000000000000000000000000C03F2D
:10B42000400040004000400040004000400040001C
:10B43000400040004000400040004000400040000C
:10B4400040004000400040004000400040004000FC
:10B450004000C03F000000000000000000000000AD
:10B4600000000800180018001000300020006000E4
:10B4700060004000C00080008001800100010003E6
:10B480000002000600060004000C00080018001866
:10B490000010003000200000000000000000FC034D
:10B4A000000200020002000200020002000200028C
:10B4B000000200020002000200020002000200027C
:10B4C000000200020002000200020002000200026C
:10B4D0000002FC03000000000000000000008007E4
:10B4E000C00620081010000000000000000000004E
:10B4F000000000000000000000000000000000004C
:10B50000000000000000000000000000000000003B
:10B51000000000000000000000000000000000002B
:10B52000000000000000000000000000000000001B
:10B53000000000000000000000000000000000000B
:10B5400000000000000000000000000000000000FB
:10B55000000000000000FFFF000000000000780075
:10B56000C00000010000000000000000000000001A
:10B5700000000000000000000000000000000000CB
:10B5800000000000000000000000000000000000BB
:10B5900000000000000000000000000000000000AB
:10B5A000000000000000000000000000000000009B
:10B5B0000000F00318060C0C0C0C000C800F700C33
:10B5C0001C0C0C0C060C060C064C0C4FF83800003A
:10B5D000000000000000000000000000000000006B
:10B5E000000010001E0018001800180018001800B5
:10B5F0001800180FD81838303860186018601860B4
:10B60000186018601860182038307818C8070000D3
:10B61000000000000000000000000000000000002A
:10B62000000000000000000000000000000000001A
:10B630000000C007700C181818180C180C000C002B
:10B640000C000C000C20182018103008C007000057
:10B6500000000000000000000000000000000000EA
:10B6600000000010001E0018001800180018001834
:10B670000018E01B301C181818180C180C180C189F
:10B680000C180C180C180818181C307AE009000067
:10B6900000000000000000000000000000000000AA
:10B6A000000000000000000000000000000000009A
:10B6B0000000C007300C181808100C300C30FC3F8C
:10B6C0000C000C000C00182018107018C0070000A7
:10B6D000000000000000000000000000000000006A
:10B6E00000000000003E80C380C0C0C0C000C00099
:10B6F000C000FC1FC000C000C000C000C000C000EF
:10B70000C000C000C000C000C000C000F80F0000B2
:10B710000000000000000000000000000000000029
:10B720000000000000000000000000000000000019
:10B730000000C077306C1018181818181818101856
:10B74000300CF00718001800F00FF03F08700C6084
:10B750000C600C603838E00F0000000000000000B2
:10B76000000010001E001800180018001800180033
:10B770001800980FD8183830183018301830183092
:10B780001830183018301830183018307EFC00008F
:10B7900000000000000000000000000000000000A9
:10B7A0000000000080038003800300000000000010
:10B7B0000001F80180018001800180018001800189
:10B7C000800180018001800180018001F81F00005C
:10B7D0000000000000000000000000000000000069
:10B7E00000000000003800380038000000000000B1
:10B7F0000010801F0018001800180018001800180A
:10B800000018001800180018001800180018001878
:10B810000018180C1806F0030000000000000000DB
:10B82000000010001E001800180018001800180072
:10B830001800183E180C1806180318019801D801B2
:10B84000380318071806180C181C18187E7C0000FE
:10B8500000000000000000000000000000000000E8
:10B8600000000001F8018001800180018001800159
:10B8700080018001800180018001800180018001C0
:10B88000800180018001800180018001F81F00009B
:10B8900000000000000000000000000000000000A8
:10B8A0000000000000000000000000000000000098
:10B8B0000800EE1C9C338C318C318C318C318C31F6
:10B8C0008C318C318C318C318C318C31DE7B0000B1
:10B8D0000000000000000000000000000000000068
:10B8E0000000000000000000000000000000000058
:10B8F00010001E0FD8183830183018301830183093
:10B900001830183018301830183018307EFC00000D
:10B910000000000000000000000000000000000027
:10B920000000000000000000000000000000000017
:10B930000000C007701C103018300C600C600C60E8
:10B940000C600C600C60183018303018C007000014
:10B9500000000000000000000000000000000000E7
:10B9600000000000000000000000000000000000D7
:10B9700010009E0F58183830182018601860186092
:10B980001860186018601830383078189807180058
:10B990001800180018007E000000000000000000E1
:10B9A0000000000000000000000000000000000097
:10B9B0000000C023303C183818300C300C300C30EC
:10B9C0000C300C300C3008301838303CE03300308C
:10B9D00000300030003000FC0000000000000000DB
:10B9E0000000000000000000000000000000000057
:10B9F00060007E3C60666061E000E0006000600026
:10BA0000600060006000600060006000FE070000F1
:10BA10000000000000000000000000000000000026
:10BA20000000000000000000000000000000000016
:10BA30000000E02730381830182018007000E003AC
:10BA4000800F001C043004300C301C18EC0F000078
:10BA500000000000000000000000000000000000E6
:10BA60000000000000000000800080008000C00096
:10BA7000E000FC1FC000C000C000C000C000C0004B
:10BA8000C000C000C000C020C0208011000F000016
:10BA900000000000000000000000000000000000A6
:10BAA0000000000000000000000000000000000096
:10BAB00010201E3C1830183018301830183018304C
:10BAC0001830183018301830183830F4E0130000EF
:10BAD0000000000000000000000000000000000066
:10BAE0000000000000000000000000000000000056
:10BAF00000007E3C18181808380830043004700222
:10BB000060026002E001C001C001C00080000000CE
:10BB10000000000000000000000000000000000025
:10BB20000000000000000000000000000000000015
:10BB30000000DFF78E630C238C238C23981398135B
:10BB400058165816700E700E700E20042004000057
:10BB500000000000000000000000000000000000E5
:10BB600000000000000000000000000000000000D5
:10BB70000000FC3E70087004E004C002C0018003B5
:10BB8000800340076006200C100C18183E7E000051
:10BB900000000000000000000000000000000000A5
:10BBA0000000000000000000000000000000000095
:10BBB00000007E7C18181808300830083004600433
:10BBC0006004C002C002C0028001800180018000C8
:10BBD000800080004C003C000000000000000000DD
:10BBE0000000000000000000000000000000000055
:10BBF0000000FC1F0C0C040E0406000380038001EF
:10BC0000C000E0007020302038301C18FC1F0000FD
:10BC100000000000000000000000000000000030F4
:10BC200000080004000400040004000400040004F0
:10BC3000000400040004000280010002000400046B
:10BC400000040004000400040004000400040004D4
:10BC500000040008003000000001000100010001A4
:10BC600000010001000100010001000100010001CC
:10BC700000010001000100010001000100010001BC
:10BC800000010001000100010001000100010001AC
:10BC900000010001000100010000000000000C0094
:10BCA00010002000200020002000200020002000A4
:10BCB00020002000200040008001400020002000E3
:10BCC0002000200020002000200020002000200074
:10BCD000200010000C00000000003800C400864066
:10BCE00002610022001C00000000000000000000B3
:10BCF0000000000000000000000000000000000044
:10BD00000000000000000000000000000000000033
:10BD10000000000000000000B5E710001000FF0167
:10BD200011011101FF0111011101FF0111041004A2
:10BD3000E007D1B90000FE070200420042004200C5
:10BD4000FA034200420142024200FD07C1F74000EF
:10BD50008100FA0720001002F90702045001500187
:10BD6000520549054406D6E1840084008F00F2079D
:10BD700095049F04F4079C0497049404F4071404A6
:10BD8000C4BF0000FE0302020202FE03020202021E
:10BD9000FE0302020202FE030202B1EA0400E4030F
:10BDA00004000F00F40786008E00A502A40494048A
:10BDB0008400C400B7B4C0033E0002000200FE03CA
:10BDC0000A020A021201A2004200B2010D06C0A13D
:10BDD0008200F2079604F5078000FA070200F207D6
:10BDE0009204920446033204CEC2F0011101F20122
:10BDF0001001F0010100FA03A802AC02AA02A90294
:10BE0000FC07B6C84000FE071201FE071201F2014E
:10BE10000200FA0312022201C2003907CBD9410005
:10BE2000FA074000F8034B024A02FA03E20052010B
:10BE30004A024200FD07CEBB440084000200FA071C
:10BE40000300120212022202220122018200FA07DA
:10BE5000D6C3FE035202FE032000FF072000FC01B0
:10BE60000401040124012401FF07D4CB0200E403F0
:10BE700000000000F707840044002402F4070404D3
:10BE80000A00F107D0D00800E40302000900F4071B
:10BE9000060105010401040104010401C401C4A355
:10BEA0004401F4074401EF032402E6032E02E503F4
:10BEB0008400F40744013406CABD80028004800077
:10BEC000FF0780008000BE00880008010805780692
:10BED0000704D3D010001000FF070800FC0306027F
:10BEE000FD030402FC03040204020403B8D0800230
:10BEF000FE078200BA0282023A012A05BA0641040C
:10BF00002A024A05F105CEDE0000FE0320002000D3
:10BF10002000FF07500050004800440442048107FD
:10BF2000B1D50200E407000442044204FA054204C9
:10BF3000620452044A0462040207BBB70000EF0720
:10BF4000040184008400CF02A404940484008C00C3
:10BF500083008000B5E700000000C0004000400EF4
:10BF6000FC0D480CE8055804C80370004020402030
:10BF7000803F00000000D1B9000000000008F00779
:10BF8000100010021002100E9003080A081104019C
:10BF9000F47F020000000000C1F700000000000272
:10BFA0000800101F8001060D840EC8010805480511
:10BFB0004C054445247900000000CBD90000000066
:10BFC00000021802D007001EC00B4C0E8803080F99
:10BFD000881268023E02C07F00180000B6C8000048
:10BFE00000010001000EF003D004900BF00290015C
:10BFF0001007880288020403820C70780000CEBB10
:10C00000000000002000200310001000080F0800AE
:10C010001408920488040802087FC8000000000089
:10C02000D6C300000000801F7009500FA000800FD1
:10C030006000E007E005A0056002A002E07F1C00B0
:10C040000000D4CB0000000000009807100000188A
:10C05000E0071E0108018818C8170800F600003F15
:10C0600000000000D0D0000000002000101C0802DA
:10C0700024001078D00718041404120410041004CB
:10C08000100600040000C4A3000000081009103DC1
:10C09000900738188E1798082C0F0C22CA1F090613
:10C0A0000809881000200000CABD00000000800CB4
:10C0B000800000010007F0010001C00238022004E6
:10C0C000C00C3808007000600000D3D00000800170
:10C0D00080008038FC0740004006E0055004C80599
:10C0E0004404C0042004200400040000CEDE00004C
:10C0F00000000000E00380008000C00F78004001D5
:10C10000A000A00090400841047F00000000B8D0CB
:10C110000000000100090007F001900A700AC8053C
:10C12000B804E80A843102112824C808000F00006E
:10C13000BFAA000000000000C00F600240024032B1
:10C14000FE0F20022002200210021002080200004E
:10C150000000B1D5000000001018201708100811C9
:10C160000413E411841144112411141184110418CE
:10C1700000100000BBB70000000000003038DC07F2
:10C18000100430041C0210033013982246022002CF
:10C19000000200020000C7BF000000000000783F5E
:10C1A0002011200F1C040434842FBC14100F101411
:10C1B000103CD42318000000CDCF00000000100276
:10C1C0001002101910079C005012901E9813D40AE8
:10C1D000B2409040187F00000000B8DF00008000EF
:10C1E0008000F81F0002E0032001E000E43F1C1083
:10C1F000E4132411C4100410001C0000C6B5000094
:10C2000000002000203FE004281AF8252429A42556
:10C2100064252025201C10320C2180000000D7A2AC
:10C22000000000000003100600000018840704024C
:10C230000002900F080208020C3EE8010000000016
:10C24000C8EB00000000000060008000800040019A
:10C25000400120022004100C0818047000000000A7
:10C260000000D7AA00001000200410047004080F7A
:10C270002802647EBC03501A3C1D100810060004FE
:10C28000000C0000D7D3000000000007F0040002FB
:10C2900080010039F0070C010001000100010001DC
:10C2A0002001C0000000C1E300000002E00180188E
:10C2B000F837B4068400F00240016002900CC873A5
:10C2C0003601C00080000000CEBB0000000020004E
:10C2D000200310001000080F0800140892048804BE
:10C2E0000802087FC80000000000D0A30000000082
:10C2F00010061000101890077C081011F804940420
:10C30000140712061009D03010000000D7BC00003E
:10C3100000010001000D8C00480CC007B01C900704
:10C320009014880F8404843F800080000000B9FDD1
:10C3300000000000000410040034C00F00049C043E
:10C340000805080408050806F400007F001800002E
:10C35000C7B700000000400040002000200FD004BC
:10C36000480040004000C00020011002080C047882
:10C370000000B6C2000000010803181110160809D9
:10C380003075CC0F0802A81F9808C60EA009800EB1
:10C3900000090000D7AA0000100020041004700457
:10C3A000080F2802647EBC03501A3C1D10081006BA
:10C3B0000004000C0000B1A300000000300ED00DFE
:10C3C0009004880E8C030C3EEA030807880A481A7A
:10C3D0002862080200000000BBA40000000020004A
:10C3E000200820002078F027A022601E30012C01B8
:10C3F0002001A000B00040000000BBAC000000081D
:10C40000401F9809800A803EE4612014A00B880B2D
:10C410008408840B84088408000C0000C4A4000075
:10C42000000800093C3FE4042418BC172417B80C8A
:10C430002403243EE4033A05801800700000C7D0AE
:10C4400000000000100010001000103870271E229D
:10C450001022302218118810481C0008000000002B
:10C46000BBBB000000003006101A100D10043C3E4B
:10C470009015B014907C5E07100A1019D03010404F
:10C480000000BBFA00000000100010001000700F48
:10C490001C051005380558051445924850781000C1
:10C4A00010000000B2CE0000800040022006E00133
:10C4B000400EF801A002900450192C71C202200114
:10C4C000800040003000CAFD000000002000A004F1
:10C4D0007004A0047C3AA80DA40820057806540432
:10C4E000200A70190C200000B1E6000000001808B6
:10C4F0009000301D1811E80CD83EAE28B81E8C08EC
:10C5000048082808040400000000CAB60000000023
:10C5100018003000803F801090101E0908070800A6
:10C52000081B28319820480000000000BEF80000D9
:10C5300000000000008000808001808100C0400277
:10C5400040E007202303301301988100F8400F409A
:10C55000F80C60CA04F0490230F803100800000922
:10C5600000E008203C082018187800F03F00000088
:10C57000000000000000B6D4000000000000000031
:10C5800003000003000003000003C003033803039B
:10C5900000013F00FD03180103A00103C01803C000
:10C5A0003003C021036003033002031802030400B8
:10C5B0000300C00300800300000100000000000031
:10C5C000D6B500000000000000400080C10080C11E
:10C5D00000C0400440E00F607C0020400030200795
:10C5E00070F8064808064CF80642080640C806409F
:10C5F000380660080660F80660080260087FE0FF01
:10C6000000200000000000000000CFE0000000005B
:10C610000000800100800100000100000100000115
:10C620000C00E11B002F18E0231098211380E1106B
:10C63000C02710402D1220E11130211018211004C4
:10C64000211A00E11D8021188001088001000000EE
:10C6500000000000D6D000000000000000000080B4
:10C6600000000080010000800100008001000080C7
:10C670000100008001001080010CF0FFFF0F3080EE
:10C6800001043080010430800104308001043080D6
:10C690000104308001043080010430800104F0FF87
:10C6A000FF07308001043080010400800100008019
:10C6B0000100008001000080010000800100008076
:10C6C0000100008001000080010000800100008066
:10C6D000000000000000BEB00000000000000000EC
:10C6E000000000000001800100FFFF010003800145
:10C6F0000003800100FFFF010003800100038001AF
:10C7000000FFFF0100818100000003000000031C06
:10C71000FCFFFF3F000040000003C00100FFFF01DD
:10C720000003C0000003C0000003C00000FFFF00C2
:10C730000001410000040100000E710000078101AA
:10C74000800101076000010E1898011C04E0011827
:10C7500000C0000000000000D4B000000000000095
:10C76000000000000008F0FFFF1F3000000C300048
:10C77000000C3000100C30FE3F0C3004000C300078
:10C78000000C3000000C3000000C3000C00CF0FF3A
:10C79000FF0D3030060E3030060C3010060C301015
:10C7A000060C3010060C3018860C3018860C300839
:10C7B000060D300C860D3006EE0F3002FC0D3001F8
:10C7C000000CF000000C3000000CF0FFFF0F3000F8
:10C7D000000C1000000400000000B5E7000000009D
:10C7E0000000000000C0000000C0010000C0000008
:10C7F00000C0000000C0000000C00000E0FFFF0318
:10C8000060C0000360C0000360C0000360C000039C
:10C8100060C0000360C00003E0FFFF0360C00003CE
:10C8200060C0000360C0000360C0000360C000037C
:10C83000E0FFFF0360C0000160C0000000C000080E
:10C8400000C0001000C0001000C0001800C0013877
:10C850000080FF1F0000000000000000D7D3000090
:10C860000000000000000000000000000003C0FF06
:10C87000FF07000080070000C0000000600000000B
:10C88000180000000C0000800300008003000080FE
:10C890000100008001080080011CFCFFFF3F0080B8
:10C8A0000100008001000080010000800100008084
:10C8B0000100008001000080010000800100008074
:10C8C000010000800100008001000080010000FCE8
:10C8D000010000E000000040000000000000000037
:10C8E0000000000000000000000000000000000048
:10C8F0000000000000000000000000000000000038
:10C9000008618CD3A5B7741284B39D57B619BE7A4B
:10C91000DF3EDF7EADF8ADF8C6BB636E0883002155
:10C9200000210000000000000000000000000000E6
:10C9300000200000000000000000000000000000D7
:10C9400000000000000000000000000000000000E7
:10C9500000000000000000000000000000000000D7
:10C9600000000000000000000000000000000000C7
:10C9700000000000000000006BB084B4E79F951633
:10C980006BD16BD16BF16BF1741174117411741163
:10C990007C327C327C5284938CD49D56A5B8B5F8F9
:10C9A000B619BE5AD6FCDF3DDF3EBE1929870041CD
:10C9B0000000000000000000000000000000000077
:10C9C0000000000000000000000000000000000067
:10C9D0000000000000000000000000000000000057
:10C9E0000000000000000000000000000000000047
:10C9F00073F0DF3DE73D8CB574326BF16BF173F092
:10CA000073F173F173F17411741174117C327C320F
:10CA10007C5284738473849384B38CD48CD48CD4EC
:10CA20008CD48CD484739D77B619D71DB5F80000CB
:10CA300000000000000000000000000000000000F6
:10CA400000000000000000000000000000000000E6
:10CA500000000000000000000000000000000000D6
:10CA600000000000000000007C73DF3EDF5D94F6F4
:10CA700074126BF1C69BADD8B5F8BE19BE59BE5A3B
:10CA8000C67ADF3DE77EE79FBE3A84938493849322
:10CA9000849384938CD48CD48CD48CF484B47C52C2
:10CAA000A577ADD9ADF9D71DBE3900000000000053
:10CAB0000000000000000000000000000000000076
:10CAC0000000000000000000000000000000000066
:10CAD0000000000000000000000000000000000056
:10CAE000636FD71DDF3DBE5AC69C9536D71DA597EF
:10CAF000ADB7B5D8B5F8B619BE39BE5AC65AC67A5A
:10CB0000C69BCE9BCEBBCEBBCEDCCEBCD6FCD6FC71
:10CB1000D71CDF3DE77EE77FE77ECEBBADF9ADD921
:10CB2000B63ABE5ABE3A0000000000000000000005
:10CB300000000000000000000000000000000000F5
:10CB400000000000000000000000000000000000E5
:10CB5000000000000000000031EAD71DC6BB9D5751
:10CB6000D6FCDF3EDF3DA556A5774ACC426B424A54
:10CB7000426A426B3A0984738CF48493ADD9C67BC4
:10CB8000C69BCEBBCEBBCEDCD6FCD71CDF1CDF1CCD
:10CB9000DF5DDF5DE77DE77DE77EADF9CEDCB618D2
:10CBA00042490000000000000000000000000000FA
:10CBB0000000000000000000000000000000000075
:10CBC0000000000000000000000000000000000065
:10CBD000216695378D1695166BD063B0CE9BA576E2
:10CBE000A556638E08420841004100410061006182
:10CBF00000620061194552EC94F4849374115B8FC8
:10CC000063D08D15ADD8B63AAE195B4E636FB5F8EB
:10CC1000DF5EE77EEF7EB619D71DB6180000000074
:10CC20000000000000000000000000000000000004
:10CC300000000000000000000000000000000000F4
:10CC4000000000000000000031E984947C53DF3FC5
:10CC50006BF163B07C739D359D55BDF80862006231
:10CC600000820082008200610081008100810082D8
:10CC70000882006200620062006208820082004155
:10CC800000620062006210E49D157C318473E79DB0
:10CC9000EF9FB63ADF3EB5F900200000000000002B
:10CCA0000000000000000000000000000000000084
:10CCB0000000000000000000000000000000000074
:10CCC00000426BD17433CEBC7C7363B063B09D35CE
:10CCD0009D35D6DC08620061006100610081006260
:10CCE00000610061006100820062006200620081F8
:10CCF00000820862086208620862008108620862B5
:10CD0000086210A394F47C328472E79EE77EBE39F9
:10CD1000D71DB61900000000000000000000000050
:10CD20000000000000000000000000000000000003
:10CD3000000000000000000000626BB0DF3ED71E64
:10CD40008CB4639063B09D359D35C67A08620882C5
:10CD500000820061008208820882008200820082D4
:10CD600000820082008200820082008200620862EB
:10CD7000086208620862086208620882088208A3E2
:10CD80007C3194F5D6FCEF9ECEBBBE3ACEDCBE39EC
:10CD90000000000000000000000000000000000093
:10CDA0000000000000000000000000000000000083
:10CDB00000216BF1DF5EADD97C53636F5B4E94D481
:10CDC0009514A59608820062006208623A29BE198D
:10CDD000BE59C67ACEBBCEDBD6FCD71CDF3DDF1DED
:10CDE000CE9B7C11190510E308C308A308A208A272
:10CDF00010A2088208A208A2088221668473C67B5A
:10CE0000E79EE79EBE5ABE7AC67BC65A0000000067
:10CE10000000000000000000000000000000000012
:10CE2000000000000000000000216BF1D73EB619A1
:10CE300084945B4E5B2E8CD494F494F40062006175
:10CE4000006100613A08B5F9BE39C65AC67AC67B98
:10CE5000CE9BCEBBCEBBCEDCD6DCD6FCD71CD71C43
:10CE6000D71CD73CDF3DDF5DDF5DDF5DE77DE77D24
:10CE7000E79E10A310A36BD0BE39D71DE77EE79EB7
:10CE8000BE5ACEDCBE395B2D000000000000000061
:10CE90000000000000000000000000000000000092
:10CEA00000006BD1CEFD94F67C535B2E530D849322
:10CEB0008CB494D4008200610061006231A7BDF996
:10CEC000BE39BE39C65AC67AC69BCE9BCEBBCEBC37
:10CED000CEDCCEDCD6FCD71CD71DD73DD73DDF3D01
:10CEE000DF5DDF5DDF5DDF7DE77DE77DE79E08A33A
:10CEF00010C3A5B7CEDCDF3DE79EE79EBE5ACEDC71
:10CF0000BE39002100000000000000000000000009
:10CF10000000000000000000000173F1BE7C7C7383
:10CF20007412530D52ED84938C938CB30082006184
:10CF3000006100412166AD97B618BE39BE39C65AA8
:10CF4000C67AC69BCE9BCEBBCEBBCEDCCEDCD6FC9F
:10CF5000D6FDD71DD71DDF3DDF3DDF5DDF5DDF5D2A
:10CF6000DF7DE77DE77DE77D636D10C310E4A59766
:10CF7000CEFC9D15E79DE77DBE5AD6DCBE3900008C
:10CF800000000000000000000000000000000000A1
:10CF900000006BD16BF163B063AF52ED52ED847260
:10CFA0008C938CB3006200610040004129869D157E
:10CFB000ADD7B619BE19BE39C65AC67AC67BC69B4E
:10CFC000CEBBCEBCCEDCCEDCCEFCD6FDD71DD71D75
:10CFD000D71DD73DDF3DDF5DDF5DDF7DE77DE77D91
:10CFE000E77DE77D10A310C410E49D3584B394F56C
:10CFF000E77DE77EBE5ACEDCBE19000000000000CF
:10D0000000000000000000000000638F63B063B008
:10D01000638F4AED530D845284938C931104006105
:10D020000041004129A74A4AADD7B5F8B619BE1943
:10D03000BE39BE3AC67AC67AC69BCEBBCEBBCEDC64
:10D04000CEDCCEFCD6FCD71DD71DD71DD73DDF3D8E
:10D05000DF5DDF5DDF5DDF5DE77DE77DE77DE77D50
:10D0600010E410E419258CB38493CEDBEF7ED6FD5B
:10D07000B5F8ADD8BE1900000000000000000000A7
:10D080000000638F7C53CEBC7432530E638F847266
:10D0900084728C9310A3004100410041298731C85C
:10D0A000ADB7B5D8B5F8BE19BE19BE39BE5AC65A05
:10D0B000C67AC69BCEBBCEBBCEDCCEDCCEFCD6FCCD
:10D0C000D6FDD71DD71DD73DD73DDF5DDF5DDF5DC9
:10D0D000E75DE77DE77DE77DE77EE79E10E410E40E
:10D0E0004AAB9515B619E77EE77EB5F8ADD8ADD851
:10D0F000BE390000000000000000634EC67BCEDC9D
:10D1000084948CD58CD57C7384728C9339E80041DF
:10D110000041004129666B6EAD97ADB8B5D8B5F842
:10D12000BE19BE19BE39C65AC65AC67AC69BCE9B10
:10D13000CEBBCEBBCEDCCEDCD6FCD6FCD71DD71DFD
:10D14000D71DD73DDF3DDF5DDF5DE75DE77DE77D37
:10D15000E79EE77DE77EE77E10E310C36BD0BE7AE3
:10D16000DF3DE77EE77EADD7ADB8B5F874100000BF
:10D170000000638F6BB05B6F5B6F63B07C53530ECB
:10D18000847284729CD300410041004110E4B5D800
:10D19000A576ADB7B5B8B5D8B5F8BDF9BE19BE39E5
:10D1A000BE3AC65AC67AC69BCE9BCEBBCEBBCEDCA1
:10D1B000CEDCCEFCD6FCD71DD71DD71DD73DDF3D1D
:10D1C000DF5DDF5DE75DE77DE77DE77DE77DE77EAE
:10D1D000E77DD6DB10C310C4B5F8E75EE77EE77ED7
:10D1E000E77EADD7ADB7BE3900410000530D532ED9
:10D1F000532E5B2E5B6F532E52EC8472ADB7002121
:10D20000002100410041BDF9A556AD97ADB7ADB7BE
:10D21000ADD8B5D8B5F9BE19BE19BE3AC65AC67A48
:10D22000C67BC69BCEBBCEBBCEDCD6DCCEFCD6FC52
:10D23000D71DD71DD71DD73DDF5DDF5DDF5DDF5D0E
:10D24000E77DE77DE77DE77DE79DE77DE77D1904E5
:10D2500010C310E4C69BE77EE75EE77EE79EADB7AE
:10D26000ADB7BE5A000052CC4ACC530D532E5B2EA4
:10D27000530D5AEC84518452002100010061A53500
:10D280009D35A576AD97ADB7ADB7ADD8B5D8B5F8E6
:10D29000BE19BE19BE3AC65AC67AC67BC69BCE9B7D
:10D2A000CEBBCEDCD6DCD6FCD6FCD71DD71DD71D19
:10D2B000D73DDF5DDF5DDF5DDF5DE77DE77DE77D3E
:10D2C000E79EE79EE79DE77DE77D10C410C310E46D
:10D2D000C69AE77EB5D7E79EEF9FAD97A597B6189C
:10D2E00052CC4ACC530E5B2E530D530D634E8451DA
:10D2F00073D00041002131A74249A556A576AD97CC
:10D30000ADB7ADB7ADD8B5D8B5F9BE19BE19BE1910
:10D31000C65AC67AC67BC69BCE9BCEBBCEDCD6DCBD
:10D32000CEDCD6FCD71DD71DD71DD73DDF3DDF5D39
:10D33000DF5DDF5DDF7DE77DE77EE77DE79DE77D04
:10D34000E79EE79EE79E10C310C44AABC67AE79EED
:10D35000E75DE77EA576A556BE3952CC4AED530E61
:10D360005B2E530D530D73D08451634E0041004129
:10D3700029A739E8A576A576AD97ADB7ADD7ADD8D5
:10D38000B5D8B5F8B5F9BE19BE19BE5AC65AC67A8F
:10D39000C69BCE9BCEBBCEBBCEDCCEDCD6FCD6FCB9
:10D3A000D71DD71CD73CD73DDF5DDF5DDF5DDF7D5F
:10D3B000E77DE77EE79EE79DE77DE79DE79EE79EA9
:10D3C000EF9E10C310C48CD3ADD894F4E77EA5565D
:10D3D000A556BE3952EC8CD56BF18D16532D530DDD
:10D3E000741184515B2D0041004131A739E8A576C5
:10D3F000A596ADB7ADB7ADB7ADD7B5D8B5D8B5F87B
:10D40000BE19BE39BE39C65AC67AC69BCE9BCEBBA4
:10D41000CEBBCEDCCEDCCEDCD6FCD71DD71DD71DD7
:10D42000D73DD73DDF5DDF5DDF5DDF7DE79EE77DDB
:10D43000E79DE79DE79DE79EE79EEF9E10A310C442
:10D440006BD08CD48452E77EA556A556BE39530DB9
:10D45000E7BFCEDCC67B532D530D7C1184525AECB2
:10D460000041004131A73A08A576A576A596ADB74B
:10D47000ADB7B5D8B5D8CE9B31E8634E426ABE1978
:10D48000BE3AC67AC67BC69BC69BC69BC69BCEBB16
:10D49000CEDCD6FCD71DD71DD71DD71CD73CDF3D12
:10D4A000DF5DDF5DDF5DE77DE77DE79DE79EE79E72
:10D4B000E79EE79EE79E10C310C36BF08CF47C31AF
:10D4C000E77EA577A556BE395B6EE79FDF5ECEBCD3
:10D4D000530D530D845284324A690041004131A7F3
:10D4E0004249A576A576A596AD97ADB7B5B8B5D89E
:10D4F000A556214521264A6AB5D8BE39C65AC67AEC
:10D50000C69BCE9B29A829874A8BCEDCCEFCD6FCB5
:10D51000D6FC428B428B4ACC5B4E7C3184727410B9
:10D52000636D638EDF7DE79EE79EE79EE79EE79E45
:10D5300010C310A36BD094F47C51E77EA576A5565A
:10D54000BE39636FDF9FDF5EC69B532E530D84721F
:10D55000843142490041004131A74A6AA576A57647
:10D56000A596AD97ADB7ADB7B5D8216621252146B3
:10D570004A8BB5F8BE19C65AC67AC69BC67A2987A1
:10D5800029A74AABCEDCCEDCD6FC426A426A424ACC
:10D590003A4A3A4A3A293A093A093A2952ECDF7D9D
:10D5A000E77DE79EE79EE79EEF9E10C310A36BAF5B
:10D5B00094F47C32E77EA577A576BE39634F953625
:10D5C00063906BF274126BF294D484513A28006029
:10D5D000004131A74AABA576A576A596AD97AD9744
:10D5E000ADB7B5D829862125212652ABBE19BE3943
:10D5F000C65AC67AC67B3A29298629A752ECCEDCC0
:10D60000CEDC426A428A426A426A426A424A424ADC
:10D610003A493A293A295B0CDF5DE77DE79EE79EB0
:10D62000E79EEF9E10C310A36BAF8CD47411E77EFE
:10D63000A597A576BE194A6B530E530E63906BF2F5
:10D6400074138CB4845139E80041004131A74A8BEE
:10D65000A576A576A596AD97AD97ADB7B5D821457A
:10D660002126212652ABBE19BE39C65AC67AC67AC1
:10D6700031C729872987530DCEBBD6DC428A426A3F
:10D68000426A426A951573D04AAB428A426A424A5C
:10D690006BAFE75DE77DE77DE79EE79EE77E10A342
:10D6A00010A36BAF8CD473F0E77EBE19A577BE19BB
:10D6B000424A52ED530D6390743374338CB48452E8
:10D6C00031A60041002131A74A8AA556A576A57644
:10D6D000A597ADB7ADB7B5D82145212621265AEC7F
:10D6E000BDF9BE19BE3AC67AC67A29A7216629664F
:10D6F000530DCEBBD6BC42493A2852ECDF3DD71C75
:10D70000D73CDF3CDF5DDF5DDF5DE77DE77DE77D0B
:10D71000E77DE77DE79DE79D08A310A36BAF8CD461
:10D7200073D0E77EBE3AA597BE19426A4AEE532EE1
:10D7300063B1743374338CD4845131A70041002118
:10D7400031A74A8AA556A556A576A596AD97ADB739
:10D75000ADB72145212521465B2DB5D8BE19BE396F
:10D76000BE5AC65A29A729662987634ECEBBD6DC86
:10D7700031E831E8636FD6FCD71CDF3CDF3DDF5D6D
:10D78000DF5DE77DE77DE77DE77DE77DE77DE77DA1
:10D79000E79E08A308A36BAF8CD473D0E77EBE3A94
:10D7A000A577BE3A426A532E63B07C547433743406
:10D7B0008CD4843131A60041002031A74A8BA55674
:10D7C000A556A576A596AD96ADB7ADB729662966DF
:10D7D00029662166218629A729A729A729A729879C
:10D7E000216629676BAFCEBBD6DC320831C84ACB85
:10D7F000741194F4CEDBD71DDF3DDF5DDF5DE77D87
:10D80000E77DE77DE77DE77DE79DE77D08A308836A
:10D810006B8E8CD47C11E77EB63AA577BE3A4ACCA3
:10D8200084D59D799D79743474548C94843131A657
:10D830000040004131A752CB9D55A556A576A5764F
:10D84000A596ADB7D6DC31A731A731A731A729A757
:10D8500031C731C831C831A72986296652CC7C32FC
:10D86000CEBBCEBC3A2931E831E831E831E831E8C5
:10D8700031C831C88C93DF3DDF5DE77DE77DE77D13
:10D88000E77DE79DE77D10C308A36BAF8CB4CEBCEA
:10D89000E77EB63A9D76BE5A530E9D999D999DB9E5
:10D8A000745474348CB4843131A60040004129860C
:10D8B0005B0C9D35A556A576A576AD96AD9773CF35
:10D8C00031A731A731C731C731C739E839E831C885
:10D8D00031A729872966530CCE9BCEBBCEBCDF3D3A
:10D8E0003A293A293A293A0931E831E831E8320847
:10D8F0005B2DDF5DDF7DDF7DE77DE77DE77DE77D1C
:10D9000010C310A36BB08CB4CEBCE77EB61A9D5684
:10D91000BE3A530E9D999D999D997433743494D455
:10D92000843129860040004129865AEC9D35A55650
:10D93000A576A576A596A59631C7298629664A8B30
:10D94000C639C67AD6BCE73DDEFC29872987296619
:10D950005B0DC67BCEBBCEBCD6DCE73E4AAA426A94
:10D960003A493A0931E831E831E852CCD71CDF7D39
:10D97000DF7DE77DE77DE77DE77D10C308A36BAF23
:10D980008CB4CEDCE77EB61AA577BE3A52EE74545C
:10D9900063916BF36BF36C1394F48431296600206C
:10D9A0000041296652EC9D35A556A556A576A5964B
:10D9B000AD9629862145212552ECB5D8B5F8BE197A
:10D9C000BE39BE5931A7296629665B2DC67BCEBB01
:10D9D000CEBCCEDCCEDCCEDCD6FCD71DD71DDF3DE9
:10D9E00031E831E84ACB634DDF5DDF7DE77DE77DE0
:10D9F000E77DE77D10C310A36B8F8494CEBCE77ED8
:10DA0000B61AA577BE3A4ACC6BF274338CF66BF239
:10DA10006BF394F58431298600200041298652CC8D
:10DA20009D359D55A556A576A576AD972145212511
:10DA3000212552ECB5D8B5F8BDF9BE19BE3A2986F4
:10DA400021662166634EC69BCEBBCEBBCEDCCEDC50
:10DA5000CEFCD6FCD6FDD71CDF3C31E831E852CCF9
:10DA60006B8EDF5DDF5DE77DE77DE77DE77D10C3E2
:10DA700008A36B8F8CB46BB0E77EB63AA577BE1A5D
:10DA8000530E9D789578955863D26BF29CF584314E
:10DA9000296600410041298652CC9D359D35A55609
:10DAA000A576A596AD972145212521045B0DADB73F
:10DAB000B5F8BDF9BE19BE39298629662966636E97
:10DAC000C67ACE9BCE9BCE9BCEBBCEDCCEDCD6FC2C
:10DAD000D6FCDF1C31C831C84ACCDF3DDF5DDF5DDD
:10DAE000E75DE77DE77DE77D10C408A3636F8CB435
:10DAF0006BD0DF7DBE3AA577B6195B2E9D799D79F7
:10DB00009558530E52ED94B48431214500410041A3
:10DB1000298652CC9D359D35A556A556A576AD973F
:10DB200021452125190573D0ADB7B5F8B5F9BE1952
:10DB3000BE392986296629666B8FC67AC69B31E86D
:10DB400031E831E831E8320832093A0939E831E898
:10DB500031E852ECDF3DDF5DDF5DE75DE75DE75D0E
:10DB6000E77D10C408A3636E8CD47411DF5DB63AF0
:10DB7000A578BE19532E9D799D79955852ED4ACCC2
:10DB800094938431212500410041298652CB9D3553
:10DB90009D35A536A556A576AD9721452125422967
:10DBA0004A8BADD7B5D8B5F9BE19BE1929862966F5
:10DBB00031C77C11C67AC67B3A093A093A093A0953
:10DBC0003A293A2A320831E831C832085B4EDF3D43
:10DBD000DF3DDF5DDF5DDF5DDF5DE75D10A308A397
:10DBE000636E8CD46BB0DF5DB6199D77B619530D9B
:10DBF00095588CF56BD152ED4AEC94B38451214584
:10DC000000410021298652CB9D359D35A536A5566C
:10DC1000A576D6DC2145214552CCA556B5B8B5D858
:10DC2000B5F8BE19BE1929862986530C638FC67AAA
:10DC3000CEBB3A49422942294249426A424A3A09FC
:10DC400031E831E86BAFDF3DDF3DDF3DDF5DDF5DBC
:10DC5000DF5DDF5DE75D10C308A3634E8CB46BAF7F
:10DC6000DF3DA5969D35B5F84ACD8CD55B6F5B2E13
:10DC700052ED52EC94B384312145004100212986B4
:10DC80005B0C9D159D35A536A556A576A576A57682
:10DC9000AD97AD97ADB7B5B8B5D8B5F8BE19BE1943
:10DCA000BE19BE19BE39C65AC67ACE9BD6FCE75EEF
:10DCB000EF9FE75ECE7BA57794D48C93E75ED71D6C
:10DCC000DF1DDF3DDF3DDF3DDF5DDF5DDF5DDF5D14
:10DCD00010C408A3634E8CD46BB0DF3DA5969D1590
:10DCE000B5D84ACC84B55B4F532E52ED52EC94B369
:10DCF00084312125004100212986632D9D159D3504
:10DD00009D36A556A576A576A576AD97AD97ADB708
:10DD1000B5D8B5D8B5D8B5F9BE19BE19BE3AC65AE8
:10DD2000C65AC67AC67AC69BCE9BCE9BCEBBCEBC0D
:10DD3000CEDCD6DCD6FCD71DD71DD71DD73DD73DB1
:10DD4000DF3DDF3DDF5DDF5DDF5D190408A3634E6E
:10DD50008CD46BB0DF3DAD969D15B5F94ACD7C7482
:10DD60005B4E530E52ED52CC94B3843119240041D2
:10DD70000021296639C894F49D159D36A556A576CF
:10DD8000A576A576A596ADB7ADB7B5B8B5D8B5D8D3
:10DD9000B5F8BE19BE19BE39C63AC65AC67AC67A91
:10DDA000C69BCE9BCEBBCEBBCEBCCEDCCEDCD6FCE7
:10DDB000D6FDD71DD71DD71DD71DDF3DDF3DDF3D6C
:10DDC000DF5DDF5D216610A35B2E8CD56BB0DF3D80
:10DDD000AD979D15B5F94ACD7C73532E532E52ED58
:10DDE0004ACC94B37C10B5B7006100410040214596
:10DDF00052AC9CF59D35A5369D56A576A576A59782
:10DE0000AD97ADB7ADB8ADD8B5D8B5F8BDF9BE19B9
:10DE1000BE19BE39BE5AC65AC67AC67ACE9BCEBB8A
:10DE2000CEBBCEBBCEBBCEDCCEFCD6FCD6FDD71D4A
:10DE3000D71DD71DDF3DDF3DDF3DDF3DDF3D10C39B
:10DE400010A35B2E9515A556DF1DBE189D35B5D8C0
:10DE50004ACD7C735B6E638F6BF163D195377C1118
:10DE60008431CEBB004100410020214684729D15C3
:10DE70009D359D55A556A576A596AD97ADB7ADB781
:10DE8000ADB8B5D8B5D8B5F8BE19BE19BE19C63AE1
:10DE9000C65AC67AC67AC69BCE9BCEBBCEBBCEDC5C
:10DEA000CEDCCEDCD6FCD6FCD6FDD71DD71DDF3DA3
:10DEB000DF3DDF3DDF3DD6FC10A308A35B0D8CD515
:10DEC0007411DF1DB6189D15B5D84AAC84B4ADF9F0
:10DED0006BF1B61B8494638F636E7C11845231C7DF
:10DEE000004100410041298794D49D159D35A556D8
:10DEF000A576A576A597ADB7ADB7ADB7ADD8B5D872
:10DF0000B5F9B5F9BE19BE19BE39BE5AC65AC67A98
:10DF1000C67AC69BC69BC6BBCEBBCEDCCEDCD6FCCF
:10DF2000D6FCD6FCD71DD71DD71DDF1DDF3DDF1D5D
:10DF300010A308A310C35B2EA5B8C69CD71DB5F8C7
:10DF40009D15B5F800214AACBE5AD6FCDF5D7412AF
:10DF50007C534AAC5B0D7C3184520062006100410D
:10DF600010C49CD49D159D35A556A576A596A5965D
:10DF7000ADB7ADB7ADB7ADB8B5D8B5F8B5F8BE1952
:10DF8000BE19BE39BE39C65AC67AC67BC69BC69B69
:10DF9000C69BCEBBCEBBCEDCCEDCCEFCD6FCD6FD4B
:10DFA000D71DD71DDF1DD71D10A310A308A33A0945
:10DFB0008CD5B61ACEFCD6DC9D359D35ADB700218B
:10DFC0000021426BA598B61A8CD6A5B96BD14AAC84
:10DFD00073B07C5284520020004100412146BDF8BC
:10DFE0009D159D55A576A576A576AD97AD97ADB750
:10DFF000ADB7ADD8B5F8B5F8B5F9BE19BE19BE398B
:10E00000BE3AC67AC67AC67BC69BCE9BCEBBCEBB7B
:10E01000CEDCCEDCCEFCD6FCD6FCD6FCD6FCD6FCC8
:10E0200008A310A310A319258CF5BE7BCEBCCEDCB3
:10E030009D359D159D3594F4006100610021426A73
:10E0400074326BF26BD2BE5B63904AAC7411845233
:10E050008C7200410041002129879D159D15A55610
:10E06000A576A576A596ADB7ADB7ADD7ADD7B5F8C2
:10E07000B5F8B619BE19BE19BE19BE3AC65AC67A47
:10E08000C67AC67AC69BCE9BCEBBCEBCD6DCD6DCCF
:10E09000CEFCD6FCD6FCD6FC52EC10A310C319253E
:10E0A0008494B63BC6BCCEBB9D359D159D15A5562B
:10E0B000006100610061006100213A097433A59993
:10E0C0009D78BE5B636F4AAB74118452AD7600419C
:10E0D0000041000131A74AAB9D35A556A576A5762E
:10E0E000AD96ADB7ADB7ADD7B5D7B5F8B5F9BE19E3
:10E0F000BE19BE39BE39C65AC65AC67AC67AC69B3A
:10E10000CE9BCEBBCEBBCEBCCEDCCEDCD6FCD6DC32
:10E11000B63908A310A310E48493BE7BC67BCEBBA4
:10E12000BE7A9D359D15ADB8006200610041006169
:10E130000061004108833A4A9D99A5B99538B61AFD
:10E14000636E4A8B7C328452EF7E00410041002096
:10E150003187636EA556A576A596AD97ADB7ADB7D9
:10E16000ADD7ADD7B5F8B5F8B5F9BE19BE19BE39FA
:10E17000BE3AC65AC65AC67AC69BC69BCE9BCEBB73
:10E18000CEBBCEBCCEDCCEDCCE9B10A308A310E46D
:10E190008472B61AADF9C69BCE9BD6FC9D35ADB840
:10E1A000088200610081004100610061004100417E
:10E1B00029C75B4F9D99A5B99558BE5B5B4F52EC43
:10E1C00084528C728C9200410041002039C88C939B
:10E1D000A576A596AD96ADB7ADB7ADD7ADB7B5D869
:10E1E000B5F8B5F8BDF9BE19BE19BE3ABE3ABE5A69
:10E1F000C67AC67BC69BC69BCEBBCEBBCEBBCEBBB8
:10E20000CEBB08A308A308A374119D77A5B8C67B4D
:10E21000C67BD71DA597A5560883086200610081BB
:10E2200000410061006100610041004131E88D164C
:10E23000A5B9A5B9ADD9ADF952ED636E84528C7311
:10E24000008200410041088231C89D35A576A5961F
:10E25000ADB7ADB7ADB7ADB7B5D8B5F8B5F8BE1970
:10E26000BE19BE19BE39BE39BE3AC65AC67AC69B59
:10E27000C69BCE9BCEBBCEBBCE9B08A308A3108370
:10E28000320974129D77BE7AC67BD71DCE9B9D56F0
:10E2900052EC086208620081008100410061006167
:10E2A000006100410041004132099D79A5B9A5B93D
:10E2B000B65BADF94AAC7C1184728C93004100418D
:10E2C00000412966BE399D36A576A576A596ADB7DF
:10E2D000ADB7ADD7B5D8B5F8B5F8B618BE19BE19F3
:10E2E000BE39BE39C65AC65AC67AC67BC69BCE9BB5
:10E2F000CE9B08830883088210E46BD08CD5BE5A6D
:10E30000C67ACEFCD6FD9D3594F4086108610061A3
:10E3100000810082004100610061006100610061D4
:10E32000004100413A29B61AA5B9A5BABE7B74329C
:10E330004AAC84738C9394B3004100410061214541
:10E340006BCF9D359D35A576B5D8BE39ADD8B5F81E
:10E35000A5978CD47C727C527C52847394F49D3645
:10E36000A597ADD8BE39BE3AC65A10A3088210830D
:10E3700010A36BB07C73BE3ABE5AC65AD6FC9D152C
:10E38000A597086200610061008100810862004178
:10E3900000610061006100610061006100410041B5
:10E3A0003A29B61AA5BAA5DABE7B6BD152ED94D440
:10E3B0008CB39D1400410061004100610062006265
:10E3C0000062006208610061006108610061006232
:10E3D0000062086200420062086208620861088206
:10E3E00008820882088208820883636F7C11BE3924
:10E3F000BE5ABE5ADF1D9D15ADB808820862006185
:10E4000000810081088208620041006100610061B2
:10E410000061006100610061004100213A4A84D638
:10E42000B63BC69CC67B6BD05B2E8CB38CD3C659D7
:10E430000061008100820081008100820062006230
:10E4400000810882008208820882088200620062DD
:10E4500000620862086208820882088208820882D4
:10E4600008A26BD06BAFA577BE3ABE5AD71D94F405
:10E47000ADB7006208820062008100820862086213
:10E4800008620041006100410061006100610061BB
:10E490000061006100610042428B84F67C74C69C7E
:10E4A000C69C6BD073F18CB38CB3EF7E088208826C
:10E4B000086208820882088208820862088208824C
:10E4C00008A20882088208820882086208820882FC
:10E4D0000882088208820882088273F05B2E73F13A
:10E4E000B619BE3A94F5ADB79D3508830862086247
:10E4F000006200620882086208620862004100410E
:10E500000061004000410041004100610061006184
:10E510000041088352EDB63AC6BCCEFD7C736BD188
:10E5200074118CB494D34AAB0882086208820882C2
:10E5300008A208820882088208820882088208826B
:10E54000088208820882088208820882088208827B
:10E5500008A23A4A428B73F0BE19BE3984B4A5773B
:10E560008CB4424A0062086208620862086208626B
:10E5700008620862086200410061006100400841D1
:10E58000004100610061006100610061004131E80B
:10E590005B4FCEFDD71DC69B74327432A59794D4C1
:10E5A00094D49D1594D494F49D14A535A576B5F80E
:10E5B000CE9ADEFCDF3DE75EEF7FEF9FEF7FEF9FC0
:10E5C000F7BFEFBFEF7FE77FE77EEF9FD6FDC67B0C
:10E5D000B5F9B6397C53A5B884B4B5B808620862F9
:10E5E00008620862086208620862086208620862DB
:10E5F00000410061004108410041004100410041EB
:10E6000000610061006100610061426A7C52D71DB7
:10E61000D73DA59773F163B09D7794D494F494F4A7
:10E6200094F494F495149D149D359D359D359D3538
:10E63000A556A576A576A576AD96ADB7ADB7ADB71F
:10E64000ADB8B5D8B5D8B5D8B5F8B6199515A5777C
:10E6500084939D3608620862086208620862086254
:10E6600008620862086208620862004100610041B5
:10E670000041004100410041004100610061006132
:10E680000061006100414ACCCEDCDF5DDF5D849437
:10E6900073F16BF174328CB49D16A578ADD9C67B3D
:10E6A000CEBCADD9B61AB63AB63AADF9ADF9AE1997
:10E6B000B63AB61AB639BE5ABE5ABE39B5F9BE39DF
:10E6C000B619B61AB61A8CF57C539D5608620062CC
:10E6D00008620862086208620862086108610881CD
:10E6E0000882086200410061004100410041004190
:10E6F00000410041006100610041004100410041D2
:10E7000000414ACCDF5EDF5DE77D7C7474126BD222
:10E71000530E532E532E5B2E530E530E5B4F636FCF
:10E72000639063906BD0741173F174127412636F01
:10E73000636F63AF63B06BD16BF1A5989557849409
:10E740007C539535086208620862086208620862B4
:10E7500008620862088208A20882088208620041F2
:10E7600000410040004100410020004000410041C4
:10E7700000410041004108410041004100215B0D82
:10E78000E77EE77DE77E7C536BF25B2E532E5B2E9C
:10E790005B2E5B2E5B2E5B2E5B2E5B2E5B4E5B4EF1
:10E7A0005B4F5B4F5B6F5B6F638F63B063B06BF10D
:10E7B0006BD06BD1A5988CD584B48CD408830862B7
:10E7C0000882088208820862086208620862088279
:10E7D00008A20882088208820041084100410041E5
:10E7E000004100210020084100410041006100413A
:10E7F000004100410041004100415B2D8CD3ADB789
:10E80000A577CEBCCE9BCEBCD6DCD6FDD6FDD6FD44
:10E81000D6DCC69BBE5AB5F9A5779D3695159D5693
:10E82000ADD8B619B63ABE3ABE5AC69BBE5AB61A4B
:10E83000A598ADD82146086208820882088208623D
:10E8400008620862086208620882088208820882F8
:10E8500008820000000000000E32C93AD542493B50
:10E86000EEED963BD542C93B588FFB3B1FF2163C61
:10E870006118303CD542493C1669623C588F7B3C5C
:10E88000CD5A8A3C07F0963C2783A33C4816B03CFF
:10E8900069A9BC3C8A3CC93CABCFD53CCC62E23CCC
:10E8A000EDF5EE3C0D89FB3C0B0D043D9B560A3DFE
:10E8B0002CA0103DB0E8163D40321D3DC47A233DEA
:10E8C00048C3293DCC0B303D5054363DD49C3C3D93
:10E8D00058E5423DDC2D493D53754F3DD7BD553D73
:10E8E0004F055C3DC74C623D3E94683DB6DB6E3DD6
:10E8F0002D23753DA56A7B3D88D8803DBDFB833DBA
:10E90000791F873DAF428A3DE4658D3D9488903DF7
:10E91000C9AB933D79CE963DAEF1993D5E149D3DD8
:10E920008736A03D3659A33DE57BA63D0E9EA93D09
:10E9300038C0AC3D61E2AF3D8A04B33D2D26B63D03
:10E94000D047B93DF969BC3D158BBF3DB8ACC23D60
:10E95000D5CDC53D78EFC83D9510CC3D2B31CF3D91
:10E960004852D23DDE72D53D7593D83D0BB4DB3DA8
:10E970001BD4DE3DB2F4E13D3C14E53D4C34E83DB2
:10E980005C54EB3DE773EE3D7193F13D74B2F43DA1
:10E99000FED1F73D02F1FA3D800FFE3D4297003E69
:10E9A0008126023EBFB5033EFE44053EFAD3063E35
:10E9B000F662083EAEF1093EAA800B3E620F0D3EA4
:10E9C000D89D0E3E912C103E06BB113E7B49133E56
:10E9D000AED7143EE065163E13F4173E0282193E90
:10E9E000F10F1B3E9D9D1C3E8C2B1E3EF5B81F3E1D
:10E9F000A246213E0BD4223E7461243E9AEE253E6F
:10EA0000C07B273EE608293EC8952A3EAB222C3E15
:10EA10004BAF2D3EEB3B2F3E8AC8303EE754323E93
:10EA200043E1333E5D6D353E76F9363E9085383EA6
:10EA300066113A3E3D9D3B3ED0283D3E63B43E3E8E
:10EA4000B33F403E04CB413E5456433E61E1443E19
:10EA50002B6C463E38F7473EBF81493E460C4B3E45
:10EA6000CC964C3E53214E3E54AB4F3E9835513ED2
:10EA700098BF523E5649543E13D3553E8E5C573E86
:10EA800008E6583E3F6F5A3E77F85B3EAE815D3EEA
:10EA9000A20A5F3E5393603E041C623E72A4633E32
:10EAA000E02C653E0BB5663E363D683E1EC5693EB0
:10EAB000054D6B3EAAD46C3E0C5C6E3E6DE36F3E22
:10EAC000CF6A713EEDF1723EC878743EA4FF753E88
:10EAD0003C86773ED40C793E29937A3E3B197C3EA6
:10EAE0004D9F7D3E5F257F3E9755803E5D18813E60
:10EAF00001DB813EA69D823E4A60833EAB22843E7E
:10EB00002EE5843E6EA7853EAD69863ECB2B873EC3
:10EB1000E9ED873EE6AF883EE371893E9C338A3E4D
:10EB200056F58A3E0FB78B3EA7788C3E1D3A8D3E38
:10EB300094FB8D3EE8BC8E3E1C7E8F3E4F3F903E48
:10EB40003F00913E51C1913E1F82923EEE42933E64
:10EB5000BC03943E48C4943ED384953E3D45963EC6
:10EB6000A705973EEFC5973E1686983E1B46993EF1
:10EB700021069A3E04C69A3EC6859B3E89459C3E28
:10EB800029059D3EA8C49D3E06849E3E63439F3E4C
:10EB90009F02A03EB9C1A03EB280A13EAB3FA23EC3
:10EBA00082FEA23E38BDA33EEE7BA43E603AA53E67
:10EBB000D3F8A53E45B7A63E7575A73EA433A83E3B
:10EBC00091F1A83E9FAFA93E6A6DAA3E132BAB3EC2
:10EBD000BCE8AB3E44A6AC3EAA63AD3E1021AE3EBF
:10EBE00033DEAE3E569BAF3E5858B03E3815B13E70
:10EBF000F6D1B13EB48EB23E304BB33EAB07B43E1D
:10EC000005C4B43E3D80B53E753CB63E6AF8B63E9E
:10EC10005FB4B73E3370B83EE52BB93E75E7B93EF9
:10EC2000E4A2BA3E535EBB3E7E19BC3EAAD4BC3EB3
:10EC3000B48FBD3E7B4ABE3E4205BF3E09C0BF3ECB
:10EC40008D7AC03EF034C13E52EFC13E93A9C23E20
:10EC50009163C33E8F1DC43E6BD7C43E2591C53E14
:10EC6000BE4AC63E3604C73EADBDC73EE276C83E8C
:10EC7000F52FC93E08E9C93ED7A1CA3EA75ACB3EE7
:10EC80005513CC3EE2CBCC3E2B84CD3E753CCE3EE4
:10EC90009DF4CE3EA3ACCF3E8864D03E4C1CD13E0A
:10ECA000EDD3D13E6E8BD23EEE42D33E2BFAD33E15
:10ECB00046B1D43E4068D53E191FD63EF1D5D63E6A
:10ECC000878CD73EFA42D83E6EF9D83E9FAFD93EE8
:10ECD000AE65DA3E9B1BDB3E89D1DB3E3387DC3EF3
:10ECE000BC3CDD3E24F2DD3E8BA7DE3EAF5CDF3E6A
:10ECF000B211E03E93C6E03E537BE13EF12FE23E8F
:10ED00006DE4E23EC898E33E014DE43E1901E53E64
:10ED10000FB5E53EC268E63E761CE73E07D0E73E0B
:10ED20005683E83EA436E93EAFE9E93EBB9CEA3EA5
:10ED3000834FEB3E2A02EC3EAFB4EC3E1267ED3E51
:10ED40005419EE3E75CBEE3E527DEF3E302FF03E35
:10ED5000CAE0F03E6492F13EBB43F23EF1F4F23E73
:10ED600005A6F33EF756F43EC807F53E78B8F53EE3
:10ED7000E468F63E5019F73E79C9F73E8179F83ECE
:10ED80006729F93E2BD9F93EAD88FA3E2E38FB3E75
:10ED90006DE7FB3E8996FC3EA645FD3E5EF4FD3EDA
:10EDA00016A3FE3EAD51FF3E0000003F1957003F45
:10EDB00021AE003F1805013FFF5B013FC4B2013F98
:10EDC0007809023F1C60023FAEB6023F300D033FA0
:10EDD0009163033FE0B9033F1F10043F4D66043FBA
:10EDE0006ABC043F6612053F5168053F2BBE053FD4
:10EDF000F513063F9C69063F34BF063FBA14073F30
:10EE00002F6A073F83BF073FD714083F0A6A083FAE
:10EE10001ABF083F2B14093F1A69093FF9BD093F82
:10EE2000B6120A3F73670A3F0EBC0A3F99100B3FA8
:10EE300002650B3F5AB90B3FA20D0C3FD8610C3F46
:10EE4000FEB50C3F030A0D3FE65D0D3FC8B10D3F17
:10EE50008A050E3F3A590E3FC9AC0E3F58000F3F8E
:10EE6000C5530F3F11A70F3F5DFA0F3F774D103F7E
:10EE700090A0103F88F3103F6F46113F4699113F15
:10EE8000FBEB113F9F3E123F3291123FA4E3123F32
:10EE90000536133F4488133F83DA133F912C143F08
:10EEA0009E7E143F89D0143F6422153F1D74153F88
:10EEB000C5C5153F5D17163FD368163F38BA163FD4
:10EEC0007C0B173FAF5C173FD1AD173FD2FE173F0A
:10EED000C24F183F90A0183F4EF1183FFA41193F1A
:10EEE0008692193F00E3193F59331A3FA1831A3F15
:10EEF000D8D31A3FEE231B3FF3731B3FD7C31B3FEF
:10EF0000A9131C3F5A631C3FFBB21C3F79021D3FF3
:10EF1000F8511D3F45A11D3F80F01D3FAB3F1E3FF7
:10EF2000B48E1E3FADDD1E3F842C1F3F4A7B1F3F2A
:10EF300000CA1F3F8318203F0667203F67B5203F68
:10EF4000A703213FD751213FF59F213FF2ED213FFC
:10EF5000CD3B223F9889223F52D7223FEA24233FCC
:10EF60007172233FD7BF233F1B0D243F4F5A243FCD
:10EF700072A7243F73F4243F5341253F228E253F3F
:10EF8000CFDA253F6B27263FF773263F51C0263F38
:10EF9000AA0C273FE258273FF8A4273FEDF0273F70
:10EFA000E23C283FA488283F56D4283FF71F293F3A
:10EFB000666B293FD4B6293F21022A3F4D4D2A3F97
:10EFC00057982A3F61E32A3F382E2B3FFF782B3F8B
:10EFD000A4C32B3F390E2C3FAC582C3F0EA32C3F23
:10EFE0004EED2C3F6D372D3F7C812D3F68CB2D3F63
:10EFF00044152E3FFF5E2E3F97A82E3F1FF22E3F57
:10F00000863B2F3FDC842F3F10CE2F3F2217303F0F
:10F010002460303F04A9303FC3F1303F713A313FA3
:10F020000E83313F79CB313FD313323F0C5C323FFB
:10F0300033A4323F39EC323F1E34333FF27B333F4F
:10F04000A4C3333F350B343FB552343F139A343F9A
:10F0500061E1343F7C28353F976F353F80B6353FBF
:10F0600059FD353F0F44363FA48A363F28D1363FFD
:10F070008B17373FCC5D373FFDA3373F0CEA373F57
:10F08000F92F383FD575383F80BB383F2A01393FCB
:10F09000A246393F098C393F4ED1393F72163A3F6B
:10F0A000855B3A3F77A03A3F47E53A3FF6293B3F39
:10F0B000936E3B3F10B33B3F6AF73B3FB43B3C3F53
:10F0C000DC7F3C3FE3C33C3FC8073D3F9D4B3D3F9A
:10F0D000508F3D3FE1D23D3F51163E3FB0593E3F3C
:10F0E000ED9C3E3F09E03E3F03233F3FED653F3F40
:10F0F000A4A83F3F4AEB3F3FE02D403F4370403FD5
:10F1000096B2403FC7F4403FD636413FD578413FA5
:10F11000A1BA413F5DFC413FF73D423F6F7F423F17
:10F12000D7C0423F1D02433F3143433F4584433FE5
:10F1300026C5433FE605443F9546443F2387443F69
:10F140008FC7443FD907453F1348453F1A88453F7D
:10F1500011C8453FE607463F9947463F3C87463F33
:10F16000ACC6463F0C06473F4A45473F6684473F8B
:10F1700061C3473F3A02483F0341483F997F483FB8
:10F180001FBE483F83FC483FC53A493FE678493FA8
:10F19000F6B6493FD3F4493FA0324A3F4C704A3F4C
:10F1A000D6AD4A3F3EEB4A3F85284B3FAA654B3FD1
:10F1B000BEA24B3FA0DF4B3F711C4C3F21594C3F3F
:10F1C000AF954C3F1CD24C3F670E4D3F904A4D3F90
:10F1D000A9864D3F8FC24D3F65FE4D3F193A4E3FC8
:10F1E0009B754E3F0CB14E3F5BEC4E3F89274F3F26
:10F1F000A6624F3F919D4F3F5AD84F3F1213503F49
:10F20000984D503F0E88503F61C2503F83FC503FA5
:10F210009336513F8270513F50AA513FFCE3513F1A
:10F22000861D523F0057523F4790523F6DC9523F93
:10F230008202533F643B533F3674533FD6AC533F37
:10F2400064E5533FC11D543F0C56543F378E543F25
:10F250003FC6543F15FE543FDB35553F7F6D553F4C
:10F2600001A5553F62DC553FA113563FBE4A563FAC
:10F27000BA81563F95B8563F4EEF563FE525573F6A
:10F280006C5C573FC092573FF3C8573F04FF573F4E
:10F29000F434583FC26A583F7FA0583F0AD6583FBF
:10F2A000740B593FBC40593FE275593FF8AA593F8A
:10F2B000DBDF593F9C145A3F3D495A3FBB7D5A3FC3
:10F2C00029B25A3F64E65A3F7E1A5B3F774E5B3F56
:10F2D0004D825B3F03B65B3F96E95B3F081D5C3F99
:10F2E00059505C3F88835C3F95B65C3F81E95C3F49
:10F2F0004C1C5D3FF44E5D3F7C815D3FD0B35D3F74
:10F3000015E65D3F37185E3F274A5E3F077C5E3F4C
:10F31000C5AD5E3F50DF5E3FBA105F3F14425F3FB6
:10F320003B735F3F40A45F3F34D55F3FF705603FCD
:10F330009736603F1767603F7497603FB0C7603F84
:10F34000BAF7603FB327613F8A57613F2F87613F1C
:10F35000C3B6613F25E6613F7715623F9544623F42
:10F360009373623F6EA2623F28D1623FC1FF623F4A
:10F37000382E633F8E5C633FB18A633FC3B8633FFF
:10F38000A3E6633F7214643F0F42643F8B6F643F98
:10F39000E59C643F1DCA643F34F7643F2924653F00
:10F3A000EC50653F9E7D653F1DAA653F8CD6653F4D
:10F3B000C902663FE42E663FDE5A663FA586663F79
:10F3C0005BB2663FF0DD663F5309673F9434673FA9
:10F3D000C45F673FC28A673F8DB5673F48E0673FBC
:10F3E000E10A683F4835683F9E5F683FC289683FD1
:10F3F000C4B3683FA5DD683F6407693FF030693FEB
:10F400006C5A693FB683693FDEAC693FE5D5693F19
:10F41000CAFE693F8D276A3F2F506A3F9E786A3F38
:10F42000ECA06A3F19C96A3F24F16A3F0D196B3F8E
:10F43000D5406B3F6A686B3FEF8F6B3F41B76B3FC7
:10F4400072DE6B3F71056C3F5E2C6C3F1A536C3F54
:10F45000C4796C3F3CA06C3F93C66C3FB7EC6C3FEB
:10F46000CB126D3FAC386D3F6C5E6D3F0A846D3FD3
:10F4700086A96D3FE1CE6D3F0AF46D3F11196E3FD5
:10F48000F73D6E3FBB626E3F5D876E3FCDAB6E3F1B
:10F490001CD06E3F49F46E3F55186F3F3E3C6F3FA6
:10F4A000F65F6F3F8C836F3F01A76F3F53CA6F3F7B
:10F4B00085ED6F3F8410703F6133703F1D56703F84
:10F4C000B878703F309B703F77BD703F9CDF703FD6
:10F4D0009F01713F8123713F3145713FBE66713F8E
:10F4E0002B88713F76A9713F8ECA713F96EB713FB1
:10F4F0006B0C723F1F2D723FA14D723F116E723F18
:10F50000508E723F6DAE723F68CE723F31EE723FE9
:10F51000D80D733F5E2D733FC24C733F056C733F34
:10F52000158B733F04AA733FD2C8733F6DE7733FD7
:10F53000E605743F3E24743F7442743F8960743F13
:10F540006B7E743F2C9C743FCBB9743F38D7743FAB
:10F5500095F4743FBE11753FB62E753F9D4B753FB8
:10F560005168753FE484753F55A1753F94BD753F63
:10F57000C2D9753FBEF5753F8811763F412D763F64
:10F58000C748763F2C64763F5F7F763F809A763F10
:10F5900070B5763F2DD0763FD9EA763F5305773F59
:10F5A000AC1F773FE239773FE753773FCA6D773F2C
:10F5B0008B87773F2BA1773F99BA773FE5D3773F8A
:10F5C0000FED773F0806783FDE1E783F9337783F90
:10F5D0002750783F8868783FC780783FE598783F24
:10F5E000D1B0783FACC8783F44E0783FCBF7783F64
:10F5F0001F0F793F5226793F643D793F4354793F4D
:10F60000016B793F9D81793F1898793F60AE793FD2
:10F6100087C4793F7BDA793F5FF0793F10067A3F04
:10F620008F1B7A3FFD307A3F39467A3F535B7A3FF2
:10F630003B707A3F01857A3FA6997A3F29AE7A3F9F
:10F640007AC27A3FAAD67A3FA7EA7A3F93FE7A3FF8
:10F650004D127B3FD5257B3F4B397B3F904C7B3F09
:10F66000B35F7B3FA4727B3F73857B3F20987B3FDA
:10F67000ACAA7B3F06BD7B3F3ECF7B3F43E17B3F58
:10F6800028F37B3FEA047C3F8B167C3FFA277C3FC4
:10F6900047397C3F734A7C3F6C5B7C3F446C7C3FCA
:10F6A000E97C7C3F7E8D7C3FE09D7C3F10AE7C3FC3
:10F6B0002FBE7C3F1CCE7C3FD7DD7C3F81ED7C3F65
:10F6C000F8FC7C3F3D0C7D3F711B7D3F732A7D3FE5
:10F6D00043397D3F02487D3F8F567D3FE9647D3F42
:10F6E00032737D3F49817D3F3F8F7D3F029D7D3F4E
:10F6F000A4AA7D3F24B87D3F72C57D3F9ED27D3F49
:10F70000A8DF7D3F81EC7D3F38F97D3FCD057E3F11
:10F7100030127E3F711E7E3F802A7E3F7E367E3FC6
:10F720004A427E3FE44D7E3F6D597E3FB2647E3F4C
:10F73000E76F7E3FEA7A7E3FCB857E3F8A907E3FB1
:10F74000179B7E3F83A57E3FBCAF7E3FD4B97E3FF3
:10F75000CAC37E3F9FCD7E3F41D77E3FC1E07E3F03
:10F7600010EA7E3F3DF37E3F48FC7E3F21057F3F10
:10F77000D80D7F3F6E167F3FD11E7F3F13277F3FFF
:10F78000342F7F3F22377F3FEE3E7F3F99467F3FBA
:10F79000124E7F3F69557F3F9E5C7F3FA2637F3F54
:10F7A000836A7F3F32717F3FC0777F3F2C7E7F3FF0
:10F7B00066847F3F8F8A7F3F75907F3F4A967F3F69
:10F7C000ED9B7F3F5EA17F3FBDA67F3FDAAB7F3FD2
:10F7D000E6B07F3FBFB57F3F77BA7F3F0EBF7F3F29
:10F7E00072C37F3FB4C77F3FC5CB7F3FB3CF7F3F5F
:10F7F00080D37F3F1BD77F3F94DA7F3FECDD7F3F95
:10F8000022E17F3F15E47F3FF7E67F3FA7E97F3F97
:10F8100035EC7F3FA2EE7F3FDCF07F3FF5F27F3F8C
:10F82000DCF47F3FA1F67F3F44F87F3FC6F97F3F7E
:10F8300016FB7F3F33FC7F3F3FFD7F3F19FE7F3F3D
:10F84000C1FE7F3F47FF7F3FACFF7F3FEFFF7F3F22
:10F850000000803F74F80008000000203400000021
:10F8600000880008A8F8000834000020BC0C000044
:10F8700010880008100000000100000000000000D7
:10F880000024F4000A0000000000006400000A00E8
:10F890000000000000000000000000000A0000005E
:08F8A00005000000010000005A
:04000005080001D915
:00000001FF
