:020000040800F2
:10000000D80C0020ED010008E16B000899420008BF
:10001000BD640008D504000819860008000000002F
:1000200000000000000000000000000089710008CE
:10003000370B0008000000004F6D0008A179000890
:10004000070200080702000807020008070200086C
:10005000070200080702000807020008070200085C
:100060000702000807020008070200087D0A0008CE
:10007000890A0008070200080702000807020008B2
:100080000702000800000000F9020008070200084B
:10009000070200080702000807020008070200081C
:1000A000070200081D7A000807020008070200087E
:1000B000297A000807020008070200080702000862
:1000C00007020008070200080702000807020008EC
:1000D000070200080D860008070200080702000852
:1000E00007020008070200080702000807020008CC
:1000F00007020008070200080702000800000000CD
:1001000000000000070200080000000007020008CD
:1001100007020008000000000702000807020008AC
:10012000070200080702000807020008070200088B
:10013000070200080000000000000000070200089D
:10014000070200080702000800000000000000008D
:10015000000000000000000000000000000000009F
:10016000000000000000000000000000070200087E
:10017000070200080000000000000000000000006E
:10018000000000000702000800000000000000005E
:10019000000000000000000000000000000000005F
:1001A000000000000000000007020008070200082D
:1001B000070200080702000807020008000000000C
:1001C000000000000702000800000000000000001E
:1001D0000702000807020008DFF80CD000F07AF8E8
:1001E00000480047E9860008D80C002006488047F0
:1001F00006480047FEE7FEE7FEE7FEE7FEE7FEE70C
:10020000FEE7FEE7FEE7FEE70D7A0008D9010008E9
:100210002DE9F05F0546002092469B46884606463B
:10022000814640241BE0284641464746224600F0CE
:1002300041F853465A46C01A914110D31146184608
:10024000224600F028F82D1A67EB01084F46224697
:100250000120002100F01FF817EB00094E41201E7D
:10026000A4F10104DFDC484631462A464346BDE896
:10027000F09FD2B201E000F8012B491EFBD270477B
:100280000022F6E710B513460A4604461946FFF762
:10029000F0FF204610BD202A04DB203A00FA02F1CC
:1002A000002070479140C2F1200320FA03F3194364
:1002B00090407047202A04DB203A21FA02F0002106
:1002C000704721FA02F3D040C2F120029140084366
:1002D00019467047064C074D06E0E06840F0010300
:1002E00094E8070098471034AC42F6D3FFF778FF44
:1002F0001CF700083CF70008014801F049BA00006B
:100300003400002010B5846AE16D11F0500F06D062
:10031000E16DC90625D5204601F038FA10BDE06D23
:1003200040F40070E06520680168090716D505F003
:100330005FFD78B12068C068800400280ADBE06DAA
:1003400020F48070E065E06DC00403D4E06D40F0FF
:100350000100E065204601F017FA10BDC068800773
:10036000EBE7616D496BBDE81040084710B5806A46
:10037000C16D41F04001C165016E41F004010166AB
:1003800001F004FA10BD10B5806A01F0FEF910BD4D
:1003900070B5044600688168C1F3400505F018FD9A
:1003A00048B345BB2068816801F00D01012914D1D3
:1003B0008168124A1140891C81602168032008600D
:1003C00001F080FF054612E001F07CFF401B02288F
:1003D0000DD920688068C00709D0E06D40F010009A
:1003E000E065206E40F001002066012070BD2068AD
:1003F0008068C007E8D1002070BD0000C0FFFF7F0B
:10040000F8B5044600200090206805F0E1FCE8BB48
:1004100020688168214A11422ED18168D64331403B
:10042000491C81601E48806800F0E07000020DD514
:100430001C481D490068B0FBF1F0401C00EB400077
:10044000800000E0401E00900028FBD101F03AFF40
:1004500005461CE005F0BCFC20B9206881683140ED
:10046000491C816001F02EFF401B02280FD9206833
:100470000068C043C0070AD0E06D40F01000E0659E
:10048000206E40F0010020660120F8BD04E02068E5
:100490000168C943C907DDD10020F6E73F000080AD
:1004A000000300500C000020400D030090ED001AE6
:1004B000B4EEC01AF1EE10FA02D9B0EE410A01E032
:1004C00080ED000AB4EEE00AF1EE10FA01DBC0EDB7
:1004D000000A7047FEE74288002192B1B2F5806FB2
:1004E00015D28269816811448160026A01691144F0
:1004F000016142694168114441604188491C418061
:10050000704741708160016141604180E9E7826824
:10051000921282600269921202614268921200EEA7
:10052000102A4260D0ED0F0AB8EEC00A20EE200A71
:1005300080ED0D0A418001214170704790ED050A60
:10054000D0ED0F0AB8EEC00A20EE200A80ED0C0AAA
:10055000D0ED0D0A30EE600A80ED0E0A7047027889
:100560008168012A426801D18A1A42604369D21A1D
:1005700043785A4392FBF1F301FB1322002A00DA7D
:100580000A4400EE101AF8EEC00A00EE102AB8EE87
:10059000C00A80EE201A80ED071A704782688169D0
:1005A000D0ED100A8A1A90F900104A4300EE102A82
:1005B000B8EEC00A20EE200A80ED090A0369026A3B
:1005C000B1EE400AD21A4A4301EE102AB8EEC11A1F
:1005D00061EE200AC0ED0B0A30EE600A80ED0A0AD7
:1005E0007047D0E901128A1AC0E9021200EE102AFF
:1005F0004188F6EE000AB8EEC01A00EE101AB8EE06
:10060000400A20EE200AB4EEC01AF1EE10FA01DB27
:10061000521AC26000EE102A4B42B8EEC01A00EE29
:10062000103AB8EEC00A20EE200AB4EEC01AF1EE7D
:1006300010FA01D81144C160D0E9032111440161CD
:100640007047000030B59FED7A3AD0ED100AD0ED3A
:100650000F1ADFED783AF6EE002A21EEA30A00EE3B
:10066000E20A9FED751AF5EEC00A21EE811A00EE3E
:10067000E21AF1EE10FA01DD012300E00023B5EEED
:10068000C00AF1EE10FA01DD012200E00022B5EE11
:10069000C01AF1EE10FA01DD012100E0002189000D
:1006A00001EB4201CC18B0F8481000EE101AB8EE79
:1006B000400A9FED621A90ED112A072C20EE010AE4
:1006C00020EE201A60EEA30AFFEE083A81EE020A3D
:1006D000B7EE081A61EEA33A21EE814A01EE101A34
:1006E00001EE901AB8EE411AF8EE611A24EE014AB2
:1006F00063EEA13A01EE101A01EE901AB8EE411A1B
:10070000F8EE611A00EE814A40EEA13A84EE021A38
:10071000C3EE821A21D2DFE804F020071B04110C7B
:100720001600F1EE610A1CE0F0EE610AB0EE410A3B
:1007300017E0F0EE400AB1EE410A12E0F1EE400A95
:10074000B0EE610A0DE0F1EE410AB1EE610A08E097
:10075000F0EE410AB1EE400A03E0F0EE430AB0EEDB
:10076000430AB0F84A2030EE801A01EE902AF8EEE3
:10077000611AB4EEE11AF1EE10FA0FDD01EE902AE3
:10078000F8EE611A61EEA01AC1EE810A01EE902A1C
:10079000F8EE611A61EE801A81EE810A01EE101AFC
:1007A000F5EE001A072CB8EE411A31EE601A31EE60
:1007B000401A21EE211ABCEEC11A11EE101A8AB2AB
:1007C00001EE102AB8EE411A00EEA21AFCEEC10AA0
:1007D00010EE901A89B200EE901AF8EE600A40EE20
:1007E000220ABCEEE00A10EE103A9BB205D2DFE816
:1007F00004F004081A04110D150020F84C2F418054
:1008000002E020F84C1F4280838030BD20F84C3F2E
:1008100042800BE020F84C3F418002E020F84C1F62
:100820004380828030BD20F84C2F4380818030BDD2
:10083000000000002DB25D3F2DB25DBF2DB2DD3F47
:1008400013B5DFED311A03462DED020BF7EE000A6A
:10085000B0EE610A6846FFF729FEDDED000A9FED64
:100860002B1A2B4C60EE810AFCEEE00A10EE900A87
:1008700082B2900AC2F309020AD0012815D00228D8
:1008800020D003282FD0C3ED001AC1ED001A1FBDE0
:1008900004EB820090ED000AA4EB820000F54060BA
:1008A00083ED000A90EDFF0A2BE0A4EB820000F537
:1008B000406090EDFF0A04EB820083ED000A90EDAA
:1008C000000A0DE004EB820090ED000AA4EB820028
:1008D00000F54060B1EE400A83ED000A90EDFF0A9A
:1008E000B1EE400A0DE0A4EB820000F5406090ED0F
:1008F000FF0A04EB8200B1EE400A83ED000A90ED9E
:10090000000A81ED000A1FBD0000000000F07F45D5
:100910001CE70008D0ED030A90ED040AB7EE001AB8
:1009200030EEC00A10EE101A80ED050AC0ED040A80
:10093000B1F17C5F03DB30EE410A80ED050A10EE79
:10094000101AB1F13F4F03D330EE010A80ED050AD2
:10095000D0ED060A20EE200A80ED070AD0ED090A44
:10096000D0ED081A20EE200A71EE600A01EEA00A0E
:1009700080ED080A017800EE901AF8EE600A80EE29
:10098000201A80ED0A1A704790ED000ADFED070A81
:1009900080ED030A9FED061A20EE200AD0ED010A31
:1009A00000EE810A80ED040A704700003ACD133F43
:1009B00039CD933F70B5274C04F1B00094ED220A75
:1009C000054684ED2C0A94ED230A84ED2D0AFFF7E9
:1009D000DBFF284606F0A6F994ED330AD4ED370A7A
:1009E000F7EE001A94ED351A20EE200A71EEE00AB7
:1009F00004F5827001EE200A84ED350AD4ED340A44
:100A000094ED381A94ED362A60EE810A31EEC11A5F
:100A100042EE010AC4ED360AC4ED450A84ED530ADC
:100A200006F0DFF804F59E7006F0DBF894ED460A58
:100A3000284684ED3A0A94ED540A84ED390A04F00C
:100A40002FF894ED250A284684ED3D0ABDE8704054
:100A5000FFF7F8BD9804002010B50748044604F0DD
:100A60001FF805492046B03991ED250A81ED3D0A70
:100A7000BDE81040FFF7E6BD48050020014801F041
:100A800022BA0000C8020020014801F01CBA000090
:100A9000280300200D4902688A4201D20C4901E076
:100AA0000B492031D2B21423083AB2FBF3F2436C63
:100AB00002F01F0223F003031944816404498031CA
:100AC000C1640121914001657047000008040240A3
:100AD000000802400179074A02EB81024265054A9B
:100AE0004432491E826501F01F0201219140C16517
:100AF00070470000FC08024030B5D0E9134565603E
:100B0000446D14B1D0E91645656090F8444004F096
:100B10001F050124AC40056C6C6004686360836849
:100B2000102B036803D099600068C26030BD9A60E2
:100B30000068C16030BD704790ED060AD0ED080A2C
:100B40009FED0F1A60EE200A90ED090A00EE810A6F
:100B5000F7EE000A10EE101A80ED090AB1F17E5F7F
:100B600003DB30EE600A80ED090AB5EEC00AF1EE53
:100B700010FA03D230EE200A80ED090A7047000017
:100B80008D7A883C0148006880B270472404004098
:100B900072B6FEE710B5642001F098FA04F034F85C
:100BA00005F076FF7F211F4800F04CF80A2001F085
:100BB0008DFA03221C491B4801F09CF83C211B487C
:100BC00002F006FD1A480021026851630268916331
:100BD0000068C163164802F007FF0421144802F0C0
:100BE00003FF0821124802F0FFFE114802F0B0FB9B
:100BF000104802F0ADFB104802F074FB01221146D0
:100C00000E4801F05AFB4FF0904401220221204689
:100C100001F053FB20460122BDE81040042101F001
:100C20004CBB000034000020400500209C01002047
:100C30000401002050010020E801002000040048C9
:100C400005F00CB9F8B500250446009590F8580059
:100C50000E4601280BD0012084F858002046FFF7EB
:100C600097FB0200E06D04D040F010002AE0022063
:100C7000F8BD20F4885040F00200E06520688168EB
:100C8000134B194006F08043194341F00041816045
:100C9000104B20680EE00099491C0091994209D33D
:100CA000E06D20F0020040F01000E06584F858503C
:100CB0000120F8BD8168C90FEDD1E06D20F0020080
:100CC00040F00100E06584F858501046F8BD00007F
:100CD000C0FFFF3F02DE0400704700002DE9F84F1F
:100CE0004FF000080446CDF800800D4694F85820D7
:100CF000DFF80094616947464046012A0AD0012680
:100D0000FD4A84F8586041B1296A012905D0A36ED3
:100D1000EBB129E00220BDE8F88F6868092838D1D6
:100D2000A96A4FF4785041B12B6801F07C0100EAC8
:100D300053400843E96A084302E0296800EA514049
:100D40002168CB6C13400343CB64606621E0C4E9A7
:100D50001971A96A286A31B101F07C01401E08436B
:100D6000E96A084300E0401E2968C1F384632979D9
:100D700001F01F018B400343A06E401EA066616E10
:100D800041EA0301616604D12068C36C13400B4340
:100D9000C364206805F018F858B995F8250098B193
:100DA0002068C16895F8262021F4401141EA42519B
:100DB000C160206805F018F88246206805F004F844
:100DC0005AEA00010DD0FAE095F8260095F82410B3
:100DD000400540EA01512068C26822F440121143E4
:100DE000E6E7A86A30B1E86A20B195F82500012845
:100DF0005DD003E095F82500012804D02068C16883
:100E000021F0007103E02068C16841F00071C16009
:100E100095F83000012851D02068016921F00201C5
:100E20000161AA6829682068B2F1004F37D004F048
:100E3000F6FF2068416921F00041416120686A693C
:100E4000C168C1F3C10149008A402969042943D01E
:100E500000EB81002B68016EDFF8A0C203F0F843BD
:100E600001EA0C011343194341F000410166226875
:100E70002869A96902EB8000026E22F080720A43A1
:100E80000266297F22682869012922D0002102EB0D
:100E90008000026E22F000720A4302668FE0002298
:100EA00004F0BDFF2068416941F00041C5E7E06DF5
:100EB00040F02000E0654FF00108A9E7D5E90D10EA
:100EC00001432068026922F4FF7242F002021143DA
:100ED000A6E74FF00071DAE7002104F06BFF400352
:100EE00020684FF0000171D004F064FF90FAA0F088
:100EF000B0FA80F1286842036DD090FAA0F0B0FA01
:100F000080F0814204D100221146206804F09EFF47
:100F10000121206804F04EFF400320684FF00101DA
:100F20005CD004F047FF90FAA0F0B0FA80F1286896
:100F3000420358D090FAA0F0B0FA80F0814204D178
:100F400000220121206804F081FF0221206804F0C2
:100F500031FF400320684FF0020147D004F02AFF20
:100F600090FAA0F0B0FA80F12868420343D090FADA
:100F7000A0F0B0FA80F0814204D100220221206862
:100F800004F064FF0321206804F014FF400320688C
:100F90004FF0030132D004F00DFF90FAA0F0B0FA48
:100FA00080F1286842032ED090FAA0F0B0FA80F0C9
:100FB000814204D100220321206804F047FF206809
:100FC00004F00AFF10B3B3E000E004E004F0F2FE26
:100FD000C0F384618EE7C0F3846092E704F0EAFE18
:100FE000C0F38461A3E7C0F38460A7E704F0E2FEE6
:100FF000C0F38461B8E7C0F38460BCE704F0DAFEB4
:10100000C0F38461CDE7C0F38460D1E721682A7B17
:10101000286851F8B03FC0F3120C23EA0C0302F029
:10102000180C374A22FA0CF2024013430B60E968AD
:1010300049457DD1286841031AD090FAA0F1B1FA50
:1010400081F1491C01F01F0109294FEA403130D8D4
:10105000002910D090FAA0F1B1FA81F101F101015B
:1010600001F01F0106FA01F608D1C0F3846109E01E
:10107000C0F38461E5E7C0F38461EFE790FAA0F183
:10108000B1FA81F101F1010101F01F0146EA81612C
:1010900002D1C0F3846003E090FAA0F0B0FA80F0CF
:1010A00000F1010000F01F0000EB400041EA005198
:1010B0003AE000290DD090FAA0F1B1FA81F101F1E6
:1010C000010101F01F0106FA01F605D1C0F38461A8
:1010D00006E0C0F38461F2E790FAA0F1B1FA81F181
:1010E00001F1010101F01F0146EA81610BD1C0F35A
:1010F00084600CE000007F400040100400F0FF031B
:10110000FFFF070014E090FAA0F0B0FA80F000F1C1
:10111000010000F01F002B4A00EB400002EB0050E2
:1011200041EA000141F00071AA68206804F077FEEE
:1011300025482968014240D0244A9068244B00F099
:10114000E070994202D0234B99421BD1030219D47B
:101150002168B1F1A04F30D1916840F4000021F036
:10116000E071014391601C481C490068B0FBF1F03C
:10117000801C00EB4000800000E0401E0090002832
:10118000FBD11AE0164D174BA94207D1C50105D472
:101190002168994211D040F0807009E0124DA942B7
:1011A0000BD1410209D42168994206D040F4800055
:1011B000916821F0E0710143916084F858704046D5
:1011C000A9E50000000020FE000008800003005098
:1011D000000021C31000C0900C000020400D03004F
:1011E000000052C700010050000084CB10B54FF042
:1011F000A040D0F880110F4CE167D0F88401C4F80A
:101200008400B4F8A800A067FFF7BCFC206406F0D7
:10121000B5FE05F03FFC0848B4F8FC1002685163C5
:101220000268B4F8FE1091630068B4F80011C1635D
:1012300010BD000098040020040100207047000049
:101240002DE9F04104464548806800F01F052068FC
:1012500004F0BAFD08BB2068C168C06C01F0004111
:1012600010F4C07F00D191B194F85800012814D037
:10127000012084F858002046FFF7C2F801004FF023
:1012800000070CD084F858700846BDE8F081E06D86
:1012900040F02000E0650120F7E70220F5E7E06D6F
:1012A000C00504D5206E20F00800206600E0276607
:1012B000E06D42F20102904340F48050E065284B1B
:1012C00020684FF0A046984201D1324600E0024625
:1012D000824200D01DB9E26D22F48012E2656022E4
:1012E000026084F858702068C268920203D5426890
:1012F00042F480624260A06908282068426807D0F2
:1013000022F0400242602068426842F0200206E07B
:1013100022F0200242602068426842F040024260AF
:101320002068984201D1324600E00246824209D04C
:1013300045B1062D06D0072D04D0E06D40F4801095
:10134000E065A1E7C26812F0007F9DD18268054B7D
:101350001A4042F00802826096E700000003005045
:1013600000010050C0FFFF7F704770472DE9F84F24
:1013700000270446009790F85800DFF8D8930D46F0
:10138000B846012810D0012684F85860206804F07F
:1013900027FD58B1E06D40F02000E065012784F89A
:1013A00058803846BDE8F88F0220FBE7D5E90021D8
:1013B0000C23206803EA91131844036B01F01F010A
:1013C0004FF01F0C0CFA01FCC2F3846223EA0C03F9
:1013D0008A4013430363206804F002FD82462068BC
:1013E00004F0EEFC5AEA00013CD1AA6829682068A2
:1013F000B2F1004F37D004F003FD2068416921F0BD
:101400000041416120686A69C168C1F3C1014900B6
:101410008A402969042931D000EB81002B68016ED4
:10142000DFF834C303F0F84301EA0C011343194316
:1014300041F00041016622682869A96902EB800039
:10144000026E22F080720A430266297F22682869B0
:10145000012910D0002102EB8000026E22F0007200
:101460000A4302667DE0002204F0CAFC206841695C
:1014700041F00041C5E74FF00071ECE7002104F0B6
:1014800093FC400320684FF0000171D004F08CFC05
:1014900090FAA0F0B0FA80F1286842036DD090FA7B
:1014A000A0F0B0FA80F0814204D1002211462068F9
:1014B00004F0C4FC0121206804F076FC400320689D
:1014C0004FF001015CD004F06FFC90FAA0F0B0FA8C
:1014D00080F12868420358D090FAA0F0B0FA80F06A
:1014E000814204D100220121206804F0A7FC0221DE
:1014F000206804F059FC400320684FF0020147D0F7
:1015000004F052FC90FAA0F0B0FA80F1286842038F
:1015100043D090FAA0F0B0FA80F0814204D10022CA
:101520000221206804F08AFC0321206804F03CFCBE
:10153000400320684FF0030132D004F035FC90FAEC
:10154000A0F0B0FA80F1286842032ED090FAA0F003
:10155000B0FA80F0814204D100220321206804F017
:101560006DFC206804F034FC10B3AAE000E004E055
:1015700004F01AFCC0F384618EE7C0F3846092E744
:1015800004F012FCC0F38461A3E7C0F38460A7E712
:1015900004F00AFCC0F38461B8E7C0F38460BCE7E0
:1015A00004F002FCC0F38461CDE7C0F38460D1E7AE
:1015B00021682A7B286851F8B03FC0F3120C23EA57
:1015C0000C0302F0180C654A22FA0CF20240134395
:1015D0000B60E968494574D1286841031AD090FA34
:1015E000A0F1B1FA81F1491C01F01F0109294FEA6C
:1015F000403130D8002910D090FAA0F1B1FA81F131
:1016000001F1010101F01F0106FA01F608D1C0F352
:10161000846109E0C0F38461E5E7C0F38461EFE72A
:1016200090FAA0F1B1FA81F101F1010101F01F017D
:1016300046EA816102D1C0F3846003E090FAA0F031
:10164000B0FA80F000F1010000F01F0000EB400054
:1016500041EA005131E000290DD090FAA0F1B1FA31
:1016600081F101F1010101F01F0106FA01F605D136
:10167000C0F3846106E0C0F38461F2E790FAA0F160
:10168000B1FA81F101F1010101F01F0146EA816126
:1016900002D1C0F3846003E090FAA0F0B0FA80F0C9
:1016A00000F1010000F01F002D4A00EB400002EBAA
:1016B000005041EA000141F00071AA68206804F07E
:1016C0009FFB2848296801423FF469AE264A90688A
:1016D000264B00F0E070994202D0254B99421CD174
:1016E00003021AD42168B1F1A04F7FF458AE91687B
:1016F00040F4000021F0E071014391601D481E4953
:101700000068B0FBF1F0401C00EB4000800000E0FE
:10171000401E00900028FBD141E6184D184BA9420D
:1017200007D1C50105D421689942F5D040F08070F9
:1017300009E0144DA942EFD14102EDD4216899424C
:10174000EAD040F48000916821F0E071014391609B
:1017500025E6000000007F4000F0FF03FFFF0700C8
:10176000000020FE0000088000030050000021C39C
:101770001000C0900C000020400D0300000052C774
:1017800000010050000084CB704770477047000094
:101790002DE9F05F0446006806684568DFF854B23A
:1017A000DBF8080000F01F07B0070ED5A8070CD51E
:1017B000E06DC00603D4E06D40F40060E0652046B3
:1017C000FFF78AFA216802200860DFF82CA2700770
:1017D0004FF0A04801D5680703D4300737D5280754
:1017E00035D5E06DC00603D4E06D40F40070E065CF
:1017F000206804F0FDFA20B32068504501D141462D
:1018000000E00146814208D03FB1052F05D0092FE5
:1018100003D0504503D1414602E0C16801E00146D2
:10182000C96889040DD4016809070AD504F0D8FAFB
:1018300058B3E06D40F01000E065206E40F001000C
:1018400020662046FFF7A0FF21680C200860B00644
:1018500001D5A80603D4700658D5680656D5E06DA4
:10186000C00603D4E06D40F40050E0652068C16C10
:1018700011F4C07F1AD00021894604F0B9FA02465B
:101880002068504514D1414613E02068416821F09A
:101890000C014160E06D20F48070E065E06DC004F3
:1018A000CFD4E06D40F00100E065CAE70121E3E735
:1018B0000146814208D03FB1062F05D0072F03D043
:1018C000504503D1414602E0C16801E00146C968C4
:1018D000B9F1000F14D08B0102D58AB18A040FD45C
:1018E000026852060CD589020AD404F069FAE8B3FA
:1018F000E06D40F01000E065206E40F001002066D1
:101900002046FFF773FC21686020086030060BD585
:10191000280609D5E06D40F48030E065204600F0EF
:1019200065F9216880200860F0050CD5E8050AD526
:10193000E06D40F40030E0652046FFF715FD2168BA
:101940004FF480700860B0050CD5A8050AD5E06D8D
:1019500040F48020E0652046FFF707FD21684FF442
:1019600000700860F0062ED5E80600E008E02AD5F1
:10197000E06BD0B1AFB1DBF8080000F4604013E0D9
:101980002068416821F060014160E06D20F48050E2
:10199000E065E06DC005B3D4E06D40F00100E065A6
:1019A000AEE72068C068C00750B1E06D40F48060C9
:1019B000E065206E40F0020020662046FFF7E6FE5C
:1019C000216810200860700512D5680510D5E06DFB
:1019D00040F48040E065206E40F0080020662168F9
:1019E0004FF4806008602046BDE8F05FFFF726BC3A
:1019F000BDE8F09F0003005000010050F8B54FF023
:101A0000000504002E46009502D0E06D10B107E0FD
:101A10000120F8BD204600F0EBF8266684F85860F7
:101A200020688168C1F3407119B18168674A11402B
:101A3000816020688168C1F3007189B98168644A56
:101A4000114041F080518160624863490068B0FBF9
:101A5000F1F04000801C00E0401E00900028FBD107
:101A600020688168C1F3007141B9E16D41F0100156
:101A7000E165216E41F001012166012504F0B0F914
:101A8000E16DC90600D430B1E06D40F01000E065B2
:101A900001252846F8BDE06D20F4807040F002007A
:101AA000E065206804F094F988B94FF0A0408068A0
:101AB0004A49C0F300008968C1F30001084306D118
:101AC000474960688A6822F47C1202438A60E168B0
:101AD000E06B627F0843A16841EA4231084394F811
:101AE000241040EA0140012904D1218D3D4A02EB36
:101AF00041410843E16A29B101F47871226B014345
:101B000042EA01002168CA68374B1A400243CA60A2
:101B100020680169626B21F0406111430161206816
:101B200004F04EF970BB207F94F83810800340EA2F
:101B300041012068C26844F202039A430A43C2602A
:101B400020690028206801690AD041F480310161D0
:101B5000206850F8C01F22696FF30D01114307E0A0
:101B600021F480310161206850F8C01F6FF30D012E
:101B7000016094F8400001280CD02068016921F030
:101B800001010161606901282068016B21F00F01EA
:101B900010D012E0D4E911100143D4E9130210432C
:101BA00001432068026940F2FC739A43114341F0FB
:101BB0000101E6E7226A521E11430163E06D20F045
:101BC000020040F00100E06563E70000C0FFFF5F36
:101BD000C0FFFF7F0C000020400D030000010050FB
:101BE000000300500000FEFF0740F0FF70470000B8
:101BF000F0B597B0064614216846FEF741FB442134
:101C000005A8FEF73DFB35493068884263D1C00125
:101C100005908003149005A800F052FC08B1FEF76F
:101C2000B7FF2F49C86C40F40050C864C86C00F47A
:101C300000501690C86C40F00100C864C86C00F0F9
:101C400001001690C86C40F00400C864C86C00F035
:101C500004001690C86C40F00200C864C86C0324ED
:101C600000F002001690502000258DE831006946F2
:101C70004FF0904000F03CFA202700976946194841
:101C8000CDE9014500F034FA48F204008DE8310056
:101C90006946154800F02CFA154C144820602420A1
:101CA000C4E901058020C4E9035040006061800060
:101CB0002562C4E90607204600F062F908B1FEF784
:101CC00067FF7465002201211220A66200F060FB0C
:101CD000122000F04FFB17B0F0BD000000010050D3
:101CE00000100240000800480004004808000240BC
:101CF000C80200202DE9F0410446344817468846C2
:101D0000806800F01F05206804F06AF800285AD1A6
:101D100094F85800012856D0012084F85800002675
:101D200025B1052D02D0092D00D003E02046FEF795
:101D300067FB18B184F85860BDE8F081E06D40F6AB
:101D40000161884340F48070E06521492068884241
:101D500002D14FF0A04100E00146814200D01DB900
:101D6000E06D20F48010E065E06DC00404D5206EC5
:101D700020F00600206600E02666616D1548C86206
:101D8000616D15480863616D1448486321681C2023
:101D9000086084F858602068416841F01001416093
:101DA0002068C16841F00101C16021683B4642469C
:101DB0004031606D00F044F921688A68084B1A4090
:101DC000121D8A60B8E70220B6E700000003005049
:101DD0000001005005030008870300086D03000898
:101DE000C0FFFF7F10B590F8252000210123022AB3
:101DF00003D00421C163012122E00268146824F0A9
:101E00000E041460826C146824F4807414600268F8
:101E1000146824F00104146090F84420046C02F06B
:101E20001F0203FA02F26260D0E913245460426D8B
:101E300032B1146824F480741460D0E9162454601C
:101E400080F82530002280F82420084610BD70B5A7
:101E500090F82510002401222346022907D00421EE
:101E6000C16380F8252080F82430012429E001682E
:101E70000D6825F00E050D6001680D6825F001055F
:101E80000D60816C0D6825F480750D6090F844102C
:101E9000154601F01F018A40016C4A60D0E9131217
:101EA0004A60416D31B10A6822F480720A60D0E95B
:101EB00016124A6080F8255080F82430816B01B1F9
:101EC0008847204670BDF0B4016C0B6801680A6851
:101ED00090F84440042504F01F0405FA04F61E425D
:101EE00011D056070FD50A68920603D40A6822F06B
:101EF00004020A6090F8441001F01F018D40016C4B
:101F00004D60016B1DE0022606FA04F71F424FF0F8
:101F1000000C4FF0010518D0970716D50A689206F5
:101F200005D40A6822F00A020A6080F8255090F869
:101F3000441001F01F018E40016C4E6080F824C0F7
:101F4000C16A00291AD0F0BC08470826A6401E42E4
:101F500014D0120712D50A6822F00E020A6090F817
:101F60004410026C01F01F0105FA01F15160C563D4
:101F700080F8255080F824C0416BE2E7F0BC704740
:101F800070B504000CD02B4A20681421904209D26D
:101F9000294A0244B2FBF1F18900616427490AE051
:101FA000012070BD234A52420244B2FBF1F1890084
:101FB0006164204908392164022184F825100168F0
:101FC00047F6F0729143D4E902231A43D4E9043569
:101FD0002B431A43A3691A43E3691A43236A1A433A
:101FE0000A4302602046FEF755FDA0680025B0F5C3
:101FF000804F00D16560A16C20790860D4E913019D
:1020000041606068401E032808D82046FEF762FD44
:10201000606D0560D4E91601416002E06565A56563
:10202000E565E563012084F8250084F8245000204C
:1020300070BD000008040240F8FFFDBF0000024030
:1020400070B5044690F82400002501280CD001202A
:1020500084F8240094F825600020012E06D084F82E
:1020600024000225284670BD022070BD022684F897
:102070002560E0632068066826F0010606602046B9
:10208000FEF73AFD206B00282068016802D041F07D
:102090000E0106E021F0040101602068016841F0B2
:1020A0000A010160A06C0168C90303D5016841F40D
:1020B00080710160606D18B1016841F48071016048
:1020C0002068016841F001010160CBE770B504466A
:1020D00000F0F8F80546601C02D00448406804444B
:1020E00000F0F0F8401BA042FAD370BD00000020C1
:1020F0002DE9F84FDFF888910022A9F1040B03279E
:102100004FF00F0C09F1040AABF1040EB1E0012508
:1021100095402B4073D00C7904F00304012C01D0BE
:10212000022C15D18668540007FA04F826EA08063E
:10213000D1F80C8008FA04F848EA0608C0F80880CC
:102140004468AC430D79C5F30015954025434560BF
:102150000C79E443A40708D0C568540007FA04F6D4
:10216000B5438E68A6402E43C6600C7904F0030484
:10217000022C11D1D40800EB8406356A5407E40E12
:102180000CFA04F825EA0805D1F8108008FA04F8DA
:1021900048EA0508C6F820800568540007FA04F6E6
:1021A000B5430E7906F00306A6402E4306604C6840
:1021B00014F4403F5CD0334C256E45F00105256694
:1021C000246E22F0030504F0010400942E4C05EB6C
:1021D0000408D8F808509407260F0CFA06F4A54313
:1021E000B0F1904F04D0294CA04203D1012417E054
:1021F000002415E0264CA04202D1022410E037E072
:10220000244CA04201D103240AE0234CA04201D176
:10221000042405E0214CA04201D1052400E006245D
:10222000B4402C43C8F80840D9F800404D464E68E9
:102230009C43F60200D51C432C60DAF8004055465A
:102240004E689C43B60200D51C432C60DBF800406E
:102250005D464E689C43B60300D51C432C60DEF8F7
:10226000004075464E689C43F60300D51C432C6025
:10227000521C0B6833FA02F47FF449AFBDE8F88FC3
:102280000804014000100240000001400004004822
:1022900000080048000C00480010004800140048E6
:1022A0000069084000D001207047426921EA02031A
:1022B0000A4043EA0241816170470AB18161704777
:1022C000816270470148806870470000000000206C
:1022D0000248816842681144816070470000002014
:1022E00010B50024032000F073F80F2000F008F868
:1022F00008B1012401E000F025F8204610BD0000DF
:1023000070B50E4E05460024706898B14FF47A718E
:10231000B1FBF0F00A490968B1FBF0F000F0BDFE36
:1023200040B9102D06D200222946501E00F030F888
:10233000356000E00124204670BD00000000002050
:102340000C0000200A4882B0016E41F001010166D4
:10235000016E01F001010091816D41F080518165B4
:10236000806D00F08050009002B000F0A1B8000035
:1023700000100240002809DB00F01F0201219140FB
:102380004009800000F1E020C0F800117047000013
:10239000F0B40E4B1B68C3F30223C3F10704042CF3
:1023A00000D904241D1D072D01D2002300E0DB1EEF
:1023B000012606FA04F56D1E0D409D409E40761ED6
:1023C000164045EA0601F0BC06F06EB90CED00E0DF
:1023D000064A00F0070110684FF6FF03184040EA74
:1023E0000120034908431060704700000CED00E035
:1023F0000000FA052B492C4B0A6832214A432B492D
:1024000040B1B0F5007F086829D020F4C06040F4E6
:1024100080602CE00868C0F34120022804D051F805
:10242000800F20F4807022E0D1F8800020F48070CA
:10243000C1F88000086820F4C06040F400700860B3
:10244000B2FBF3F0401C00E0401E4A69520501D582
:102450000028F9D1486940050AD503207047C0F328
:102460004120022806D051F8800F40F480700860A7
:1024700000207047D1F8800040F48070C1F88000DF
:10248000086820F4C06040F400700860B2FBF3F00C
:10249000401C00E0401E4A695205DBD50028F9D1F6
:1024A000D8E700000C00002040420F000070004000
:1024B0000248816841F480418160704700700040AB
:1024C0002DE9F84F044600260068A24D3746000368
:1024D0005CD5A86D4FF00009C00009D4A86D40F08C
:1024E0008050A865A86D4FF0010900F08050009061
:1024F000DFF864A2DAF8001041F48071CAF8001025
:10250000FFF7E0FE804607E0FFF7DCFEA0EB0800E7
:10251000022801D9032631E0DAF80000C005F3D51E
:1025200066BBD5F8900010F4407014D0216C814245
:1025300011D0D5F89000D5F8901020F4407041F4F7
:102540008031C5F89010D5F8901021F48031C5F88D
:102550009010C5F89000C0074ED0FFF7B3FE80463C
:1025600041F2883A05E0FFF7ADFEA0EB08015145C6
:10257000D0D8D5F890008007F5D5EEB33746B9F13D
:10258000000F03D0A86D20F08050A8652078C00708
:1025900007D0D5F88800616820F003000843C5F82B
:1025A00088002078800707D5D5F88800A16820F03A
:1025B0000C000843C5F888002078400707D5D5F8F7
:1025C0008800E16820F030000843C5F888002078D2
:1025D000000707D5D5F88800216920F0C00008431E
:1025E000C5F888002078800609D5D5F8880061698B
:1025F00020F44060084300E03DE0C5F88800207802
:10260000400607D5D5F88800A16920F4405008435A
:10261000C5F888002078000607D5D5F88800E1695C
:1026200020F440400843C5F888002088C00507D53D
:10263000D5F88800216A20F440300843C5F88800A6
:102640002088800507D5D5F88800616A20F44020ED
:102650000843C5F888002088400519D5D5F88800BA
:10266000A16A20F440100843C5F88800A06AB0F5BC
:10267000801F09D00CE0D5F89000216C20F4407048
:102680000843C5F890007AE7E86840F48010E860F5
:10269000208800050FD5D5F88800E16A20F44000B5
:1026A0000843C5F88800E06AB0F5800F03D1E868F8
:1026B00040F48010E8602088C0040FD5D5F8880069
:1026C000216B20F040700843C5F88800206BB0F102
:1026D000807F03D1E86840F48010E860208881049E
:1026E0004FF000600ED5D5F88810626B21F0406184
:1026F0001143C5F88810616B814203D1E96841F448
:102700008011E960218849040ED5D5F88810A26BA4
:1027100021F040611143C5F88810A16B814203D1BB
:10272000E86840F48010E860208800040FD5D5F8F0
:102730008800E16B20F040500843C5F88800E06B4A
:10274000B0F1805F03D1E86840F48030E86038463B
:10275000BDE8F88F00100240007000402DE9F047FE
:102760000D4604004FF0000725D0DFF8A091D9F8FE
:10277000000000F00F00A8420CD2D9F8001021F0A0
:102780000F012943C9F80010D9F8000000F00F002C
:10279000A84210D121685E4EC80741F2883A52D053
:1027A0006068DFF87081032808D00228306826D0DE
:1027B0004005002825DB0120BDE8F0873068800156
:1027C000F9D5F068F068544BC0F30310401CB3FB1C
:1027D000F0F0F268C2F306225043F268C2F341629D
:1027E000521C5200B0FBF2F0404515D9B06810F011
:1027F000F00F0AD088070FD5A06830B10CE0800335
:10280000D7E700F0B5F8404506D9B06820F0F000F1
:1028100040F08000B0608027B068616820F003005D
:102820000843B060FFF74EFD804605E0FFF74AFD24
:10283000A0EB080151453BD8B068616800F00C007E
:10284000B0EB810FF2D12068810714D5400703D582
:10285000B06840F4E060B0602078000705D5B0684B
:1028600020F4605040F4E060B060B068A16820F0EF
:10287000F000084304E0802F03D1B06820F0F0009E
:10288000B060D9F80010484601F00F01A94217D9ED
:102890000168C84621F00F0129430160FFF712FDCE
:1028A0000746D14606E0FFF70DFDC11B494501D99A
:1028B000032081E7D8F8000000F00F00A842F2D111
:1028C0002078400705D5B068E16820F4E06008434F
:1028D000B0602078000706D5B068216920F4605008
:1028E00040EAC100B06000F043F8B1680B4AC1F3A0
:1028F0000311515C01F01F01C840094908600948F3
:102900000068BDE8F047FFF7FBBC00000020024074
:102910000010024000B4C4040024F400D48700086E
:102920000C00002000000020054806490068896866
:10293000054AC1F30221515C01F01F01C8407047F4
:102940000C00002000100240E487000805480649FA
:1029500000688968054AC1F3C221515C01F01F017A
:10296000C84070470C00002000100240E4870008B7
:10297000134A9068C0F38101124801290AD0916876
:10298000C1F38101022905D09168C1F381010329B6
:1029900001D000207047D16801F00303D168C1F372
:1029A0000311491CB0FBF1F0D168C1F30621484383
:1029B000D168C1F34161491C4900B0FBF1F0704797
:1029C000001002400024F4002DE9F843040078D000
:1029D0002078F54DC00745D0A868E96800F00C00E4
:1029E00001F003010C2802D0082817D001E00329C8
:1029F00014D06068B0F5803F17D0B0F5A02F2868DC
:102A000017D020F480302860286820F480202860C7
:102A10006068D8B1FFF756FC064613E028688003CB
:102A200020D560680028D2D01CE0286840F48030AF
:102A3000EDE740F480202860F7E7FFF743FC801BB8
:102A400064286ED828688003F7D50BE0FFF73AFCBE
:102A5000064604E0FFF736FC801B6428F1D828689E
:102A60008003F7D4207880074BD5A868E96800F088
:102A70000C0001F003010C2802D004280DD001E065
:102A800002290AD0E068002828682BD040F4807022
:102A90002860FFF717FC064619E02868400502D5B4
:102AA000E068002893D06868217C20F0FE4040EA6E
:102AB00001606860BD480068FFF722FC002800D173
:102AC0001FE06DE1FFF7FEFB801B0228B9D82868E4
:102AD0004005F7D56868217C20F0FE4040EA01609F
:102AE00068600EE020F480702860FFF7EBFB06467C
:102AF00004E0FFF7E7FB801B0228A2D82868400506
:102B0000F7D42078000728D560690028D5F894000C
:102B100012D040F00100C5F89400FFF7D3FB064641
:102B200005E08FE0FFF7CEFB801B022889D8D5F89F
:102B300094008007F6D510E020F00100C5F894005D
:102B4000FFF7C0FB064604E0FFF7BCFB801B022832
:102B500078D8D5F894008007F6D42078400761D55E
:102B6000A86D0027C00008D4A86D40F08050A8656B
:102B7000A86D012700F0805000908D480168C905BC
:102B800011D40168804641F480710160FFF79AFB1F
:102B9000064604E0FFF796FB801B022852D8D8F8BF
:102BA0000000C005F6D5A068012815D00528D5F885
:102BB000900016D020F00100C5F89000D5F89000E4
:102BC00020F00400C5F89000A06841F28838B8B140
:102BD000FFF778FB06460EE0D5F8900040F00100C4
:102BE000F0E740F00400C5F89000F5E7FFF76AFB56
:102BF000811B414526D8D5F890008007F6D50CE01A
:102C0000FFF760FB064604E0FFF75CFB811B4145D4
:102C100018D8D5F890008007F6D41FB1A86D20F021
:102C20008050A8652078800628D5A0690028D5F8AE
:102C3000980012D040F00100C5F89800FFF742FB61
:102C4000064605E072E0FFF73DFB801B02286DD8C9
:102C5000D5F898008007F6D510E020F00100C5F8FF
:102C60009800FFF72FFB064604E0FFF72BFB801BC5
:102C700002285BD8D5F898008007F6D4E069E8B35D
:102C8000A968C1F3810103295BD00228286820F0DC
:102C90008070286003D0FFF715FB044649E0FFF77A
:102CA00011FB064604E0FFF70DFB801B02283DD810
:102CB00028688001F7D4F4E908016FF00F0202EBF5
:102CC00001110843218A5204490802EB4151A268CC
:102CD00041EA02210843217D4FF07E42490802EB80
:102CE00041610843217B40EAC160E968314A1140F3
:102CF0000843E860286840F0807000E052E02860F7
:102D0000E86840F08070E860FFF7DCFA044604E011
:102D1000FFF7D8FA001B022808D828688001F7D5E9
:102D200040E0FFF7CFFA001B022802D90320BDE8DC
:102D3000F88328688001F4D4E8681F490840E860F7
:102D400030E00128F3D0E868226A00F003019142E4
:102D500026D1616A00F0F0020901103991421FD1B9
:102D6000A26A00F4FE41B1EB022F19D194F82C2095
:102D700000F07841B1EBC26F12D1218E00F4C00295
:102D800049084905A1F50011914209D194F8341080
:102D900000F0C06049084906A1F10071814201D0EC
:102DA0000120C4E70020C2E700100240000000201C
:102DB000007000400C809F01FCFFEEFE70B5040027
:102DC00009D0606A002540B125616561A56294F86B
:102DD0005D0040B10CE0012070BD6068B0F5827FFD
:102DE000F4D0E561F2E784F85C50204600F05CF82E
:102DF000022084F85D002068016821F04001016034
:102E0000E0684FF4E062904201D9002101E04FF404
:102E10008051B0F5706F02D0904200D0A562A088BA
:102E2000228900F4827002F404421043227C02F0F2
:102E300002021043227D02F001021043228B02F4B1
:102E400000721043227F02F03802104394F82020D1
:102E500002F080021043228D02F4005210432268D7
:102E60001060A069042202EA104094F8242001F4C2
:102E7000805102F01002104394F8342002F008024E
:102E80001043A28902F4706210430843216848602D
:102E90002068C16921F40061C1612566012084F8C0
:102EA0005D00002070BD000010B586B004461421FE
:102EB0006846FDF7E5F91349206888421FD112489A
:102EC000816D41F400418165816D01F400410591FE
:102ED000C16C41F00401C164C06C694600F004009B
:102EE00005904FF4A0500090022001900020029025
:102EF00003200390062004900448FFF7F9F806B079
:102F000010BD0000003C00400010024000080048D6
:102F10002DE9F84F1D4617468A460446FFF7D2F9B9
:102F2000064694F85D00012826D1BAF1000F6FD053
:102F3000002F6DD094F85C0001281DD04FF00109DE
:102F400084F85C90032084F85D004FF00008C4F81A
:102F50006080C4F838A0A787E787C4F84080A4F849
:102F60004480A4F84680C4F85080C4F84C80A0681F
:102F7000B0F5004F03D00CE00220BDE8F88F2068C8
:102F8000016821F0400101602068016841F480413E
:102F9000016020680168490603D4016841F04001DE
:102FA0000160E068B0F5E06F606822D908B1012FD8
:102FB0001BD1A06B21680088C86006E0206881688A
:102FC000890709D5A16B0988C160A06B801CA0632B
:102FD000E08F401EE08708E0FFF774F9801BA842ED
:102FE00002D3681C01D045E0A5B3E08F0028E5D1ED
:102FF00035E008B1012F2FD1E08F0128A06B03D954
:1030000021680088C86010E021680078087314E027
:1030100041E0E08720E020688168890713D5E18FCF
:103020000129A16B07D90988C160A06B801CA0632E
:10303000E08F801EEDE709780173A06B401CA06350
:10304000E08F401EE5E7FFF73DF9801BA84202D361
:10305000681C01D00EE06DB1E08F0028DBD1324654
:103060002946204603F0A2FF08B120202066A06870
:1030700030B109E084F85D9084F85C8003207CE73F
:103080002068C1688068009084F85D9084F85C8056
:10309000206E0028F3D001206FE710B5401EB0F17C
:1030A000807F01D3012010BD4FF0E02460610F212B
:1030B000601705F0F9FA0020A061072020610020C8
:1030C00010BD70477047704730B590F83C20012A1A
:1030D00042D0012280F83C20CA688B6822F44072FA
:1030E0001A434B6822F480621A430B6822F4006290
:1030F0001A430B6922F480521A434B6922F400529E
:103100001A430B6B22F480421A430B8B22F4702279
:1031100042EA0342CB6922F080521A430F4D036802
:103120000024AB4202D00E4DAB4210D10D8D22F4E3
:10313000700242EA05520D6A22F080722A434D6AFB
:1031400022F000722A43C96A22F000520A435A64EC
:1031500080F83C40002030BD022030BD002C0140F2
:10316000003401407047704770470000F0B590F898
:103170003C20012A3AD0012580F83C50022280F8F8
:103180003D2003685A689C68194E1A4FB34201D01B
:10319000BB4204D122F4700C4A6842EA0C02DFF808
:1031A00058C002EA0C02D1F800C04CEA020CC3F885
:1031B00004C00268B2420DD0B2F1804F0AD00F4B6A
:1031C0009A4207D00E4B9A4204D0BA4202D00D4B1D
:1031D0009A4204D1896824F080031943916080F8F1
:1031E0003D50002180F83C100846F0BD0220F0BDA3
:1031F000002C0140003401408FFFFFFD000400401F
:103200000008004000400140704710B5040003D0A2
:1032100094F83D0010B107E0012010BD002084F8B3
:103220003C00204600F022F8022084F83D00211DD9
:10323000206804F0FFFB012084F8480084F83E0079
:1032400084F83F0084F8400084F8410084F842008C
:1032500084F8430084F8440084F8450084F846006C
:1032600084F8470084F83D00002010BD08B50068D0
:10327000194A1A4990420ED1086E40F4006008665F
:10328000086E002200F40060009011461920FFF73C
:103290007FF819201CE0B0F1804F0BD0104A90420B
:1032A00007D1886D40F010008865886D00F010002F
:1032B000009008BD886D40F001008865886D00228F
:1032C00000F00100009002211C20FFF761F81C2093
:1032D000BDE80840FFF74EB8002C01400010024046
:1032E0000010004090F83D10012901D001207047E6
:1032F000022180F83D1000680F4988420ED0B0F1DD
:10330000804F0BD00D49884208D00D49884205D026
:103310000C49884202D00C49884207D181680B4A87
:103320001140062906D0B1F5803F03D0016841F075
:103330000101016000207047002C014000040040A2
:103340000008004000340140004001400700010037
:1033500090F83D10012901D001207047022180F82A
:103360003D100168CA6842F00102CA600068104955
:1033700088420ED0B0F1804F0BD00E49884208D061
:103380000D49884205D00D49884202D00C49884237
:1033900007D181680B4A1140062906D0B1F5803F5C
:1033A00003D0016841F00101016000207047000076
:1033B000002C01400004004000080040003401409F
:1033C000004001400700010070B5044690F83C0041
:1033D0000025012814D0012684F83C60022084F8DE
:1033E0003D0020688268364B1A4022F47F4282609A
:1033F000086870282ED010DC10F00F0F03D021E0E9
:103400004FF0020070BD4FEA2012072A1AD2DFE8FF
:1034100002F0525252524A3840002A4BC21A984285
:1034200049D009DCB0F5805F0DD0B0F5005F1CD04D
:10343000B0F1101F06D13EE0102A3CD0202A3AD02D
:10344000502A38D0012584F83D60002084F83C00E3
:10345000284670BDCB68D1E90121206804F055FBF6
:103460002068816841F0770109E0CB68D1E901214A
:10347000206804F04AFB2068816841F48041816043
:10348000E1E7CA684968206804F0EAFC5021206836
:1034900006E0CA684968206804F0F3FC60212068EF
:1034A00004F03EFBCFE7CA684968206804F0D8FC06
:1034B00040212068F4E7226801461046F0E700004A
:1034C00088FFCEFF200010002DE9F0410D460400DA
:1034D00003D094F83D0018B108E00120BDE8F08168
:1034E000002084F83C00204600F042F8022084F8D6
:1034F0003D00206881681D4A11408160211D2068BF
:1035000004F098FA206881688269066A2B68AF69BE
:103510000B4340F203318A4342EA0722A968EF696C
:1035200011434FF6FC429143EA6841EA07210A43FE
:1035300029692F6A090141EA073111436A686D69F7
:1035400026F0AA0646EA05152A43836020688161B1
:1035500054F8480B0262012004F81F096075A07539
:10356000E076207720750020B8E70000F8BFFEFF66
:1035700010B586B0044614216846FCF781FE114957
:10358000206888421CD11048816D41F0020181659C
:10359000816D01F002010591C16C41F00201C1642D
:1035A000C06C032100F00200059030200090022042
:1035B000CDE902010190049069460448FEF798FDA8
:1035C00006B010BD00040040001002400004004896
:1035D00070B590F83E50044690F83F3090F8442083
:1035E00090F84500022621B104290BD0012D16D1F7
:1035F0000FE0012D13D1012A11D184F83E6084F827
:10360000446016E0012B0AD1012808D184F83F60FC
:103610000DE0012B03D1012A01D1012801D00120A5
:1036200070BD84F83E6084F83F6084F8446084F89C
:10363000456091B1042904D001220021206804F0E2
:1036400057FA01220421206804F052FA2068016828
:1036500041F001010160002070BD012200212068BD
:10366000F2E770472DE9F04104460068C668056935
:103670004FF00007A90713D5B10711D5F91E016155
:1036800001202077206880698007204602D0FFF75C
:10369000E8FF04E000F0E2F8204600F0A4F9277704
:1036A000680716D5700714D521686FF0040008610B
:1036B000022020772068806910F4407F204602D0E5
:1036C000FFF7CFFF04E000F0C9F8204600F08BF9C7
:1036D0002777280715D5300713D521686FF0080024
:1036E0000861042020772068C0698007204602D046
:1036F000FFF7B7FF04E000F0B1F8204600F073F9DF
:103700002777E80616D5F00614D521686FF010006B
:103710000861082020772068C06910F4407F2046A7
:1037200002D0FFF79EFF04E000F098F8204600F07A
:103730005AF92777E80708D0F00706D021686FF01C
:1037400001000861204600F0D3F9280601D4A8043E
:1037500008D5300606D521686FF40250086120466E
:10376000FFF7B0FCE80508D5300606D521686FF4F0
:10377000807008612046FFF7A4FC680608D5700633
:1037800006D521686FF040000861204600F0E6F998
:10379000A80608D5B00606D521686FF0200008619C
:1037A0002046FFF790FCE80208D5F00206D5216814
:1037B0006FF4801008612046FFF7D5FCA80208D5F9
:1037C000B00206D521686FF4001008612046FFF7AB
:1037D000C9FC680208D5700206D521686FF4800024
:1037E00008612046FFF7C0FC28020AD5300208D540
:1037F00021686FF4000008612046BDE8F041FFF742
:1038000003BDBDE8F081000010B586B00446142168
:103810006846FCF735FD0E492068884215D10D48F1
:10382000C16C41F00401C164C06C002100F00400CF
:1038300005900F2000900220CDE901010321CDE980
:10384000031069460448FEF753FC06B010BD0000A3
:10385000002C01400010024000080048704770B57D
:10386000044690F83C0000260D4601280BD00120AC
:1038700084F83C000C2A4AD007DC82B1042A20D00C
:10388000082A06D131E0022070BD102A53D0142A34
:1038900063D00126002084F83C00304670BD2068CB
:1038A00004F048F92068816941F0080181612068CD
:1038B000816921F004018161206881692A691143CD
:1038C00011E0206804F084F92068816941F4006106
:1038D00081612068816921F480618161206881694A
:1038E0002A6941EA02218161D4E7206804F0B8F92D
:1038F0002068C16941F00801C1612068C16921F0F7
:103900000401C1612068C1692A69114311E020687E
:1039100004F0EEF92068C16941F40061C1612068DA
:10392000C16921F48061C1612068C1692A6941EAE5
:103930000221C161AEE7206804F022FA2068016D1F
:1039400041F0080101652068016D21F00401016565
:103950002068016D2A69114311E0206804F048FADB
:103960002068016D41F4006101652068016D21F45A
:10397000806101652068016D2A6941EA02210165C3
:1039800088E710B5040003D094F83D0010B107E0BB
:10399000012010BD002084F83C00204600F022F8F1
:1039A000022084F83D00211D206804F043F8012026
:1039B00084F8480084F83E0084F83F0084F8400012
:1039C00084F8410084F8420084F8430084F84400FD
:1039D00084F8450084F8460084F8470084F83D00E8
:1039E000002010BD7047704730B5044669B1042906
:1039F0000ED008290FD00C2910D0102911D094F81E
:103A00004300012810D0012030BD94F83E00F8E7B3
:103A100094F83F00F5E794F84000F2E794F841008D
:103A2000EFE794F84200ECE70220E9B3042942D022
:103A3000082943D00C2944D0102945D084F84300EC
:103A40000122206804F054F821492068214A224BC1
:103A5000884209D0904207D0984205D01F4DA84215
:103A600002D01F4DA84203D1456C45F40045456482
:103A7000206888420CD0B0F1804F09D019498842A3
:103A800006D01949884203D0904201D0984207D10C
:103A90008168164A1140062908D0B1F5803F05D04B
:103AA000016841F0010100E002E00160002030BD4A
:103AB00084F83E00C4E784F83F00C1E784F8400082
:103AC000BEE784F84100BBE784F84200B8E7000095
:103AD000002C0140003401400040014000440140FE
:103AE00000480140000400400008004007000100B9
:103AF00010B51349044600680968884202D111488C
:103B0000FDF79EFB104920680968884217D10F48CD
:103B10000188491C01800E490888401C08800D4915
:103B20000888401C08800C490888401C088002F066
:103B300031FA01F02BF8BDE8104004F06FBD10BD64
:103B40000401002034000020500100201200002059
:103B50001C0000202A0000202E000020704790F852
:103B60008410012918D0012180F884102421C0F884
:103B7000881001680A680B6823F001030B6022F0CB
:103B8000005100224266036819602021C0F88810A5
:103B900080F88420104670470220704770477047B5
:103BA00070B5044690F8840001281DD0012084F8E7
:103BB00084002420C4F8880020680568026822F088
:103BC000010202602068826822F060620A4382601B
:103BD000204604F025FA206805602020C4F88800FB
:103BE000002084F8840070BD022070BD70B50446CA
:103BF00090F8840001281DD0012084F8840024203E
:103C0000C4F8880020680568026822F0010202609A
:103C10002068826822F060420A438260204604F0F5
:103C2000FFF9206805602020C4F88800002084F88F
:103C3000840070BD022070BD70477047704700005F
:103C40002DE9F04103680446D86919689A6840F67E
:103C50000F0528424FF000054FF002060AD18706F3
:103C60007ED501F0200702F0805C57EA0C0777D080
:103C7000616F42E1B64FDFF8DCC2174001EA0C0C7D
:103C800057EA0C0C6CD05FEAC07C0CD05FEAC15CD8
:103C900009D54FF0010CC3F820C0D4F8903043F0A0
:103CA0000103C4F89030830709D5D30707D02368F0
:103CB0001E62D4F8903043F00403C4F890304307F8
:103CC0000AD5D30708D0266804233362D4F890308D
:103CD00043F00203C4F8903003070CD501F0200331
:103CE0003B4308D0266808233362D4F8903043F071
:103CF0000803C4F8903003050BD54B0109D526689D
:103D00004FF400633362D4F8903043F02003C4F8DA
:103D10009030D4F89030002B3DD0800609D501F0CA
:103D2000200002F08051084303D0616F09B12046A2
:103D30008847D4F8900021688968490602D410F0B9
:103D4000280F2AD0204604F09DFA2068806840069B
:103D50001ED52068083050E8001F21F0400100E027
:103D600021E040E80012002AF3D1D4F8800078B1B5
:103D700079498163D4F88000FEF769F800280AD0F9
:103D8000D4F88000816B00E02046BDE8F041084790
:103D90002046FFF753FFBDE8F0812046FFF74EFFB6
:103DA000C4F89050F7E7D4F86CC02027BCF1010F9D
:103DB0007ED15FEAC06C7BD55FEAC16C78D51020FC
:103DC000186220688068400651D5D4F880100A68CF
:103DD00050680004000C3ED0B4F85C3083423AD9FD
:103DE000A4F85E000868006880062CD4206850E8BB
:103DF000001F21F4807140E80012002AF6D12068EB
:103E0000083050E8001F21F0010140E80012002AAC
:103E1000F5D12068083050E8001F21F0400140E84B
:103E20000012002AF5D1C4F88C70E566206850E8CD
:103E3000001F21F0100140E80012002AF6D1D4F84A
:103E40008000FDF7CFFF2667B4F85C00B4F85E1081
:103E5000401A81B207E0B4F85C1081429BD110682F
:103E6000800698D526672046FFF798FE93E7B4F8BA
:103E70005C00B4F85E10401A81B2B4F85E0000280D
:103E800089D0002987D0206850E8002F22F4907252
:103E900040E80023002BF6D12D4BDB43206808308F
:103EA00050E8002F1A4040E8002CBCF1000F00E061
:103EB0000EE0F3D1C4F88C70E5666567206850E8C1
:103EC000002F22F0100240E80023002BF6D1C9E7B2
:103ED000C60209D5560207D54FF480101862204655
:103EE000BDE8F041FFF7A9BE03060AD501F0800343
:103EF00002F40002134304D0A16F00297FF444AF01
:103F000049E7420611D54A060FD52046016851E817
:103F1000002F22F0400241E80023002BF6D1C0F828
:103F20008870856700F0FAF835E7020206D54A0086
:103F300004D52046BDE8F041FFF77EBEC00195D50F
:103F4000002993DA2046BDE8F041FFF728BE0000C3
:103F50000100001020010004D981000810B5040000
:103F600003D0D4F8880010B107E0012010BD002074
:103F700084F88400204600F027F82420C4F8880044
:103F80002068016821F001010160A06A10B120469B
:103F900004F068F8204604F0B7F90128E6D020685C
:103FA000416821F4904141602068816821F02A0134
:103FB00081602068016841F0010101602046BDE890
:103FC000104004F0B3B8000070B598B00646142154
:103FD00011A8FCF755F944216846FCF751F9264928
:103FE0003068884245D101200025CDE900056846AA
:103FF000FEF766FA08B1FCF7CBFD2049086E40F4E5
:1040000080400866086E00F480401690C86C40F04E
:104010000200C864C86C11A900F002001690C0200C
:1040200011900220CDE9120503201490072015906D
:104030001348FEF75DF8144C1248206019206060A8
:104040001020C4E902058020C4E90405A561E561EA
:1040500020462562FDF794FF08B1FCF799FDF4674F
:10406000002203212520A662FEF792F92520FEF703
:1040700081F918B070BD0000003801400010024006
:10408000000400481C0002402803002070B50446CC
:10409000D0F88800202801D0022070BD39B332B397
:1040A0002165A4F85420A4F856200021C4F89010EB
:1040B0002120C4F88800E06FD8B1154BC362E36FCC
:1040C00014481863E36F14485863E06F1346816324
:1040D0002068E56F00F128022846216DFDF7B0FF4A
:1040E00038B11020C4F890002020C4F888000120C6
:1040F00070BD2168402008622068083050E8001F29
:1041000041F0800140E80012002AF5D1002070BD86
:10411000398200087B820008E981000870477047F7
:1041200010B5817890ED091A012290ED080AB6EEDB
:10413000003A002341BB70EE410A8188491C60EEC1
:10414000830A89B28180C0ED050AF5EEC00AF1EE5E
:1041500010FA03D2F1EE600AC0ED050A42F6A0049F
:10416000F1EE040AA14238D30C1BC82C35D3C83C4D
:104170000A2C0AD2C0ED040AD0ED020AD0ED051ACD
:1041800070EEA10AC0ED020A38E0A1F52454723C99
:10419000DFED400AC82C20D3C83CF9EE041AC82C25
:1041A00002D2C0ED041A29E0A1F52C54023C0A2CDD
:1041B0000AD2C0ED041AD0ED030AD0ED051A70EE54
:1041C000A10AC0ED030A19E0A1F52C540C3C04D05F
:1041D000A1F52C540D3C03D010E0C0ED040A0DE015
:1041E00082708380D0ED030AD0ED021AF4EEE10A6A
:1041F000F1EE10FA01DD427000E0437070EE010A4A
:1042000060EE830AC0ED0A0AD0ED0B0A90ED0C1A9D
:1042100030EE811A21EE031A80ED0D1A80ED090AA5
:10422000C0ED0C0AD0ED101AC0ED111AD0ED140A31
:10423000C0ED150AD0ED0E2A90ED0F0A32EEC00A3D
:1042400020EE030A80ED100A90ED122A90ED131A69
:1042500032EE411A21EE031A80ED141AC0ED0F2A36
:1042600080ED132A017E59B1012908D131EEC00A2F
:1042700080ED160A30EEC10A80ED170A037610BDF4
:1042800030EE610A80ED160A31EE600A80ED170A01
:10429000027610BD00000000FEE7000070B5444C3F
:1042A00004F1B00094ED220A054684ED2C0A94ED49
:1042B000230A84ED2D0AFCF767FB04F1C80194ED95
:1042C000DA0A081FFCF7BCFA284602F02BFD94ED31
:1042D000330A04F5287084EDB00A94ED340A84EDB5
:1042E000B30A94ED2F0A84EDB60A94ED300A84EDFA
:1042F000BA0AFFF715FF94F8A20218B994EDAC0AB8
:1043000084ED520A94F8A102012815D1002084F806
:10431000A10294EDD70ADFED270A274930EE200AE3
:1043200010EE100A84EDD70A884205DDDFED230A7E
:1043300030EE600A84EDD70A214994EDDA0A081FAD
:10434000FCF77EFA94EDBF0A1D4884EDD40A94ED83
:10435000BE0A2838B1EE400A84EDD50A02F086FC88
:1043600094EDB50A174884ED450A94EDB20A84ED40
:10437000530A02F036FC1348383002F032FC94ED58
:10438000460A284684ED3A0A94ED540AD4EDAF0A61
:1043900030EE200A84ED390A00F082FB94ED250A04
:1043A000284684ED3D0ABDE87040FCF74BB900009B
:1043B00098040020DA0F4940DB0FC940DB0FC940E9
:1043C000080800209C05002070B5A44C2DED028B40
:1043D00094ED250ADFEDA20A04F5067020EE200A0E
:1043E00084ED9B0A94ED840A84ED880A03F05CFD59
:1043F00094ED030A04F5187084ED990A94ED060A09
:1044000084ED9A0A94ED2F0A84ED9C0A94ED300A0B
:1044100084ED9D0A94ED3B0A84EDA00A94ED3C0ADC
:1044200084EDA10A02F050FD94F8180284F800030C
:1044300094EDA30A04F5407084EDC20A94EDA50A38
:1044400084EDC30A02F012FC04F54A7194EDC80A27
:10445000081FFCF7F5F994F8A00200269FED818A69
:10446000012845D194ED330A04F5287084EDB00A93
:1044700094ED340A84EDB30A94ED2F0A84EDB60A64
:1044800094ED300A84EDBA0AFFF74AFE94F8A202CE
:1044900018B994EDAC0A84ED520A94F8A1020128EF
:1044A00012D184F8A16294EDD70ADFED6F0A6F494B
:1044B00030EE200A10EE100A84EDD70A884203DDA0
:1044C00030EE480A84EDD70A694994EDDA0A081FEC
:1044D000FCF7B6F994EDBF0A654884EDD40A94ED73
:1044E000BE0A2838B1EE400A84EDD50A02F0BEFBC0
:1044F00094EDE20AC0EE080A9FED5E0A5C4D90352D
:10450000A5F1140060EE800AC5ED000AD4EDDA0AC8
:10451000C5ED020AD4EDD00A80EE881A21EE000A19
:1045200085ED030A94EDC80A85ED050A94ED8D0A20
:1045300084EDFE0A00F08CF995ED080AF1EE0C0A04
:1045400080EE201A84ED831AB4F8E801401C80B292
:10455000A4F8E80102280FD3A4F8E861D4ED8D0A8D
:10456000A5F52370C4ED600A84ED610A02F039FB01
:1045700094ED620A84ED440A94ED220A374884EDF2
:104580002C0A94ED230AB03084ED2D0A0646FCF780
:10459000FBF9324995ED090AC831081FFCF750F9BB
:1045A000304602F0BFFB94ED330AD4ED370AF7EE44
:1045B000001A94ED351A20EE200A71EEE00A01EEA1
:1045C000200A84ED350AD4ED340A94ED381A94EDBE
:1045D000362A60EE810A31EEC11A42EE010AC4EDBC
:1045E000360A94F8A002C8B194EDB50A84ED450AE4
:1045F00094EDB20A204884ED530A02F0F2FA1E4804
:10460000383002F0EEFA94ED460A84ED3A0A94F856
:10461000A002012805D094ED540A0BE0C4ED450A30
:10462000E8E794F8B80294ED540AD4EDAF0A88B1E3
:1046300030EE600A304684ED390A00F031FA94ED2C
:10464000250A304684ED3D0ABDEC028BBDE8704082
:10465000FBF7F8BF30EE200AECE7000098040020DA
:1046600036CD133FDB0FC940DA0F4940DB0FC9409D
:1046700008080020000070429C05002070B5694CBD
:1046800069492DED028BB4F8AA0000EE100AF8EE8D
:10469000400AB6EE000A20EE800A10EE100A84ED01
:1046A000840A884208DC10EE100A6049884203D868
:1046B0009FED5F0A84ED840A84ED880A5D4803F06B
:1046C000F3FBB4F8E801401C80B2A4F8E80100252F
:1046D0009FED598A022817D3A4F8E85194ED8D0A6A
:1046E00084ED600AD4EDE20A80EE880ADFED530A19
:1046F0005048A43820EE200A84ED610A02F071FAD5
:1047000094ED620A84ED440A94ED220A454884ED52
:104710002C0A94ED230AB03084ED2D0A0646FCF7EE
:1047200033F9404994EDDA0AC831081FFCF788F8DC
:10473000304602F0F7FA94ED330A3E4884EDB00AB1
:1047400094ED340A883084EDB30A94ED2F0A84ED99
:10475000B60A94ED300A84EDBA0AFFF7E1FC94F84A
:10476000A20218B994EDAC0A84ED520A94F8A102A1
:10477000012812D184F8A15294EDD70ADFED300A56
:10478000304930EE200A10EE100A84EDD70A884234
:1047900003DD30EE480A84EDD70A2B4994EDDA0A9E
:1047A000081FFCF74DF894EDBF0A274884EDD40AA2
:1047B00094EDBE0A2838B1EE400A84EDD50A02F025
:1047C00055FA94EDB50A214884ED450A94EDB20AF4
:1047D00084ED530A02F005FA1C48383002F001FA61
:1047E00094ED460A84ED3A0A94F8B80294ED540A1E
:1047F000D4EDAF0A012811D030EE600A304684EDC6
:10480000390A00F04DF994ED250A304684ED3D0A51
:10481000BDEC028BBDE87040FBF714BF30EE200A00
:10482000ECE70000980400200000A0400000A0C0B9
:1048300000000000B0060020DB0FC94000007042FD
:10484000DA0F4940DB0FC940080800209C05002012
:1048500070B5D0ED053A0446B7EE004AF0EEE31A23
:10486000C0ED061A90ED083AB0EEC30A80ED090AD1
:10487000D0ED030AB0EEE01A80ED041AD0ED072A5D
:1048800090ED0A2A72EEC20AC0ED0B0A10EE900AF1
:10489000B0F17C5F01DD70EEC40A10EE900AC4ED49
:1048A0000B0AB0F13F4F01D970EE840A764A10EE40
:1048B000901AC4ED0B0AB4F93000914201DC401C9F
:1048C00000E0401E00B22086D4ED000A01219FEDD9
:1048D0006F4AF4EEE01A0026F1EE10FA6C4D04D99E
:1048E000B4EEE01AF1EE10FA0CD885F8A01294EDAF
:1048F000050A84ED0D0A94ED070A84ED0E0A84F88A
:10490000406039E0B4EEE01AF1EE10FA06DDD4EDC5
:10491000024AB4EEE41AF1EE10FA15D3F4EEE01AFE
:10492000F1EE10FA3FDD94ED021AF4EEC11AF1EE49
:1049300010FA38D2B4EEE00AF1EE10FA33DDB4EE3C
:10494000C10AF1EE10FA2ED294F8401071B19FED29
:10495000510A64281CDBC4ED0D3AC4ED0E2AD5EDD6
:10496000AF0A30EEC00A85EDAF0A78E0642808DBB4
:1049700084ED0D3A84ED0E2A95EDAF0A30EE440A2F
:10498000F1E71E286BDCC4ED0D3AC4ED0E2A66E09B
:104990001E2864DC84ED0D3A84ED0E2AD5EDAF0AB5
:1049A00030EE800ADFE7D4ED020A94ED011AB0EE92
:1049B000082AF0EE601A41EE021AF4EEC01AF1EE87
:1049C00010FA02D285F8A0623EE0F0EE041A41EE41
:1049D000210AF4EEC00AF1EE10FA31DD85F8A012DA
:1049E000D4ED0D0A94ED121AB0EEE00AB0EEC11A41
:1049F00030EE410A84ED110AB5EEC00AC4ED120A88
:104A0000F1EE10FA09D2F0EEC00A10EE900A224937
:104A1000884202DD94ED130A0FE0B5EEC00AF1EE14
:104A200010FA11DDB0EEC00A10EE100A1B498842E0
:104A30000ADA95EDAF0A30EE440A85EDAF0A03E0DD
:104A400095F8A00285F8A00294ED080A022084EDF2
:104A50000D0A94ED0A0A84ED0E0A84F8400094EDE4
:104A6000131AD4ED140A95EDAF0A02F08EFB85ED12
:104A7000AF0AB4F93000782802DD7920208670BDB5
:104A80000028FCDC268670BDCDCC4C3D17B75139D3
:104A9000980400200AD7A33C000060420000604157
:104AA000D0ED0D0AD0ED061A90ED0E1A90ED050A24
:104AB00020EEA12A01EE402A21EE211A00EE801AF2
:104AC00080ED0F2A80ED101A70470000F0B500202D
:104AD000214D02260127AB1C044603EB80014A78D6
:104AE00022B1012A08D0022A31D12BE013F820206C
:104AF0000ABB4C804F702AE013F8202032B149885D
:104B0000322924D8A8B1012816D020E04A88521CA6
:104B100092B24A80322A1AD310B1012803D016E08B
:104B20002E705E7013E0042129700B49891C4E71B0
:104B30000DE02F705C700AE0032129700649891C82
:104B40004C7104E013F82020012A00D14C70401C65
:104B5000C0B20228C1D3F0BD1E00002010B54FF432
:104B600000710748FDF79CFB064C4FF48051207004
:104B70000548FDF795FB2071BDE81040FFF7A6BF83
:104B800000080048200000200004004810B5094C2F
:104B900020880A2805D014280AD1FFF7DFFF0A2051
:104BA00005E06088642803D3002060801420208002
:104BB00010BD0000280000202DE9F04106461D46EA
:104BC00017460C462A2001F0C9F8304601F0BCF81F
:104BD000384601F0B9F82B2001F0C0F81834A0B223
:104BE00001F0B2F81835A8B201F0AEF8BDE8F04116
:104BF0002C2001F0B3B808B500205023A0220146B4
:104C0000009000F077FB08BD08B500F0BDFB0A4836
:104C1000009042233D2207212F2001F04EF840F260
:104C2000DC50FDF753FA00205023A02201460090EB
:104C300000F060FB08BD0000A6C700082DE9FE4398
:104C4000EC4F00241025B8784FF6FF76401CC0B218
:104C5000B87001287ED14FF47840CDE90005334685
:104C6000E5A200210294402000F040FD48F21F48D8
:104C7000CDE900454346E2A200216020029401F004
:104C800046F8CDE900454346DEA200219820029473
:104C900001F03DF84FF6E070CDE900050023DAA2FF
:104CA00010210294402000F021FDCDE9004543464B
:104CB000D3A210216020029401F029F8CDE900452B
:104CC0004346D3A210219820029401F020F847F621
:104CD0007C50CDE900053346CEA22021029440202D
:104CE00000F004FDCDE900454346C5A22021602027
:104CF000029401F00CF8CDE900454346C7A22021FB
:104D00009820029401F003F84FF4FC60CDE900050F
:104D10000023C3A230210294402000F0E7FCCDE93B
:104D200000454346B6A230216020029400F0EFFF18
:104D3000CDE900454346B9A230219820029400F005
:104D4000E6FF00233C2219461846009600F078FA48
:104D50001F2300E053E03C2200211046009600F0A3
:104D60006FFA00221E2311461046009600F068FAE2
:104D70001E233C2219460020009600F061FA012310
:104D80003B2219461846009600F05AFA3B221E2391
:104D900001211046009600F053FA01221D2311460E
:104DA0001046009600F04CFA1D233B2219460120C4
:104DB000009600F045FA0721CDE9004533469AA256
:104DC0000846029400F0A3FFCDE90045334698A2BF
:104DD00020210420029400F09AFFCDE900453346DB
:104DE00094A230210420029400F091FFCDE9004507
:104DF000334691A240210420029400F088FFB87845
:104E0000022873D30220B8704FF6F347DFF83082E0
:104E10000097CDE9014598ED030ADFED8A0A0423E6
:104E2000202120EE200ABCEEC00A10EE100A82B249
:104E30001A2000F003FF0097CDE9014598ED040A20
:104E4000DFED810A0423302120EE200ABCEEC00AE7
:104E500010EE100A82B21A2000F0F0FECDE90045F3
:104E600098ED250A3B4604220021702000F096FEB2
:104E700098ED340ACDE900453B46B5EEC00A0294F0
:104E8000F1EE10FA0BD271A21021682000F03FFF62
:104E9000CDE9004598ED340AB1EE400A08E06CA275
:104EA0001021682000F033FFCDE9004598ED340A69
:104EB0003B4604221021702000F070FE98ED830A1A
:104EC000CDE900453B46B5EEC00A0294F1EE10FA7A
:104ED0000DD25EA22021682000F019FF0097CDE9D5
:104EE000014598ED830AB1EE400A0AE054E058A269
:104EF0002021682000F00BFF0097CDE9014598EDD7
:104F0000830A05232021BCEEC00A10EE100A82B2EB
:104F1000702000F093FED8F85802CDE90045002833
:104F20003B4602940BDA49A23021682000F0EFFEE4
:104F300098ED960AF8EEC00A9FED461A0AE044A2E0
:104F40003021682000F0E3FE98ED960AF8EEC00AE2
:104F50009FED411A3B46042280EE810A30217020E9
:104F6000CDE9004500F01AFE98F80000B0B1032822
:104F70001ED0042820D005280ED198F8020007285A
:104F800034D00B2808D1002334A20096CDE9015477
:104F90004021084600F0AAFBBDE8FE830096CDE95B
:104FA00001544021002331A2084600F0B0FEF3E78F
:104FB000002331A20096E9E798F80200012809D001
:104FC00002280BD003280DD00428E5D100232EA2FF
:104FD0000096DBE7002330A20096D7E7002332A239
:104FE0000096D3E7002334A20096CFE7002336A231
:104FF0000096CBE716000020B5E7D1B9000000000D
:105000003A00000056000000B5E7C1F700000000BC
:1050100041000000CBD9B6C80000000052000000DB
:10502000CEBBD6C300000000485320464F430000CB
:1050300052533A004C443A005354415455533A00A9
:105040009804002000007A44002474492D000000D8
:105050002000000000F07FC500F07F45B8DFC6B536
:10506000D7A2C8EBBBACC4A4000000004144435F1E
:1050700043414C4942000000B5E7BBFAB2CECAFD3D
:10508000B1E6CAB600000000D3D0B8D0CEBBD6C3BC
:10509000B1D5BBB700000000D3D0B8D0B5E7C1F799
:1050A000BFAABBB700000000D3D0B8D0B5E7C1F7A6
:1050B000B1D5BBB700000000D3D0B8D0CBD9B6C8AB
:1050C000B1D5BBB700000000CEDEB8D0C7BFCDCF92
:1050D000BBACC4A4000000002DE9FE433D4E0024FB
:1050E0001025F0784FF6FF77401CC0B2F070012811
:1050F00052D1CDE900453B4637A208210620029453
:1051000000F0F4FACDE900453B4634A21821062010
:10511000029400F0EBFACDE900453B4630A228218D
:105120000620029400F0E2FACDE900453B462DA2AC
:1051300038210620029400F0D9FA4FF6F348CDE961
:105140000045434628A200214020029400F0CEFAF8
:10515000CDE90045434628A210214020029400F0EA
:10516000C5FACDE90045434627A2202140200294FC
:1051700000F0BCFACDE90045434627A2302140208B
:10518000029400F0B3FA4021CDE90045434626A23F
:105190000846029400F0AAFAB078022817D3022039
:1051A000B070CDE90045029496F900003B4681B20B
:1051B00021A21E2000F0ABFDCDE90045029496F936
:1051C00001003B4681B21DA21E2000F0A0FDBDE8FB
:1051D000FE83000016000020C4A30000CABD00002A
:1051E000C7D00000BBBB0000D3D0B8D0B5E7C1F733
:1051F000B1D5BBB700000000D3D0B8D0CBD9B6C86A
:10520000B1D5BBB700000000D3D0B8D0CEBBD6C359
:10521000B1D5BBB700000000CEDEB8D0C7BFCDCF40
:10522000BBACC4A400000000B8DFC6B5D7A2C8EB71
:10523000BBACC4A4000000002D2D3E0020202000A7
:105240002DE9FE4F0026A2EB000882465F1A701E71
:1052500035468946B8F1000F02DD4FF0010102E04A
:1052600003D14FF00001019102E0C8F10008019064
:10527000002F02DD4FF0010002E003D14FF00000EB
:10528000009002E0C7F1000700904046B84501DDFC
:10529000044600E03C46601C4FF0000B029016E014
:1052A0001FFA89F11FFA8AF00C9A00F015F84644AB
:1052B0003D44A64202DD0199361B8A44A54202DD27
:1052C00000992D1B89440BF101001FFA80FB029904
:1052D0008B45E5DBBDE8FE8F10B514460B46024654
:1052E000FFF76AFC200A00F053F9E0B2BDE8104075
:1052F00000F04EB92DE9F047804608981F464FEA66
:10530000102A00F0FF09581E83B21646501E82B2C2
:105310000D464046FFF750FC0DE0444607E050467E
:1053200000F030FD484600F02DFD641CA4B2B442EC
:10533000F5D36D1CADB2BD42EFD3BDE8F04700F030
:1053400001B8000070B50D4C2088002815D04FF42E
:1053500000454FF09046002229463046FCF7ADFF4D
:105360000A23228806490748FDF7D2FD0122294673
:105370003046FCF7A2FF0020208070BD1400002002
:1053800088030020A000002038B5804D4FF4006451
:10539000002221462846FCF790FF6420FCF796FE89
:1053A000012221462846FCF788FFC820FCF78EFE24
:1053B000112000F0D3FC7820FCF788FE202000F0BC
:1053C000CDFCB12000F0CAFC052000F0E1F83C2043
:1053D00000F0DEF83C2000F0DBF8B22000F0BEFC6C
:1053E000052000F0D5F83C2000F0D2F83C2000F079
:1053F000CFF8B32000F0B2FC052000F0C9F83C2043
:1054000000F0C6F83C2000F0C3F8052000F0C0F81A
:105410003C2000F0BDF83C2000F0BAF8B42000F0C9
:105420009DFC032000F0B4F8C02000F097FCAB20F6
:1054300000F0AEF80B2000F0ABF8042000F0A8F864
:10544000C12000F08BFCC52000F0A2F8C22000F0C3
:1054500085FC0D2000F09CF8002000F099F8C32096
:1054600000F07CFC8D2000F093F86A2000F090F8AA
:10547000C42000F073FC8D2000F08AF8EE2000F0CC
:1054800087F8C52000F06AFC0F2000F081F8E020CA
:1054900000F064FC072000F07BF80E2000F078F8A4
:1054A000082000F075F8072000F072F8102000F0D6
:1054B0006FF8072000F06CF8022000F069F8072070
:1054C00000F066F8092000F063F80F2000F060F8A3
:1054D000252000F05DF8362000F05AF8002000F09A
:1054E00057F8082000F054F8042000F051F810207C
:1054F00000F04EF8E12000F031FC0A2000F048F8FE
:105500000D2000F045F8082000F042F8072000F0D8
:105510003FF80F2000F03CF8072000F039F8022097
:1055200000F036F8072000F033F8092000F030F8DA
:105530000F2000F02DF8252000F02AF8352000F08B
:1055400027F8002000F024F8092000F021F80420BA
:1055500000F01EF8102000F01BF83A2000F0FEFBCF
:10556000052000F015F8362000F0F8FBA82000F028
:105570000FF800205023A02201460090FFF7BAFE4A
:10558000BDE83840292000F0E9BB000000080048D1
:1055900031B54FF400444FF0904500222146284693
:1055A000FCF78BFE01231A4669460448FDF7B0FC60
:1055B000012221462846FCF780FE38BDA0000020CD
:1055C0002DE9FF4F83B00746DDF8449000904FEA85
:1055D000590A4FF000085FEA4A7000D0012000EB42
:1055E000DA0000FB09F00499019001EB0900401E6C
:1055F00083B2203A07EB0A0002F0FF0B401E82B292
:105600003846FFF7D9FA002559E0B9F10C0F28D038
:10561000B9F1100F2BD0B9F1180F2CD0B9F1200F20
:1056200058D12E4901EB8B100024465D12980028BA
:105630004FF0010000FA04F000EA060021D020B18A
:105640003846069A0499FFF747FE7F1C0098BFB2C0
:10565000391A51452DD10498009F401C80B2049006
:105660002BE01F490BEB4B0001EB8000DCE71D49F1
:1056700001EB0B10D8E71C490BEB4B0001EB0010C2
:10568000D2E728B10698000A00F07CFB069804E0F7
:105690001098000A00F076FB1098C0B200F072FB80
:1056A00008F10100C0B2B0FBFAF280460AFB12809A
:1056B00068B1641CE4B2082CB8D36D1CADB201987B
:1056C0008542A2D307B0BDE8F04FFFF73BBE4FF0D5
:1056D0000008F2E707B0BDE8F08F000020A4000842
:1056E000EC870008608C0008509200082DE9FE4FFE
:1056F0009946DDE90D4517468A4680460C9E15E021
:105700000C2C18D0102C20D0182C28D0202C10D1E4
:1057100000964B463A4651464046CDE9014500F0D9
:10572000B9F908EB04001FFA80F8BF1C387800288C
:10573000E6D1BDE8FE8F00964B463A4651464046BC
:10574000CDE9014500F016F8EBE700964B463A46E6
:1057500051464046CDE9014500F092F8E1E7009658
:105760004B463A4651464046CDE9014500F00CF91A
:10577000D7E700002DE9FF4F85B00546139F0026AF
:1057800000908B46780700D0012000EBD7007843CB
:105790000290162003900020824600EB800101EB6E
:1057A000CA003649079A11F810301278934258D13E
:1057B00001EB40000190417807984078814250D138
:1057C0000BEB0700401E83B2E819401E82B2594617
:1057D0002846FFF7F1F900203DE00198002400EB96
:1057E0000809149899F8021000284FF0010000FAF7
:1057F00004F001EA000111D021B159462846089A67
:10580000FFF76AFD6D1C0098ADB2281AB8421BD193
:105810000BF101001FFA80FB009D19E029B10898E7
:10582000000A00F0AFFA089804E01298000A00F0AD
:10583000A9FA1298C0B200F0A5FA761CF6B2B6FB2F
:10584000F7F007FB1060B0B1641CE4B2082CC8D3B9
:1058500008F10100C0B2029980468842BDD3FFF72B
:1058600071FD0AF1010080B203998246884294D307
:1058700009B0BDE8F08F0026EAE70000E0BB0008B1
:105880002DE9FF4F85B00546139F002600908B46FB
:10589000780700D0012000EBD700784302902C203D
:1058A0004FF0000A03903749079A0AEB0A1011F8E3
:1058B00010301278934258D101EB400001904178AA
:1058C00007984078814250D10BEB0700401E83B20D
:1058D000E819401E82B259462846FFF76DF90020AC
:1058E0003DE00198002400EB0809149899F8021093
:1058F00000284FF0010000FA04F001EA000111D085
:1059000021B159462846089AFFF7E6FC6D1C00981D
:10591000ADB2281AB8421BD10BF101001FFA80FB6F
:10592000009D19E029B10898000A00F02BFA0898A8
:1059300004E01298000A00F025FA1298C0B200F0B4
:1059400021FA761CF6B2B6FBF7F007FB1060B0B197
:10595000641CE4B2082CC8D308F10100C0B202995B
:1059600080468842BDD3FFF7EDFC0AF101000399A0
:105970001FFA80FA8A4596D309B0BDE8F08F002659
:10598000EAE700001CBE00082DE9FF4F85B0054680
:10599000139F002600908B46780700D0012000EB73
:1059A000D70078430290042003900020824600EB49
:1059B000800101EB4A103649079A11F8103012782D
:1059C000934258D101EB400001904178079840780C
:1059D000814250D10BEB0700401E83B2E819401EF4
:1059E00082B259462846FFF7E7F800203DE00198CB
:1059F000002400EB0809149899F8021000284FF0D1
:105A0000010000FA04F001EA000111D021B1594669
:105A10002846089AFFF760FC6D1C0098ADB2281A62
:105A2000B8421BD10BF101001FFA80FB009D19E069
:105A300029B10898000A00F0A5F9089804E0129826
:105A4000000A00F09FF91298C0B200F09BF9761C92
:105A5000F6B2B6FBF7F007FB1060B0B1641CE4B21D
:105A6000082CC8D308F10100C0B2029980468842D0
:105A7000BDD3FFF767FC0AF1010080B203998246AB
:105A8000884294D309B0BDE8F08F0026EAE7000011
:105A9000F4C300082DE9FF4F85B00546139F00268B
:105AA00000908B46780700D0012000EBD7007843A8
:105AB000029005204FF0000A03903749079A0AEB3D
:105AC0008A1011F810301278934258D101EB40003F
:105AD0000190417807984078814250D10BEB070044
:105AE000401E83B2E819401E82B259462846FFF78D
:105AF00063F800203DE00198002400EB08091498A9
:105B000099F8021000284FF0010000FA04F001EAB1
:105B1000000111D021B159462846089AFFF7DCFB55
:105B20006D1C0098ADB2281AB8421BD10BF10100D0
:105B30001FFA80FB009D19E029B10898000A00F0C7
:105B400021F9089804E01298000A00F01BF9129855
:105B5000C0B200F017F9761CF6B2B6FBF7F007FBFF
:105B60001060B0B1641CE4B2082CC8D308F1010085
:105B7000C0B2029980468842BDD3FFF7E3FB0AF129
:105B8000010003991FFA80FA8A4596D309B0BDE84F
:105B9000F08F0026EAE700001CC500082DE9FF4F42
:105BA00080462DED020B83B0DFED230ADDE912A75D
:105BB00020EE200A7E0815460024BCEEC00A10EE36
:105BC000100A1FFA80FB31E0281B401EC1B20A20D8
:105BD00002F0E4FDBBFBF0F00A21B0FBF1F201FBA7
:105BE0001209A81E844210D10021CDF800A0CDE9F1
:105BF000017100FB068080B22E22089B0699FFF7F8
:105C0000DFFC641C6D1CE4B2EDB20021CDF800A0F5
:105C100009F13000CDE90171C2B204FB068080B207
:105C2000089B0699FFF7CCFC641CE4B2AC42CBD3D2
:105C300009B0BDE8F08F00000000C8422DE9FF4F19
:105C400083B00027DDE911A81D4681464FEA5806BA
:105C50003C46BB462CE0281B401EC1B20A2002F085
:105C60009DFD0599B1FBF0F00A21B0FBF1F201FBBB
:105C7000120027B9691E8C4201DA58B10127303071
:105C8000C2B2CDE900A804FB069080B2CDF808B0FE
:105C9000109B08E0CDE900A804FB0690109B80B2A1
:105CA000CDF808B020220499FFF78AFC641CE4B206
:105CB000AC42D0D307B0BDE8F08F2DE9F04798464D
:105CC000914601EB0802521E93B200EB0902521EEC
:105CD000002492B2089FFEF76FFF002611E0002516
:105CE0000BE017F8140000F04DF807EB4400407883
:105CF00000F048F86D1CADB2641C4545F1D3761C2C
:105D0000B6B24E45EBD3BDE8F047FFF71BBB2DE91C
:105D1000FE4F9946DDE90D6714468A460546DDF8D3
:105D200030800CE0CDF800804B4651462846CDE946
:105D30000167FFF745FC05EB560085B2641C22782D
:105D4000002AEFD1BDE8FE8F10B50446000AFFF728
:105D50001FFCE0B2BDE81040FFF71ABC70B5084C5C
:105D60000546002204212046FCF7A7FA2846FFF743
:105D70000FFC2046BDE8704001220421FCF79DBACB
:105D8000000C004870B5064C05462188FF2901D952
:105D9000FFF7D8FA034821884554491C218070BD7B
:105DA000140000208803002000EB8100006E00F04A
:105DB000F840704700EB8100006E00F0F84070473B
:105DC0008068C0F3C00070478068C0F3C0007047AF
:105DD0008068C0F3000070478068C0F3000070471F
:105DE0008068C0F3800070478068C0F3800070470F
:105DF000C06810F4406F01D0002070470120704748
:105E0000042303EAD15310B518444369C1F3045184
:105E100007248C40A3438A401343436110BD0423ED
:105E200003EAD15310B518444369C1F30451072460
:105E30008C40A3438A401343436110BD00EB8100B3
:105E4000016E21F0004111430166704700EB8100B3
:105E5000016E21F000411143016670472DE9F047C2
:105E6000444D288800240A2815D00A27DFF8088125
:105E7000142819D01E2815D1FFF72EF998F8000024
:105E80003E493F4E01282AD0032833D0DFF8F49052
:105E900002283BD041E06888B0F57A7F02D36C805D
:105EA00014202880BDE8F087FEF7C8FE2F8098F800
:105EB0000000042807D1344888F800400470FEF739
:105EC0009AFE1E20288098F800000228EAD12F4868
:105ED00088F800400178494201702F80E2E730786D
:105EE0000870103040B288F8004030704028D9DD8A
:105EF0003470D7E730780870103840B288F8004026
:105F000030700028CEDA40203070CBE788F80040AF
:105F100089F80040FEF76FFE2F8098F800100429E2
:105F2000C0D188F8004089F80040FEF764FE2F8059
:105F300096F9000004221649202815D006DC80B10D
:105F40001028AFD10A7003208870ABE705223028F3
:105F50000DD04028A6D10A700B20887081F8A2428B
:105F6000A0E70A700220EFE70A708A709AE70A70C9
:105F70000720E9E71A0000201E000020170000207B
:105F8000160000201800002019000020300000201A
:105F90009804002010B50B4C20880A2808D014283B
:105FA0000ED14FF400410848FCF77FF90A2006E0C3
:105FB0006088B0F57A7F03D30020608014202080B1
:105FC00010BD0000100000200008004870B598B017
:105FD00020210FA8FAF754F93C216846FAF750F946
:105FE00039483849002401604FF44031C0E90114B8
:105FF000042585610121C460C0E90441047741772B
:106000000322026280F82440C462046380F83810DE
:10601000C46380F84040FBF7F1FC08B172B6FEE7BC
:106020002A480F900620109005207F26CDE9110602
:10603000CDE913540FA92448FBF798F908B172B6BB
:10604000FEE723480F900C2010900FA91E48FBF785
:106050008DF908B172B6FEE71E480F90122010901D
:106060000FA91948FBF782F908B172B6FEE71A4882
:10607000009001A9092081E85100CDE904540220D3
:106080008DF8244008908DF825408DF826400A941C
:106090000B948DF8304069460B48FAF71FFE08B1A3
:1060A00072B6FEE70D48009040F20F10019069466D
:1060B0000548FAF713FE002801D072B6FEE718B0C3
:1060C00070BD000000010050340000200008302E98
:1060D000001060320080F03E0800900C0000524733
:1060E0002DE9F04F87B014216846FAF7C9F84848FF
:1060F000C16C41F00401C164C16C01F0040105915F
:10610000C16C41F02001C164C16C01F02001059116
:10611000C16C41F00101C164C16C01F00101059144
:10612000C16C41F00201C164C16C01F00201059132
:10613000C16C41F00801C164C06CDFF8D88000F088
:1061400008004FF460440590012221464046FCF7C8
:10615000B4F84FF09049002207214846FCF7ADF80B
:10616000DFF8B4A0002201215046FCF7A6F8012276
:10617000D1034846FCF7A1F84FF4006700223946E6
:106180004046FCF79AF8DFF894B000220421584604
:10619000FCF793F8009401240025CDE901456946F8
:1061A00040460395FBF7A4FF48F2070003268DE85D
:1061B000710069464846FBF79BFF01AA009482E8FC
:1061C000700069465046FBF793FF2003CDE90005B8
:1061D000694602945046FBF78BFF6002CDE900054B
:1061E000694602944046FBF783FF01AA009782E8C4
:1061F000700069464046FBF77BFF04208DE8710084
:1062000069465846FBF774FF07B0BDE8F08F000001
:10621000001002400008004800040048000C00483C
:10622000124810B5104901604FF4827141604FF47B
:10623000004181604FF4E061C16000214FF40072C1
:106240000161C0E905120822C0E907210723416264
:10625000C0E90A13C0E90C12FCF7B0FD002801D018
:1062600072B6FEE710BD0000003C0040A000002018
:1062700010B59CB0002419941A941794189414948F
:1062800015941C2168461694F9F7FAFF342107A8E3
:10629000F9F7F6FF39483849C0E900142021816038
:1062A00041F29A01C0E90314012141618021816119
:1062B000FCF7ABFF08B172B6FEE74FF480501790C1
:1062C00017A92E48FDF780F808B172B6FEE72B48F3
:1062D000FDF757FB08B172B6FEE71494159414A9A4
:1062E00026481694FCF742FF08B172B6FEE770200C
:1062F000CDE90004029403940494059400226946B5
:106300001E480694FDF7ABFA08B172B6FEE7042208
:1063100069461A48FDF7A3FA08B172B6FEE70822EB
:1063200069461648FDF79BFA08B172B6FEE70C22E3
:1063300069461248FDF793FA08B172B6FEE7079472
:10634000089409944FF400500A94CDE90B400D9441
:1063500000030E94CDE90F401194129407A9074849
:106360001394FCF7B1FE08B172B6FEE70348FDF7DF
:106370004BFA1CB010BD0000002C014004010020AD
:1063800010B588B000241748009401940294039437
:10639000049405944FF0804106940160A921C0E95E
:1063A00001146321C0E9031480218161FCF72DFFF2
:1063B00008B172B6FEE74FF4805000906946094874
:1063C000FDF702F808B172B6FEE7049404A9054887
:1063D0000694FCF7CBFE002801D072B6FEE708B0A9
:1063E00010BD00005001002010B58CB0242168467B
:1063F000F9F746FF0024174809940A9414490B94AE
:10640000C0E9001440F6FF71C0E9024104618461F3
:106410000320CDE900040120CDE902040F210491FD
:10642000CDE90540CDE9074169460A48FDF74CF83A
:1064300008B172B6FEE7099409A906480B94FCF767
:1064400095FE002801D072B6FEE70CB010BD00002A
:10645000000400409C010020164810B5144901605A
:1064600015494160002181600C22C160C0E904121D
:106470008161C161016241628162FDF76FFD08B116
:1064800072B6FEE700210B48FDF7B0FB08B172B60B
:10649000FEE700210748FDF783FB08B172B6FEE76F
:1064A0000448FDF75CFB002801D072B6FEE710BD82
:1064B000003801403402002080841E00FEE7000006
:1064C0002DE9F041B34D2A799FEDB34A2C460226BF
:1064D00094ED220A6179DFEDB13A94ED0E1AB7EE30
:1064E000003ADFEDAF0A01230020B03422B1012AC7
:1064F0007ED0022A7DD1EEE0A64AB7EE085A4FF4CC
:106500007A6792ED252AD2ED091A41F2040251B1BF
:1065100001290FD002291FD0032936D0042943D0E6
:10652000052958D06CE0C5ED3A0AC5ED390A288135
:1065300068816B71D5ED392A60EE224A64EE855A86
:10654000C5EE824ADFED975A61EEA55AF4EEE45AA1
:10655000F1EE10FA57D86E716989491C89B26981C8
:10656000B94205D9D5ED0A2A72EE802AC5ED0A2A6C
:10657000914245D3D5ED0A2A032162EE842AC5ED66
:106580000B2A6881C5ED0A0A6971D5ED392A60EEDA
:10659000224A24EE855AC5EE024AF4EEE41AF1EEE0
:1065A00010FA37D8042169716989491C89B2698157
:1065B000B94225D9D5ED0A1A914231EE800A85ED0E
:1065C0000A0A1DD320EE040A052185ED0C0A688114
:1065D000C5ED0A0A697195ED0D0AD5ED0B1A31EE7C
:1065E000400A95ED0C1A31EE611AC0EE011A01E075
:1065F00017E0C6E0C5ED031AC5ED390A68712B71C5
:10660000C5ED310A64E032EEA30A85ED390A85ED65
:106610000D0AF5E732EEA30A85ED390A85ED0E0A7B
:10662000EEE72A4621B1012911D002293FD04DE0E1
:1066300010EE101A5C4FC2ED3A0AC2ED390AB942A7
:1066400044D810EE101A594FB9423FDC537182ED15
:10665000391A5189491C89B2518192ED0C1ADFED2A
:10666000541A21EE211AB4EEC10AF1EE10FA2DDB14
:1066700092ED081A92ED030ADFED4E1A20EE210A80
:10668000DFED4D1A60EE211A00EE101AB8EE400A46
:1066900001EE801A82ED081A50811189491C89B2D5
:1066A00011815071C2ED390A64290FD3567192EDF0
:1066B000080A20EE040A82ED040A82ED060A82ED41
:1066C000050A5071C2ED080A50811671C2ED310AF7
:1066D00085ED323A52E02F49B5F84C20096C12B1E1
:1066E000012A16D04AE095ED390A30EE230A85EDED
:1066F000390AB4EEC10AC5ED3A0AF1EE10FA85ED99
:10670000313AC5ED320A39DBC5ED390AA5F84C300E
:10671000A96495ED390A30EE230A85ED390AB4EE05
:10672000C10AC5ED3A0AF1EE10FAC5ED310A85ED60
:10673000323A23DBAA6C8A1AAA6412F5006F02DCD3
:1067400002F6FF7204E0B2F5006F02DBA2F6FF7200
:10675000AA64002A02DD85F83C3007E002DA85F8F9
:106760003C0005E095F83C20012A01D16A6C511AE1
:106770002965A5F84C00C5ED390AAB712046FEF736
:106780008FF995ED250A204685ED3D0ABDE8F041DB
:10679000F9F758BF980400200AD7233C17B7D1381F
:1067A000000000009A99193FCDCC4CBDCDCC4C3D9A
:1067B0003333733F0C02AB3E17B7513830B59A48AC
:1067C00000220321027042708170012180F8641060
:1067D0009FED960A80ED290A9FED950A072380ED2B
:1067E000280A80F83C1080F83D3040F6FF749FED99
:1067F000910A446480ED150ADFED8F0A42F23415E8
:10680000C0ED370AC0ED380AA0F8F85041F67865B7
:10681000A0F8FA50A0F8464280F8193280ED870AB5
:106820009FED861A80ED891A80F8E4310223A0F8E2
:10683000EA31A0F8EC419FED821A80ED821A9FEDBB
:10684000811A80ED7F1A9FED801A80ED091AB2EE51
:106850000C1A80ED9B1A80ED980AC0EDA60A80ED17
:10686000C10ADFED7A0AC0EDCB0ADFED790AC0ED8F
:10687000CC0ADFED780AC0EDD10A80F8A012DFED76
:10688000760AC0EDAF0A80F848139FED741A80EDC8
:10689000DD1AB3EE041A80EDDE1A80EDD30A9FED07
:1068A0006D0A80EDE30A80F8902380F89123A0F828
:1068B00094239FED6B0A80EDE60A9FED6A0A80ED56
:1068C000E70AB0EE080A80EDE80AA0F8A4239FEDDD
:1068D000650A80EDEA0A9FED630A80EDEB0A9FED01
:1068E000610A80EDEC0A9FED5F0A80EDED0A9FEDF5
:1068F0005D0A80EDEE0A9FED5B0A80EDF10A9FEDE7
:10690000590A80EDF20A80F8CC23A0F8CE23A0F833
:10691000D0239FED550A80EDF60ADFED541AC0ED45
:10692000F71A9FED532A80EDF82A9FED4E1A80ED5D
:10693000FD0A9FED4C0A00F57A7300F5806183EC47
:10694000031A81ED000A9FED470A81ED010A9FEDD0
:10695000450A81ED020A9FED430A81ED030A9FED8E
:10696000410AB2EE041A81ED040A9FED3E0AFAEEE6
:10697000041A81ED050A9FED3B0A81ED060A9FEDA1
:10698000390AA0F81C2481ED080A9FED360A81ED32
:10699000090A9FED340A81ED0A0A80F82C24B1EE31
:1069A000040A81ED0E0AC1ED0F0A9FED320ADFEDF8
:1069B000320A80ED410AC0ED420A80ED4B1AC0ED6B
:1069C0004C1A80ED4F0AC0ED500A80ED591A9FED28
:1069D0002B0AC0ED5A1ADFED2A0A80ED5D0AC0EDE0
:1069E000690A80ED6A0A9FED270A80ED5E0AB1EE22
:1069F000080A80ED670AB9EE080A80ED680AB6EE6B
:106A0000000A80ED6B0A9FED170A80ED6C0A9FED7E
:106A1000150A80ED6D0A9FED1C0A80ED750A9FED49
:106A20001B0A80ED760A30BD980400200000843CEB
:106A30008906933C17B75138CDCCCC3D0000964524
:106A40000AD7A33C007C12499A99193F000096444A
:106A50000000C8420AD7233C3333B33F00006144EF
:106A6000CDCC4C3D000000000040834500803B45FC
:106A70000000FA44CDCC4C3E6F12033B6F12833AB8
:106A80000AD7A33BBD37063600C05A4600C05AC6D7
:106A9000FFF794BE2DE9F041494C0326042594F8F4
:106AA000651004F164000746012939D1F9F746FD64
:106AB0003846F9F773FD94ED250ADFED420A60EEE2
:106AC000200AC4ED590A9FED401A10EE100A3F4902
:106AD00020EE011A0222884284ED5A1AC4ED4B0AB4
:106AE00084ED4C1A04DD10EE100A3949884201DBAE
:106AF000227066703749D4F8880088420EDC364B25
:106B000098420BD8D4F88C00884207DC984205D80C
:106B1000D4F89000884201DC984201D92270657057
:106B20002748227800213C30062A0CD2DFE802F008
:106B300003422B0D1F253846F9F7CDFC94F865006C
:106B4000012800D12670BDE8F081FFF7B9FCA079DB
:106B50000128F8D194ED030A84ED990A94ED060A10
:106B600084ED9A0A20780228EDD02570EBE7F9F73A
:106B7000F6FCBDE8F04100F033BBF9F7F0FCBDE8EE
:106B8000F04100F013BB24F8FC1F00226180A180BB
:106B900001211248FBF791FB4FF0904400220221A3
:106BA0002046FBF78AFB2046BDE8F0410022042185
:106BB000FBF783BB24F8FC1F6180A180C3E70000C2
:106BC0009804002036CD133F36CD13BF000020417E
:106BD0000000204200004041000040C10004004885
:106BE000FEE790ED030AD0ED040A30EE600A80ED76
:106BF000060AD0ED051A90ED0A1AD0ED0B0AF4EE54
:106C0000C11AF1EE10FA0CD2F4EEE01AF1EE10FA1D
:106C100007DDD0ED091A90ED012A42EE001AC0ED11
:106C2000091AD0ED091A90ED002AD0ED022A42EEA1
:106C3000001A90ED072A30EE422A42EE821AC0ED89
:106C4000051AF4EEC11AF1EE10FA02DAB0EE611A8A
:106C500001E080ED051AB4EEE01AF1EE10FA01D869
:106C6000C0ED050A80ED070A7047000090ED0A0AA2
:106C7000D0ED020A90ED031A90F9001020EE200AE0
:106C8000D0ED090AB7EE002A244A00EE810A00EE90
:106C9000901AF8EEE00A20EE200A80ED040AD0ED0A
:106CA0000B0A20EE801A80ED0D1AD0ED0E0AD0ED01
:106CB0000C1A41EE800AC0ED0E0A71EE200AC0EDFA
:106CC0000F0A90ED110AD0ED101A20EE801A32EE64
:106CD000400A01EE801A80ED101A90ED050A90ED41
:106CE000011A00EE810ADFED0E0A10EE101A80ED97
:106CF000050A914202DD30EE600A06E0B5EEC00AF8
:106D0000F1EE10FA03D230EE200A80ED050A80EE93
:106D1000201A80ED070A80ED081A7047D00FC9408D
:106D2000D00FC940D0ED030AD0ED061A90ED041A39
:106D300090ED050A20EEA12A01EE002A21EE211A8B
:106D400000EEC01A80ED072A80ED081A70477047E0
:106D500070B5584C0025B4F84402401C80B2A4F829
:106D6000440204282AD3A4F8445294ED160ADFED15
:106D7000520A04F5117020EE200ABDEEC00A84ED1F
:106D8000920AF9F72EFCD4F8540200EE100AB8EE7D
:106D9000C00A84ED6F0AD4F85C12C1EBC10100EEA9
:106DA000101A072190FBF1F0B8EEC00A84ED6E0ACC
:106DB000C4F8580204F5D670FFF713FFB4F8E801E1
:106DC000401C80B2A4F8E801022825D3A4F8E851B9
:106DD00094ED160A394884ED7C0AF9F79BFD94ED91
:106DE000700A374984ED600AD4F80402C4F88401BB
:106DF000884205D23349884202DA94ED690A01E0FB
:106E000094ED6A0A2D4884ED5D0A7038FFF7E9FEBB
:106E100094ED620A84ED440A94ED220A254884ED3B
:106E20002C0A94ED230AB03084ED2D0A0546F9F7BB
:106E3000ABFD2846FFF776FF94ED330AD4ED370A11
:106E4000F7EE001A94ED351A20EE200A71EEE00AF2
:106E50001A48E03801EE200A84ED350AD4ED340AF0
:106E600094ED381A94ED362A60EE810A31EEC11A9B
:106E700042EE010AC4ED360AC4ED450A84ED530A18
:106E8000FFF7AFFE0D48A838FFF7ABFE94ED460ABA
:106E9000284684ED3A0A94ED540A84ED390AFDF748
:106EA000FFFD94ED250A284684ED3D0ABDE87040BB
:106EB000F9F7C8BB9804002000F07F457C0600204D
:106EC0000000FAC40000FA4490ED080AD0ED0B2A45
:106ED00090ED002A4FF07E5370EE620A90ED020AA8
:106EE000314A80EE801AD0ED010AF1EE600A80EEA0
:106EF000803AD0ED060A03EE201A42EE010AC0EDF8
:106F0000060A90ED091AD0ED0D1A31EE611AC1EEA4
:106F1000003A90ED071A43EE013A02EE231A80ED93
:106F2000071A90ED040A70EEC00A90ED030A10EE05
:106F3000901A994202DD80ED0A0A0AE010EE901ADA
:106F4000914202D9F1EE400A01E060EE800AC0ED04
:106F50000A0AD0ED050A71EE600A10EE901A994205
:106F600008DC10EE901A914202D9B1EE400A01E01D
:106F700020EE800A80ED0C0AD0ED0A0A90ED0E0A90
:106F800020EE801AF7EE000A70EEC00A02EEA01A98
:106F900080ED0B1A90ED0C1A21EE000A01EEA00A0A
:106FA00080ED0D0A70470000000080BFF8B515465F
:106FB0000E460B460092044600224FF4C05100F0EA
:106FC00019F888B93346002280212046009500F048
:106FD0007FF848B9334600224FF4C061204600953F
:106FE00000F008F8002804D0206E40F02000206651
:106FF0000320F8BD2DE9FC5F4FF0000B98461646C4
:107000000F4604460C9D8DF804B0FBF75BF9411B5D
:10701000A8EB0105FBF756F98246206800F10C0940
:107020002A480068C0EBC00000EB8000000D6843F8
:1070300043E0B7F5C06F06D12EB999F800008DF87E
:1070400004009DF80400B8F1FF3F37D0FBF73AF990
:10705000A0EB0A00A84203D215B1009858B32BE068
:107060002068416821F0E00141606068B0F5827FEE
:107070000BD1A068B0F5004F02D0B0F5806F04D1FD
:107080002068016821F040010160A06AB0F5005F4E
:1070900009D12068016821F400510160206801686D
:1070A00041F400510160012084F85D0084F85CB077
:1070B0000320BDE8FC9F0025401E009020688068EA
:1070C0003840B042B5D10020F3E700000C000020AA
:1070D0002DE9F8431E46914688460446089DFBF775
:1070E000F1F8401B351AFBF7EDF807462548006814
:1070F000C0F3CB30684338E0701C37D0FBF7E2F8C0
:10710000C01BA84203D215B1009860B32CE02068E0
:10711000416821F0E00141606068B0F5827F0BD1E9
:10712000A068B0F5004F02D0B0F5806F04D12068A0
:10713000016821F040010160A06AB0F5005F09D14B
:107140002068016821F4005101602068016841F461
:1071500000510160012084F85D00002084F85C008B
:107160000320BDE8F8830025401E00902068816858
:1071700038EA010004D000204845BDD10020F0E7E6
:107180000120F9E70C0000207047B4EEC10AF1EECF
:1071900010FA02DBB0EE410A7047B4EEE00AF1EEFD
:1071A00010FAF9D8B0EE600A704700000B488078FA
:1071B000401F072811D2DFE800F00406080A0C106F
:1071C0000E0000F033B900F0C1B800F059B9FDF776
:1071D00065B8FDF753BAFDF7F7B87047980400207B
:1071E00010B5114C04F1C80194ED160A081FF9F707
:1071F00027FBA078012809D002280BD003280DD046
:1072000004280FD1BDE81040FFF7A2BDBDE8104033
:10721000F9F722BCBDE81040F9F7CCBBBDE810403F
:1072200000F004B810BD00009804002070B5434C75
:10723000B4F8E801401CA4F8E80194ED840A04F5D0
:10724000067084ED880A00F02FFEB4F8E8010228E9
:1072500026D30020A4F8E80194ED160A04F5F27094
:1072600084ED7C0AF9F756FB94ED8D0A344984EDE0
:10727000600AD4F80402C4F88401884205D2314976
:10728000884202DA94ED690A01E094ED6A0A2E4818
:1072900084ED5D0AFFF7A5FC94ED620A84ED440AD3
:1072A00094ED220A254884ED2C0A94ED230AB0308F
:1072B00084ED2D0A0546F9F767FB2846FFF732FDF6
:1072C00094ED330AD4ED370AF7EE001A94ED351A2F
:1072D00020EE200A71EEE00A1B48703801EE200A09
:1072E00084ED350AD4ED340A94ED381A94ED362A3B
:1072F00060EE810A31EEC11A42EE010AC4ED360A8F
:10730000C4ED450A84ED530AFFF76BFC0E4838388C
:10731000FFF767FC94ED460A284684ED3A0A94ED9F
:10732000540A84ED390AFDF7BBFB94ED250A284683
:1073300084ED3D0ABDE87040F9F784B99804002057
:107340000000FAC40000FA440C06002070B5364C68
:107350002DED028BB7EE008A84ED528A94ED840AFB
:1073600004F5067084ED880A00F09EFD94ED8D0A08
:1073700004F13C0084ED170AF9F7DEFB04F1C801C3
:1073800094ED180A081FF9F75BFA94ED220A04F14C
:10739000B00084ED2C0A94ED230A054684ED2D0AF5
:1073A000F9F7F2FA2846FFF7BDFC94ED330AD4ED65
:1073B000370A94ED351A04F5827020EE200A78EE33
:1073C000600A01EE200A84ED350AD4ED340A94ED0A
:1073D000381AD4ED361A60EE810A38EE411A41EEC1
:1073E000810AC4ED360AC4ED450A84ED530AFFF75D
:1073F000F8FB04F59E70FFF7F4FB94ED460A28466F
:1074000084ED3A0A94ED540A84ED390AFDF748FBFD
:1074100094ED250A284684ED3D0ABDEC028BBDE8BB
:107420007040F9F70FB900009804002070B5134CB4
:1074300004F5067094ED840A84ED880A00F034FDAA
:1074400094ED8D0A04F13C0084ED170AF9F774FB02
:1074500004F1C80194ED180A081FF9F7F1F904F1D5
:10746000B0000546FDF71CFB94ED250A284684ED87
:107470003D0ABDE87040F9F7E5B800009804002027
:1074800070B5A84C2DED048B94ED250ADFEDA60A0E
:1074900004F5067020EE200A84ED9B0A94ED840A20
:1074A00084ED880A00F000FD94ED8D0A04F13C00A3
:1074B00084ED170AF9F740FB94ED030A04F5187000
:1074C00084ED990A94ED060A84ED9A0A94ED2F0A48
:1074D00084ED9C0A94ED300A84ED9D0A94ED3B0AFC
:1074E00084EDA00A94ED3C0A84EDA10AFFF7ECFCC0
:1074F00094F8180284F8000394EDA30A04F5407090
:1075000084EDC20A94EDA50A84EDC30AFFF7AEFB31
:1075100004F54A7194EDC80A081FF9F791F994ED42
:107520008D0A84EDED0AD4EDD00ADFED808A80EE7D
:10753000A80A9FED7F9A20EE090A84EDEE0A94EDE9
:10754000180A84EDEA0A94EDC80A84EDEB0A94F86F
:10755000400284F8920304F5647000F0F1F894EDB1
:10756000EE0AF1EE0C0A80EE201A84ED831A94F8EC
:10757000CC039FED708A002108B3B4F8D00368B93A
:1075800094ED880A84EDF50A84ED888A84ED8D8A6D
:1075900084ED8A8A84ED8C8A84F89013401C80B232
:1075A00041F28832A4F8D003904210D3A4F8D0134B
:1075B00084F8CC1394EDF50A84ED880A07E094F87A
:1075C0009003012803D194EDC80A84ED180AB4F899
:1075D000E801401C80B2A4F8E80102281DD3A4F8F9
:1075E000E81194ED8D0A84ED600A94EDD00AC0EEA6
:1075F000280A20EE890A84ED610A94F89003012894
:107600000BD14D48FFF7EDFA94F8910328B994EDAA
:10761000E60A84ED660A84ED620A94F8900384F821
:10762000910394ED220A3F4884ED2C0A94ED230A3D
:10763000B03084ED2D0A0546F9F7A6F9394894F8DB
:10764000902300F1C801C43052B394EDC80AF9F791
:10765000F7F82846FFF766FB94ED330AD4ED370AB6
:10766000F7EE001A94ED351A20EE200A71EEE00ACA
:1076700001EE200A84ED350AD4ED340A94ED381A6F
:1076800094ED362A60EE810A31EEC11A42EE010A0B
:10769000C4ED360A94F8900328B194ED621A1AE00A
:1076A00094ED180AD3E794ED601A2449B0EEC11A9C
:1076B00011EE100A88420CDA84ED668A84ED628A43
:1076C00084ED448A84EDA28A84EDA48A84EDCF8A75
:1076D00005E094EDE61A84ED441A84ED528A1648CA
:1076E000C4ED450A84ED530A7038FFF77AFA124860
:1076F0003838FFF776FA94ED460A284684ED3A0AC0
:1077000094ED540A84ED390AFDF7CAF994ED250A7F
:10771000284684ED3D0ABDEC048BBDE87040F8F7C7
:1077200091BF00009804002036CD133FDB0FC94005
:1077300000007042000000000C0600200000204104
:1077400010B504462DED048B90ED060AD0ED070A26
:1077500030EE600AF7EE000A80ED080A10EE100A1B
:10776000B0F17C5F01DD30EE600A10EE100A84EDAE
:10777000080AB0F13F4F01D930EE200A84ED080A23
:1077800094ED091AD4ED0A1A31EE612A84ED0D2A1E
:10779000D4ED0E0A32EE602ADFED782AB0EEC00A90
:1077A00010EE101A42EE220A754A9142C4ED0E0AFA
:1077B000F0EEC10AC4ED0B0AF0EEE10AC4ED0C0ACA
:1077C000B4F9140001DC401C00E0401EA0822078C7
:1077D000012812D1A088401C80B200EE100AA080BF
:1077E000B8EE400A9FED671ADFED670AFFF7CDFCA0
:1077F000BCEEC00A10EE100AA08094ED041A9FEDB2
:10780000630AA07821EE008ADFED618A9FED619A1C
:1078100002282BD094ED0B0AD4ED121AB4EEE10A33
:10782000F1EE10FA0CDBB4F914001E2808DC94ED1C
:10783000020AF0EE680AB0EEC00A30EE480A0EE026
:10784000B4EEE10AF1EE10FA46D294ED020AB0EE7F
:10785000C00ADFED510A30EE200AF0EE490AFFF7C8
:1078600094FC84ED020AA078022835D1D4ED120AE6
:10787000B1EE041A94ED0B0A70EE810AB4EEE00A40
:10788000F1EE10FA13D2D4ED140AB4EEE00AF1EEE0
:1078900010FA0CDD94ED020AB0EEC00ADFED3F0AEB
:1078A00094ED041A30EE200AF0EE490A10E0D4ED0F
:1078B000140AB4EEE00AF1EE10FA0DD294ED020AC9
:1078C00094ED041AF0EE680AB0EEC00A30EE480AF1
:1078D000FFF75BFC84ED020A94ED090AB5EEC00ADD
:1078E000F1EE10FA07D294ED020AB0EEC00AB1EE42
:1078F000400A84ED020A227801200021012A14D1D5
:10790000A28844F620639A420FD994ED0C0AD4ED74
:10791000140AB4EEE00AF1EE10FA06D884F83C003E
:10792000A180E08F401CE0871BE0B4F91420282AD6
:107930000CDD94ED0B0AD4ED120AB4EEE00AF1EE80
:1079400010FA03DB84F83C1020700EE094ED0B0A73
:10795000D4ED130AB4EEE00AF1EE10FA01D2A180E0
:107960002170B4F91400282804DD2920A082BDEC80
:10797000048B10BD0028FADAA182F8E7CDCCCC3D0B
:10798000CDCC4C3D00401C470000000052499D39C1
:107990000AD7A33DCDCC4C3D0AD7233C6F12833A86
:1079A000FAF796BC10B594B038216846F8F768FC31
:1079B00014210EA8F8F764FC0020FAF71BFD012043
:1079C00000900004032404210190CDE90841022025
:1079D0005521CDE90A1007900C900D906846FAF7F2
:1079E000F3FF08B172B6FEE70F20CDE90E040020C8
:1079F00010901190129004210EA8FAF7AFFE002803
:107A000001D072B6FEE714B010BD00000248016854
:107A100041F470010160704788ED00E00148FBF718
:107A200021BE0000040100200148FBF71BBE00003E
:107A3000500100202DE9F0430268264C264D274EC8
:107A4000274B4FF08049A04207D0484505D0A842B7
:107A500003D0B04201D0984203D122F070074A68A7
:107A60003A43204FDFF880C0DFF88080A0420DD07D
:107A700048450BD0A84209D0B04207D0984205D063
:107A8000B84203D0604501D0404503D122F440758F
:107A9000CA682A434D6922F080022A4302608A683C
:107AA000C2620A688262A04207D0984205D0B842FA
:107AB00003D0604501D0404501D10969016301212E
:107AC00041610169C90703D0016921F00101016128
:107AD000BDE8F083002C0140000400400008004095
:107AE0000034014000400140004401400048014092
:107AF00010B501F01F010123046A8B409C4304620E
:107B0000036A8A401343036210BD10B5846842EAD9
:107B1000032224F47F440A432243826010BD000004
:107B20008268034B1A400A4342F0070181607047A4
:107B30008FFFCFFF2DE9F043056A026A22F00102B0
:107B40000262426883691C4C25F0020523400C68E0
:107B500023F003031C438B68194E2B43174D194F19
:107B6000DFF864C0DFF86490A84207D0B04205D0C7
:107B7000B84203D0604501D0484506D123F008083B
:107B8000CB6843EA080323F00403A84207D0B042BD
:107B900005D0B84203D0604501D0484505D14D69B4
:107BA00022F4407215438A692A434260846149681D
:107BB00041630362BDE8F0838FFFFEFF002C0140AC
:107BC00000340140004001400044014000480140B1
:107BD000F0B5046A026A22F0100202624268836908
:107BE000194D1B4E2B400D6823F4407343EA0525C5
:107BF00024F020038C6843EA0413144CA04201D003
:107C0000B04206D1CF6823F0800343EA071323F084
:107C10004003A0420AD0B04208D00E4CA04205D08A
:107C20000D4CA04202D00D4CA04207D14C6922F469
:107C3000406242EA84028C6942EA840242608561C1
:107C4000496881630362F0BDFF8FFFFE002C014095
:107C50000034014000400140004401400048014020
:107C6000F0B5056A026A22F4807202624268C36952
:107C7000194C1B4E23400C6823F003031C4325F4CE
:107C800000738D6843EA0523144DA84201D0B04229
:107C900006D1CF6823F4006343EA072323F480630B
:107CA000A8420AD0B04208D00E4DA84205D00E4DD1
:107CB000A84202D00D4DA84207D14D6922F440528E
:107CC00042EA05128D6942EA05124260C4614968C0
:107CD000C1630362F0BD00008FFFFEFF002C014076
:107CE0000034014000400140004401400048014090
:107CF000F0B5046A026A22F4805202624268C369E3
:107D0000194D1B4E2B400D6823F4407343EA0525A3
:107D100024F400538C6843EA0433144CA04201D08D
:107D2000B04206D1CF6823F4004343EA073323F47B
:107D30008043A0420AD0B04208D00E4CA04205D0E9
:107D40000D4CA04202D00D4CA04207D14C6922F448
:107D5000404242EA84128C6942EA84124260C56160
:107D6000496801640362F0BDFF8FFFFE002C0140F3
:107D700000340140004001400044014000480140FF
:107D800030B5046A026A22F4803202624268036DEE
:107D9000114D2B400D681D4324F400330C8943EA38
:107DA00004430E4CA0420BD00D4CA04208D00D4C09
:107DB000A04205D00C4CA04202D00C4CA04204D1F1
:107DC0004C6922F4803242EA042242600565496827
:107DD0008164036230BD00008FFFFEFF002C014074
:107DE000003401400040014000440140004801408F
:107DF00030B5046A026A22F4801202624268036D9E
:107E0000114D24F400142B400D6843EA05230D891D
:107E100044EA05540D4DA8420BD00D4DA84208D0A0
:107E20000C4DA84205D00C4DA84202D00B4DA842E3
:107E300004D14D6922F4802242EA85224260036522
:107E40004968C164046230BDFF8FFFFE002C014011
:107E5000003401400040014000440140004801401E
:107E600010B5046A036A23F001030362836923F0F7
:107E7000F00343EA021324F00A020A438361026218
:107E800010BD10B5036A046A24F01004046284690A
:107E900023F0A00324F4704444EA023243EA0111BF
:107EA0008261016210BD0000D0ED020A9FED322A0E
:107EB00080EE820AD0ED010A20EE200A80ED040A4D
:107EC000D0ED031A81EE821A21EE201A61EE201AFB
:107ED000C0ED051A90ED061AB4EEC01AF1EE10FAD4
:107EE00009D231EE211A80ED061AB4EEC01AF1EE75
:107EF00010FA0ADA0BE00ADD31EE611A80ED061A9B
:107F0000B4EEC01AF1EE10FA01D880ED060A90ED39
:107F1000061A90ED090AF0EEC11A31EEC00A80EDA2
:107F2000080AB5EEC00AC0ED091AF1EE10FA01DD3B
:107F3000002107E0B5EEC00AF1EE10FA01D20221ED
:107F400000E00121B5EEC01A80F82810F1EE10FA19
:107F500002DD4FF0FF3100E0012121EE020A017045
:107F6000417880EE201A00EE101AB8EE400A21EE99
:107F7000000A80ED070A70470000704270B5224A7F
:107F8000224811469678B1F8AA1090F90030204C9A
:107F9000204DDFED210AB61EB6EE000A01FB03F00C
:107FA0000A2E10D2DFE806F00510230F0F270F0F5F
:107FB0000F1000EE101ADFED190AB8EE400A20EE9D
:107FC000200A82ED440A70BD01EE100AB8EEC11A13
:107FD00021EE000A10EE100A82ED840AA042F2DCC3
:107FE00010EE100AA842EED8C2ED840A70BD4842D5
:107FF000C2F85C0270BD00EE900AF8EEE00A20EED6
:10800000800A82ED840A70BD9804002030000020B0
:108010000000A0400000A0C0000000006F12033B61
:1080200030B5416EB9B1026891689268C1F342619E
:108030000B4C520FA35CDD0004F108039A5CB5FB06
:10804000F2F2A0F86A20625C595CD200B2FBF1F156
:10805000A0F8681030BD0121A0F86A10F8E7000010
:10806000C487000890F82810090706D501684A68F7
:10807000836B22F400421A434A6090F82810C90723
:1080800006D001684A68C36A22F400321A434A6083
:1080900090F82810890706D501684A68036B22F416
:1080A00080321A434A6090F82810490706D50168C3
:1080B0004A68436B22F480221A434A6090F82810E1
:1080C000C90606D501688A68C36B22F480521A4338
:1080D0008A6090F82810890606D501688A68036CC2
:1080E00022F400521A438A6090F82810490611D5EC
:1080F00001684A68436C22F480121A434A60416C5A
:10810000B1F5801F06D101684A68836C22F4C00271
:108110001A434A6090F82810090606D501684A6893
:10812000C06C22F4002202434A6070472DE9F843F4
:1081300000250446C0F89050FAF7C4F8804620683D
:1081400000684FF0200600076FF07E4713D54346C6
:10815000002231042046009700F00EFA58B1206842
:1081600050E8001F21F0800140E80012002AF6D1FB
:10817000C4F8886021E020680068400722D54346A3
:1081800000224FF480012046009700F0F5F9C8B1B5
:10819000206850E8001F21F4907140E80012002A86
:1081A000F6D12068083050E8001F21F0010140E8B6
:1081B0000012002AF5D1C4F88C6084F884500320A2
:1081C000BDE8F883C4F88860C4F88C6044F86C5F3C
:1081D000656025760020F3E710B5806A0021A0F8DD
:1081E0005E10FBF72BFD10BD70B5846AD4F88800D3
:1081F000D4F88C50216889684FF00006090606D52E
:10820000212804D1A4F85660204600F065F82068C3
:108210008068400606D5222D04D1A4F85E60204671
:1082200000F030F8D4F8900040F01000C4F890004E
:108230002046FBF703FD70BD10B50146806A096852
:108240000968890616D40021A0F856100168083183
:1082500051E8002F22F0800241E80023002BF5D1E5
:10826000016851E8002F42F0400241E80023002B52
:10827000F6D110BDFBF752FF10BD10B5806AFBF7B9
:108280004EFF10BD10B5016851E8002F22F4907226
:1082900041E80023002BF6D10E4B0168083151E86C
:1082A000002F1A4041E80024002CF6D1C16E0129AC
:1082B00008D1016851E8002F22F0100241E80023A4
:1082C000002BF6D12021C0F88C100021C166416737
:1082D00010BD0000FEFFFFEF016851E8002F22F003
:1082E000C00241E80023002BF6D10168083151E8B3
:1082F000002F22F4000241E80023002BF5D12021B9
:10830000C0F88810704700002DE9F041044600686D
:108310002269A168E669114362690025324311436D
:108320008A4B02688A4E32400A43026020684168E4
:10833000E26821F44051114341602168A0699942EB
:1083400001D0226A10438A68824E324002438A601A
:108350002068C16A626A21F00F011143C1627E493F
:1083600022687E488A420DD1D0F8880010F00300C0
:1083700006D0012855D0022842D003283FD152E030
:1083800001203DE076498A420BD1D0F8880010F0F8
:108390000C0035D0042833D0082840D00C282ED12A
:1083A00041E070498A420BD1D0F8880010F03000CB
:1083B00026D0102835D0202831D030281FD132E0E7
:1083C00069498A420BD1D0F8880010F0C00017D05C
:1083D000402826D0802822D0C02810D123E09A42FD
:1083E0000DD1D0F8880010F4406009D0B0F5806F4E
:1083F00017D0B0F5006F12D0B0F5406F13D0102039
:108400005A495B4E00274FF4004C9A423BD160B171
:10841000022813D004280BD0082872D10DE00220C6
:10842000EEE70420ECE70820EAE7FAF77DFA01E03E
:10843000FAF79EFA010001D17CE06146606A36F8E5
:1084400010206668B1FBF2F006EB4603834270D859
:10845000B0EB063F6DD8002308461946F7F7D8FE63
:10846000090241EA1061020270081018794132468F
:108470000023F7F7CDFE3F4AA0F54071914258D84E
:108480002168C86056E0E2694FF6EF7862452CD16A
:1084900009284ED2DFE800F00508114D0D4D4D4D75
:1084A0001000FAF741FA01E0FAF750FA010004D19E
:1084B00040E0FAF75DFAF9E76146606A36F81000C5
:1084C000B1FBF0F04100606801EB5001B1FBF0F04E
:1084D000A0F1100141452CD84FF6F0710140C0F3D6
:1084E000420001432068C16024E0092821D2DFE86E
:1084F00000F0050912200E2020201100FAF714FACE
:1085000002E016E0FAF722FA010004D112E0FAF7CD
:108510002FFAF9E76146606A36F81000B1FBF0F116
:10852000606801EB5001B1FBF0F0A0F11001414592
:108530000AD901250120A4F86A0024F8680F28460A
:10854000E7602761BDE8F08180B299E700800040D4
:10855000F369FFCFFFF4FF11003801400010024023
:108560000044004000480040004C00400024F4005B
:10857000AC870008FFFC0F002DE9F0471F4690462E
:108580000D4604464FF00009089E32E0701C30D0C2
:10859000F9F798FEC01BB04218D8BEB12068016838
:1085A000490726D5802D24D0402D22D0C169C9434A
:1085B00009070DD4082505622046FFF763FEC4F8BD
:1085C000905084F884900120BDE8F0870320FBE7F9
:1085D000C069C04300050CD421684FF400600862F4
:1085E0002046FFF74FFE2020C4F8900084F88490C6
:1085F000ECE72068C06935EA000004D0002040455F
:10860000C4D00020E0E70120F9E700000148FBF7B3
:1086100017BB000034020020FEE7000070B51D4CBF
:10862000208800221C490A25052808D00A280DD0D8
:10863000142811D1194E3068426872B128E00A73CB
:108640004A73802088737F20C87321E060880028E7
:1086500002D062801420208070BD114A92ED220A5F
:1086600081ED000A92ED230A81ED010A92ED240AC0
:1086700081ED020A016821F0010101601022064922
:108680000848FBF703FD3068016841F00101016013
:10869000258070BD2C0000208804002028030020C5
:1086A00098040020340200200907090E002804DB8A
:1086B00000F1E02080F80014704700F00F0000F196
:1086C000E02080F8141D704702E008C8121F08C19E
:1086D000002AFAD170477047002001E001C1121F43
:1086E000002AFBD1704700000EB5F9F7F9FDFFF73E
:1086F00059F9FDF7F5FC2648816C41F004018164CD
:10870000816C01F004010091816C41F001018164F0
:10871000806C002200F00100009011460B20F9F758
:1087200037FE0B20F9F726FE002211460C20F9F740
:108730002FFE0C20F9F71EFEFDF748FCFDF798FD13
:10874000FDF752FEFDF76CFDFDF786FEFDF718FE06
:1087500000241148009401940E490294C0E90014C9
:108760004FF6FF71C0E902418461FAF74EFD08B18E
:1087700072B6FEE70094694607480294FAF7F6FCE1
:1087800008B172B6FEE7F8F705FAF8F759FAFCE710
:108790000010024000100040E801002003460120C4
:1087A00000E05843491EC9B2FBD2704701000200E5
:1087B0000400060008000A000C0010002000400021
:1087C0008000000101010103070100000804020408
:1087D0000801010100000000000000000102030484
:1087E0000607080900000000010203040000000061
:1087F0000000000000000000000004040404040065
:108800000004000014140A00000000000000000032
:1088100000000A0A1F0A0A1F0A0A000000040E15B7
:1088200005060C14150E0400000012150D152E2C53
:108830002A1200000000040A0A3615152916000045
:1088400002020100000000000000000010080804FF
:1088500004040404080810000204040808080808B6
:108860000404020000000004150E0E1504000000B0
:1088700000000008083E080800000000000000009A
:10888000000000000202010000000000003F0000A4
:1088900000000000000000000000000000020000D6
:1088A00000201010080804040202010000000E114C
:1088B00011111111110E000000000406040404043B
:1088C000040E000000000E1111080402011F000038
:1088D00000000E11100C1010110E00000000080C0A
:1088E0000C0A091F081C000000001F01010F1110D5
:1088F000110E000000000C12010D1311110E0000EA
:1089000000001E10080804040404000000000E11FA
:10891000110E1111110E000000000E111119161088
:108920000906000000000000040000000004000030
:108930000000000000040000000404000000100813
:108940000402020408100000000000003F003F0085
:1089500000000000000002040810100804020000DB
:1089600000000E11110804040004000000001C2285
:10897000292D2D1D221C0000000004040C0A0A1ED3
:108980001233000000000F12120E1212120F00001C
:1089900000001E1101010101110E000000000F1264
:1089A00012121212120F000000001F120A0E0A0209
:1089B000121F000000001F120A0E0A020207000028
:1089C00000001C1201013911120C000000003312CA
:1089D000121E12121233000000001F0404040404CB
:1089E000041F000000003E080808080808080907DE
:1089F000000037120A060A121237000000000702B0
:108A000002020202223F000000003B1B1B1B151547
:108A10001535000000003B1216161A1A1217000036
:108A200000000E1111111111110E000000000F12A3
:108A3000120E02020207000000000E1111111117A0
:108A4000190E180000000F12120E0A121237000041
:108A500000001E1101060810110F000000001F1574
:108A600004040404040E0000000033121212121257
:108A7000120C000000003312120A0A0C0404000059
:108A80000000151515150E0A0A0A000000001B0A41
:108A90000A04040A0A1B000000001B0A0A0A040454
:108AA000040E000000001F0908040402121F000049
:108AB0001C0404040404040404041C000002020452
:108AC00004040808081010000E0808080808080820
:108AD00008080E00040A000000000000000000006A
:108AE00000000000000000000000003F0204000041
:108AF000000000000000000000000000000C121C3C
:108B0000123C000000030202020E1212120E0000BC
:108B100000000000001C1202120C000000181010CF
:108B2000101C1212123C000000000000000C121E6B
:108B3000021C000000182404041E0404041E00008B
:108B400000000000003C120C021C221C0003020268
:108B5000020E121212370000000404000006040482
:108B6000040E000000080800000C080808080807A8
:108B700000030202021A0A060A1300000007040496
:108B800004040404041F000000000000000F151579
:108B90001515000000000000000F1212123700002F
:108BA00000000000000C1212120C00000000000077
:108BB000000F1212120E020700000000001C121219
:108BC000121C103800000000001B06020207000003
:108BD00000000000001E020C101E00000000000437
:108BE000041E0404041C000000000000001B1212FC
:108BF000123C000000000000001B0A0A04040000F0
:108C0000000000000015150E0A0A00000000000018
:108C1000001B0A040A1B00000000000000331212AF
:108C20000C08040300000000001E0804041E0000DD
:108C300018080808080C0808080818000808080898
:108C400008080808080808080604040404080404BE
:108C500004040600160900000000000000000000E7
:108C60000000000000000000000000000000000004
:108C7000000000080808080808080000181800008C
:108C800000486C24120000000000000000000000FA
:108C90000000002424247F1212127F1212120000FE
:108CA0000000081C2A2A0A0C1828282A2A1C08084E
:108CB00000000022251515152A585454542200008E
:108CC0000000000C1212120A76252911916E000084
:108CD0000006060403000000000000000000000081
:108CE0000040201010080808080808101020400054
:108CF00000020408081010101010100808040200E8
:108D00000000000008086B1C1C6B08080000000035
:108D100000000000080808087F0808080800000094
:108D20000000000000000000000000000606040330
:108D30000000000000000000FE0000000000000035
:108D40000000000000000000000000000606000017
:108D50000000804040202010100808040402020097
:108D600000000018244242424242424224180000BD
:108D7000000000080E08080808080808083E00005F
:108D80000000003C4242422020100804427E0000C5
:108D90000000003C4242201820404042221C0000BB
:108DA000000000203028242422227E202078000089
:108DB0000000007E0202021A26404042221C0000EF
:108DC000000000382402021A264242422418000001
:108DD0000000007E22221010080808080808000081
:108DE0000000003C4242422418244242423C00001F
:108DF000000000182442424264584040241C0000F5
:108E00000000000000001818000000001818000002
:108E10000000000000000008000000000008080436
:108E20000000004020100804020408102040000048
:108E30000000000000007F0000007F000000000034
:108E40000000000204081020402010080402000066
:108E50000000003C4242464020101000181800005C
:108E60000000001C225A555555552D42221C000069
:108E70000000000808181414243C224242E70000B5
:108E80000000001F2222221E22424242221F000016
:108E90000000007C4242010101010142221C00004D
:108EA0000000001F2242424242424242221F000072
:108EB0000000003F4212121E12120242423F000006
:108EC0000000003F4212121E1212020202070000AE
:108ED0000000003C2222010101712122221C00001D
:108EE000000000E7424242427E42424242E7000026
:108EF0000000003E0808080808080808083E0000AE
:108F00000000007C10101010101010101010110F25
:108F10000000007722120A0E0A12122222770000A5
:108F2000000000070202020202020202427F000069
:108F300000000077363636362A2A2A2A2A6B0000A5
:108F4000000000E346464A4A52525262624700001D
:108F50000000001C2241414141414141221C0000CE
:108F60000000003F424242423E020202020700006D
:108F70000000001C2241414141414D53321C600020
:108F80000000003F4242423E1212222242C700002D
:108F90000000007C4242020418204042423E000091
:108FA0000000007F4908080808080808081C00009D
:108FB000000000E74242424242424242423C00003C
:108FC000000000E74242222424141418080800007C
:108FD0000000006B494949495555362222220000BC
:108FE000000000E7422424181818242442E7000057
:108FF000000000772222141408080808081C00004A
:109000000000007E2120101008040442423F0000AE
:109010000078080808080808080808080808780000
:10902000000002020404080808101020202040401C
:10903000001E1010101010101010101010101E0034
:1090400000384400000000000000000000000000A4
:10905000000000000000000000000000000000FF11
:1090600000060800000000000000000000000000F2
:10907000000000000000003C4278444242FC000036
:10908000000000030202021A26424242261A000091
:1090900000000000000000384402020244380000D2
:1090A00000000060404040784442424264D80000E2
:1090B000000000000000003C427E0202423C000032
:1090C000000000F08808087E08080808083E000034
:1090D000000000000000007C22221C023C42423CB6
:1090E000000000030202023A4642424242E7000008
:1090F0000000000C0C00000E08080808083E0000E4
:109100000000003030000038202020202020221EC7
:109110000000000302020272120A161222770000F7
:109120000000000E0808080808080808083E0000AB
:10913000000000000000007F9292929292B700001F
:10914000000000000000003B4642424242E70000AF
:10915000000000000000003C42424242423C00004D
:10916000000000000000001B26424242221E0207AF
:10917000000000000000007844424242447840E091
:1091800000000000000000774C040404041F0000ED
:10919000000000000000007C42023C40423E000013
:1091A000000000000008083E080808080830000019
:1091B00000000000000000634242424262DC000006
:1091C00000000000000000E742242414080800000A
:1091D00000000000000000EB494955552222000024
:1091E000000000000000007624181818246E00000B
:1091F00000000000000000E74224241418080807BB
:10920000000000000000007E22100808447E0000DC
:1092100000C0202020202010202020202020C0005E
:10922000101010101010101010101010101010103E
:1092300000060808080808100808080808080600BA
:109240000C32C2000000000000000000000000001E
:10925000000000000000000000000000000000000E
:1092600000000000000000000000000000000000FE
:1092700000000000000000000000000000000000EE
:10928000000000000000E000E000E000E000E0007E
:10929000E000E000E000E000E000E000E00060004E
:1092A00000000000F000F000F000000000000000EE
:1092B0000000000000000000B803B803B803B803C2
:1092C000B8010000000000000000000000000000E5
:1092D000000000000000000000000000000000008E
:1092E000000000000000000030073007300738079A
:1092F0003803FF0FFF0F180398039803FF0FFF0FAA
:109300009C019C019C018C01CC010000000000002C
:109310000000000000006000F001F803FC077C077B
:109320007C077C007C00F800E001E003E0076E07AA
:109330006E077E07FC07FC03F00160006000000080
:1093400000000000000000001C063E033603360348
:10935000B601B601F600FE007C07E00FB00DB00DBF
:10936000F00D980D980D8C0F0C0700000000000008
:109370000000000000000000F000F8019C019C03C8
:109380009C01DC01F80078007C007E0EEE0EEE07FA
:10939000CE078E079E0FFC0FF000000000000000BB
:1093A00000000000000000007000700070007000FD
:1093B000700000000000000000000000000000003D
:1093C000000000000000000000000000000000009D
:1093D000000000000000000E000780038001C001B3
:1093E000C001C000C000E000E000E000C000C0001C
:1093F000C000C001800180030007000E00000000D3
:109400000000000006000E001C00180038003000AC
:10941000700060006000600060006000600060003C
:1094200070003000380018001C000E00060000001C
:109430000000000000000000E000E000E60CEE0E7E
:10944000FE0FF803F001FC07FE0FE60CE000E00061
:10945000000000000000000000000000000000000C
:109460000000000000000000000000000000E0001C
:10947000E000E000E000E000FF0FE000E000E000BE
:10948000E000E0000000000000000000000000001C
:1094900000000000000000000000000000000000CC
:1094A00000000000000000000000000000000000BC
:1094B000000000001C001C001C0018000C00000034
:1094C000000000000000000000000000000000009C
:1094D0000000000000000000FF0F0000000000007E
:1094E000000000000000000000000000000000007C
:1094F000000000000000000000000000000000006C
:10950000000000000000000000000000000000005B
:10951000000000001C001C001C00000000000000F7
:10952000000000000000000C000C00060006000314
:1095300080038001C001C000600060003000300086
:1095400018001C000C000E000600000000000000C7
:109550000000000000000000F000F803BC071C073A
:109560000E070E0E0E0E0E0E0E0E0E0E0E0E0E0E22
:109570000E071C07BC07F803E00000000000000015
:109580000000000000000000C000E000F000F80053
:10959000FC00EC00E000E000E000E000E000E000A3
:1095A000E000E000E000E00000000000000000003B
:1095B0000000000000000000F001FC039C070E0703
:1095C0000E070007000780038003C001E000F000E1
:1095D00078003C001C00FE0FFF0F000000000000A0
:1095E0000000000000000000F001F8031C070E0757
:1095F0000E0700070007E003E00380070007000EE6
:109600000E0E0E079C07F803F0000000000000009B
:10961000000000000000000000038003C003C0033E
:10962000E003F003F003B8039C039C038E03FF0FD9
:10963000FF0F800380038003000000000000000093
:1096400000000000000000000000FC071C001C00DF
:109650001C000C00FE03DE070E070007000E000EC4
:1096600007070E078E07FC03F00000000000000053
:109670000000000000000000C003C001E000E000A6
:1096800070003800F801FC071C0F0E0E0E0E0E0EB7
:109690000E0E0E0E1C07F807F0010000000000007F
:1096A00000000000000000000000FE0F000E000798
:1096B000000780038003C001C001E000E000E0007B
:1096C0007000700070003800000000000000000012
:1096D0000000000000000000F000FC031C070E0763
:1096E0000E070E079C07FC03FC039E070E0E0E0ED2
:1096F0000E0E0E0E1E07FC03F0010000000000001D
:109700000000000000000000F000FC039E070E07B0
:109710000E0F070F0E070E079E07FC03F003C00194
:10972000E001E00070007000380000000000000060
:109730000000000000000000000000000000000029
:1097400000000000E000E000000000000000000059
:1097500000000000E000E000E00000000000000069
:1097600000000000000000000000000000000000F9
:1097700000000000E000E000000000000000000029
:1097800000000000E000E000E00060006000000079
:109790000000000000000000000C00078003C00172
:1097A000E000700038001C000E001C003800700043
:1097B000E000C00180030007000C00000000000072
:1097C0000000000000000000000000000000000099
:1097D0000000FF0F0000000000000000FF0FFF0F5F
:1097E0000000000000000000000000000000000079
:1097F000000000000000000006000E0018007000CD
:10980000E000C00180030007000E00078003C001D4
:10981000E000700018000E000600000000000000CC
:109820000000000000000000F000F803BC071C0767
:109830000E0700078007C003C001E000E0006000E1
:1098400000000000E000E000E00000000000000078
:109850000000000000000000E00138030C060C0CC2
:10986000E60FB60FBE0FBB0D9B0D9B0DDB0DDE078C
:10987000FE0706000C001803F001000000000000C5
:109880000000000000000000E000E000F000F00137
:10989000F001F801B803B803B8039C03FC07FC0708
:1098A0001E070E0F0E0E0E0E0F0E00000000000021
:1098B00000000000000000007E00FE038E070E077F
:1098C0000E0F0E0F0E07FE03FE030E070E0E0E0EFA
:1098D0000E0E0E0F8E07FE07FE00000000000000B7
:1098E0000000000000000000E001F8033C071C0E2F
:1098F0001E0E0E0E0E000E000E000E000E0E0E0EB0
:109900001E0E1C0F3C07F803E001000000000000E1
:1099100000000000000000001E00FE01CE038E07C4
:109920000E070E0F0E0E0E0E0E0E0E0E0E0E0E0F5C
:109930000E078E07CE03FE013E000000000000006F
:109940000000000000000000FE07FE070E000E00F1
:109950000E000E000E00FE07FE070E000E000E00A9
:109960000E000E000E00FE0FFE0F000000000000B3
:109970000000000000000000FE0FFE0F0E000E00B1
:109980000E000E000E000E00FE030E000E000E0074
:109990000E000E000E000E000E0000000000000081
:1099A0000000000000000000E000F803BC071C07F6
:1099B0001E0F0E0E0E000E00CE0FCE0F0E0E0E0E50
:1099C0001E0E1C0F3C0FF80FE00E00000000000000
:1099D00000000000000000000E0E0E0E0E0E0E0E17
:1099E0000E0E0E0E0E0EFE0FFE0F0E0E0E0E0E0EB5
:1099F0000E0E0E0E0E0E0E0E0E0E000000000000DB
:109A00000000000000000000E000E000E000E000D6
:109A1000E000E000E000E000E000E000E000E00046
:109A2000E000E000E000E000E000000000000000D6
:109A30000000000000000000000F000F000F000FEA
:109A4000000F000F000F000F000F000F0E0F0E078A
:109A50000E071E07BC07F803F0000000000000001E
:109A600000000000000000000E0E0E078E03CE0363
:109A7000EE01EE007E007E00FE00FE01CE01CE0370
:109A80008E038E070E070E0F0E0E00000000000062
:109A900000000000000000000E000E000E000E008E
:109AA0000E000E000E000E000E000E000E000E0046
:109AB0000E000E000E00FE0FFE0F00000000000062
:109AC00000000000000000001E0F1E0F1E0F9E0F62
:109AD000BE0FBE0FBE0FBE0FBE0FFE0FFE0FFE0F5E
:109AE000FE0EEE0EEE0EEE0EEE0E0000000000007A
:109AF00000000000000000000E0E1E0E1E0E3E0EA6
:109B00003E0E3E0E7E0E7E0EEE0EEE0ECE0FCE0FF3
:109B10008E0F8E0F8E0F0E0F0E0F00000000000034
:109B20000000000000000000F000F803BC071E0762
:109B30000E0F0E0E0E0E0E0E0E0E0E0E0E0E0E0E44
:109B40000E0F1E07BC07F803F00000000000000025
:109B500000000000000000007E00FE038E070E0ED5
:109B60000E0E0E0E0E0E0E0FFE07FE030E000E0062
:109B70000E000E000E000E000E000000000000009F
:109B80000000000000000000F000F803BC071E0702
:109B90000E0F0E0E0E0E0E0E0E0E0E0E0E0ECE0F23
:109BA000CE0F9E07BC07F807F0070000000000007A
:109BB00000000000000000007E00FE038E070E0F74
:109BC0000E0E0E0E0E0F8E07FE03FE01CE018E034B
:109BD0008E030E070E070E0F0E0E00000000000091
:109BE0000000000000000000F000F8039C071E07C2
:109BF0000E071E003C00F800F003C007000F0E0E19
:109C00000E0E0E0F1E07FC03F00100000000000006
:109C10000000000000000000FE0FFE0FE000E0006A
:109C2000E000E000E000E000E000E000E000E00034
:109C3000E000E000E000E000E000000000000000C4
:109C400000000000000000000E0E0E0E0E0E0E0EA4
:109C50000E0E0E0E0E0E0E0E0E0E0E0E0E0E0E0E24
:109C60000E0E0E0F9C07FC07F00100000000000024
:109C70000000000000000000070E0F0E0E0E0E0F79
:109C80001E071C071C079C03BC03B803B803F8019C
:109C9000F001F001F000E000E00000000000000032
:109CA0000000000000000000E70EE70EE70EF70ED0
:109CB000FE0EFE0FFE0FFE0FFE0FBE07BE07BE0715
:109CC000BC079C079C079C071C03000000000000C9
:109CD00000000000000000000E0E1E071C079C0381
:109CE000B803F801F001F000E000F001F001B80362
:109CF000BC031C071E070E0F0F0E00000000000023
:109D000000000000000000000F0E0E0E0E071C07E2
:109D10009C03B803F801F001F000E000E000E0006F
:109D2000E000E000E000E000E000000000000000D3
:109D30000000000000000000FE0FFE0F00070007FB
:109D40008003C003C001E000E0007000780038002C
:109D50001C001C000E00FE0FFE0F000000000000A3
:109D600000000000E00FE00F600060006000600095
:109D700060006000600060006000600060006000E3
:109D800060006000600060006000E00FE00F000015
:109D900000000000000000000E000C001C00180075
:109DA00038003800300070006000E000E000C000C3
:109DB000C0018001800300030003000700060000CB
:109DC00000000000FE00FE00E000E000E000E00017
:109DD000E000E000E000E000E000E000E000E00083
:109DE000E000E000E000E000E000FE00FE00000017
:109DF00000000000F001F8039C030E0600000000C4
:109E00000000000000000000000000000000000052
:109E10000000000000000000000000000000000042
:109E20000000000000000000000000000000000032
:109E30000000000000000000000000000000000022
:109E40000000000000000000000000000000FF0F04
:109E5000000000007000E000C001C0010000000030
:109E600000000000000000000000000000000000F2
:109E700000000000000000000000000000000000E2
:109E800000000000000000000000000000000000D2
:109E900000000000F803FC071C070007F007FC07A0
:109EA0001E070E078E07FC07780E0000000000005A
:109EB00000000000000000000E000E000E000E006A
:109EC0000E000E00FE03FE071E070E070E0F0E0EFD
:109ED0000E0F0E079E07FE03EE01000000000000BB
:109EE0000000000000000000000000000000000072
:109EF00000000000F803FC071E070E070E000E000E
:109F00000E0E0E0F1C07F803F00100000000000009
:109F10000000000000000000000700070007000725
:109F200000070007F807FC071E070E070E070E07BD
:109F30000E070E079C07FC07F0070000000000005A
:109F40000000000000000000000000000000000011
:109F500000000000F803BC071C070E07FE0F0E00F0
:109F60000E000E0F1C07F803F001000000000000B7
:109F700000000000000000008007E00F700C70007F
:109F800070007000FE07FE07700070007000700027
:109F90007000700070007000700000000000000091
:109FA00000000000000000000000000000000000B1
:109FB00000000000F80FFC039C039C039C03FC03BF
:109FC000FC010E00FC00F8070E0E0E0E1E07FC032F
:109FD00000000000000000000E000E000E000E0049
:109FE0000E000E00EE03FE071E071E0E0E0E0E0ED6
:109FF0000E0E0E0E0E0E0E0E0E0E000000000000D5
:10A0000000000000000000000000E000E000000090
:10A0100000000000E000E000E000E000E000E00000
:10A02000E000E000E000E000E000000000000000D0
:10A03000000000000000000000008003800300001A
:10A0400000000000800380038003800380038003FE
:10A05000800380038003800380038003FC01FC00F5
:10A0600000000000000000000E000E000E000E00B8
:10A070000E000E008E07CE03EE01FE00FE00FE0174
:10A08000DE018E030E070E070E0E0000000000001A
:10A090000000000000000000E000E000E000E00040
:10A0A000E000E000E000E000E000E000E000E000B0
:10A0B000E000E000E000E000E00000000000000040
:10A0C0000000000000000000000000000000000090
:10A0D000000000007F0FFF0FEF0CE70CE70CE70C10
:10A0E000E70CE70CE70CE70CE70C000000000000B1
:10A0F0000000000000000000000000000000000060
:10A1000000000000EE03FE071E071E0E0E0E0E0ED0
:10A110000E0E0E0E0E0E0E0E0E0E000000000000B3
:10A12000000000000000000000000000000000002F
:10A1300000000000F801FC071E070E0E0E0E0E0EAA
:10A140000E0E0E0F9C07F803F00000000000000048
:10A1500000000000000000000000000000000000FF
:10A1600000000000FE01FE071E070E070E0F0E0E78
:10A170000E0F0E079E07FE03EE010E000E000E00EE
:10A1800000000000000000000000000000000000CF
:10A1900000000000F807FC071E070E070E070E0759
:10A1A0000E070E079C07FC07F007000700070007D3
:10A1B000000000000000000000000000000000009F
:10A1C000000000009C03FC037C003C003C001C00E1
:10A1D0001C001C001C001C001C00000000000000F3
:10A1E000000000000000000000000000000000006F
:10A1F00000000000F803BC071C071C00FC00F00373
:10A2000000070C071C07FC07F0010000000000001D
:10A21000000000000000000000000000700070005E
:10A2200070007000FE07FE07700070007000700084
:10A23000700070007000E007C00700000000000020
:10A24000000000000000000000000000000000000E
:10A25000000000000E0E0E0E0E0E0E0E0E0E0E0E56
:10A260000E0F0E0F9E0FFC0F780E00000000000076
:10A2700000000000000000000000000000000000DE
:10A28000000000000E0E0E071C071C079C03B803FD
:10A29000B801F001F001F000E00000000000000053
:10A2A00000000000000000000000000000000000AE
:10A2B00000000000E70EE70EF60EFE0EFE0FFE0792
:10A2C000BC07BC07BC079C039C0300000000000007
:10A2D000000000000000000000000000000000007E
:10A2E000000000001E079C03B803F001F000F0001E
:10A2F000F001F8039C031C070E0E00000000000094
:10A30000000000000000000000000000000000004D
:10A31000000000000E0E0E071C071C079C03B8036C
:10A32000B801F001F001F000E000E0007C003C002A
:10A33000000000000000000000000000000000001D
:10A3400000000000FC07FC078003C001E000F000F3
:10A35000780038001C00FE07FE0700000000000027
:10A3600000000000800780038001800180018001DF
:10A37000800180018001C001E001C00180018001F5
:10A38000800180018001800180018003800700003E
:10A39000E000E000E000E000E000E000E000E000BD
:10A3A000E000E000E000E000E000E000E000E000AD
:10A3B000E000E000E000E000E000E000E000E0009D
:10A3C000000000001E003800380038003800380057
:10A3D000380038003800380070007000380038004D
:10A3E0003800380038003800380038001E000000FF
:10A3F0000000780CFC0ECE07800300000000000077
:10A40000000000000000000000000000000000004C
:10A41000000000000000000000000000000000003C
:10A42000000000000000000000000000000000002C
:10A43000000000000000000000000000000000001C
:10A44000000000000000000000000000000000000C
:10A4500000000000000000000000000000000000FC
:10A4600000000000000000000000C001C001C001A9
:10A47000C001C001C001C0018000800080008000D8
:10A4800080008000800000000000000000008001CB
:10A49000C003C003800100000000000000000000B5
:10A4A000000000000000E01CE01CF01E700E3807E9
:10A4B00018030801840000000000000000000000F4
:10A4C000000000000000000000000000000000008C
:10A4D000000000000000000000000000000000007C
:10A4E000000000000000000000000000201020100C
:10A4F000201020102010FE7FFE7F1008100810088A
:10A500001008100810081008FE7FFE7F08040804D9
:10A510000804080408040000000000000000000017
:10A52000000000000000000000010001C0076019E9
:10A53000103118311839183938017001E001C003A1
:10A540008007000F001D003900311C311C310C3117
:10A550000C11180DE00700010001000100000000CF
:10A560000000000000000000000000001C10361871
:10A570006308630C63046304630263026301361DB2
:10A580009C37802280634063406320632063306394
:10A5900010221836081C0000000000000000000017
:10A5A000000000000000000000000000F000980122
:10A5B0008C018C018C018C018C00CC007800183E41
:10A5C0001C083608320863046304C304C3038343CE
:10A5D00006438E26781C00000000000000000000EA
:10A5E0000000000000001C003C003C003000300077
:10A5F00010000C0006000000000000000000000039
:10A60000000000000000000000000000000000004A
:10A61000000000000000000000000000000000003A
:10A620000000000000000040002000100008000CA6
:10A630000004000600030003000380018001800184
:10A64000800180018001800180010003000300037C
:10A6500000060006000C000800100020004000006A
:10A66000000000000000020004000800100030009C
:10A6700020006000C000C000C00080018001800197
:10A6800080018001800180018001C000C000C00005
:10A6900060006000300010000800040002000000AC
:10A6A00000000000000000000000000000000000AA
:10A6B00000018003800300011C713C79783DC007D4
:10A6C0000001C007783D3C791C71000180038003C4
:10A6D00080010000000000000000000000000000F9
:10A6E000000000000000000000000000000000006A
:10A6F0000000000100010001000100010001000153
:10A70000FC7F0001000100010001000100010001C7
:10A710000000000000000000000000000000000039
:10A720000000000000000000000000000000000029
:10A730000000000000000000000000000000000019
:10A740000000000000000000000000000000000009
:10A750001C003C003C003000300010000C000600E3
:10A7600000000000000000000000000000000000E9
:10A7700000000000000000000000000000000000D9
:10A78000FE7F00000000000000000000000000004C
:10A7900000000000000000000000000000000000B9
:10A7A00000000000000000000000000000000000A9
:10A7B0000000000000000000000000000000000099
:10A7C0000000000000000000000000000000180071
:10A7D0003C003C00180000000000000000000000E9
:10A7E0000000000000000040006000200030001069
:10A7F00000180008000C000400060002000300011D
:10A8000080018000C0004000600020003000100087
:10A81000180008000C000400060002000000000000
:10A82000000000000000000000000000C007600CF5
:10A8300030181830183018200C600C600C600C6058
:10A840000C600C600C600C600C6018201830183024
:10A850003018600CC007000000000000000000007D
:10A860000000000000000000000000000001800166
:10A87000F801800180018001800180018001800158
:10A8800080018001800180018001800180018001C0
:10A890008001C003F81F000000000000000000005D
:10A8A000000000000000000000000000E007101C95
:10A8B0000818043004300C300C3000300018000848
:10A8C0000004000200018000400020201020082029
:10A8D0000430FC1FFC1F000000000000000000000E
:10A8E000000000000000000000000000E003180E5F
:10A8F0000C0C0C180C180C180018000C0006C003E7
:10A90000000E00180010003000300C300C300C101D
:10A910000C18180CE003000000000000000000000C
:10A92000000000000000000000000000000C000E0D
:10A93000000E000F800E800E400E600E200E100ED6
:10A94000100E080E040E040EFE7F000E000E000E08
:10A95000000E000E000EC07F00000000000000008E
:10A96000000000000000000000000000F03FF03F89
:10A9700010001000100008000800C807280C181864
:10A98000081000300030003000300C300C3004185B
:10A990000418080CF0030000000000000000000094
:10A9A000000000000000000000000000800FC01048
:10A9B000203010301800180008000C008C0F6C18A4
:10A9C0003C301C600C600C600C600C60186018203F
:10A9D00030306018C00700000000000000000000D8
:10A9E000000000000000000000000000F83FF83FF9
:10A9F0001C100C08040804040004000200020001FA
:10AA000000010001800080008000C000C000C00084
:10AA1000C000C000C00000000000000000000000F6
:10AA2000000000000000000000000000E007300C03
:10AA300018180C300C300C301C3038187008E00737
:10AA4000B007180E0C1C06380630063006300630EB
:10AA50000C18180CE00300000000000000000000CB
:10AA6000000000000000000000000000E0031804E7
:10AA70000C080C1806100630063006300630063872
:10AA80000C3C1836F03100300018001800180C0C7F
:10AA90000C060C03F00100000000000000000000A4
:10AAA00000000000000000000000000000000000A6
:10AAB000000000000000000000008001C003C0038F
:10AAC0008001000000000000000000000000800184
:10AAD000C003C0038001000000000000000000006F
:10AAE0000000000000000000000000000000000066
:10AAF00000000000000000000000C000C0000000D6
:10AB00000000000000000000000000000000000045
:10AB10000000C000C0008000800040004000000035
:10AB200000000000000000000000002000100008ED
:10AB30000004000600038001C0006000300018001F
:10AB40000C00180030006000C00080010003000607
:10AB500000040008001000200000000000000000B9
:10AB600000000000000000000000000000000000E5
:10AB700000000000000000000000FE7F0000000058
:10AB8000000000000000FE7F000000000000000048
:10AB900000000000000000000000000000000000B5
:10ABA0000000000000000000000004000800100089
:10ABB00020006000C000800100030006000C0018A7
:10ABC00000300018000C000600038001C000600087
:10ABD0002000100008000400000000000000000039
:10ABE00000000000000000000000C007301808301E
:10ABF00008600C601C601C601C600030001C0006BB
:10AC000000018000800080008000000000008001C2
:10AC1000C003C0038001000000000000000000002D
:10AC2000000000000000000000000000C0076018E5
:10AC3000103018200C2F8C4D864CC64CC64C664CE0
:10AC400066446644662666266615CC1C0C400820C1
:10AC500018303018C007000000000000000000009D
:10AC6000000000000000000000000001C001C00161
:10AC7000C0014001600320032003200330061006BA
:10AC800010061006F80F080C080C080C0C0C041821
:10AC9000041806181F7C00000000000000000000DF
:10ACA000000000000000000000000000FE07181C6B
:10ACB000183818301830183018301818180CF807D1
:10ACC000181818301820186018601860186018607C
:10ACD00018301818FE0F00000000000000000000EF
:10ACE000000000000000000000000000C0276038E5
:10ACF000103018200C400C4004000600060006002E
:10AD0000060006000600060006000C400C400C2061
:10AD100018303018C00700000000000000000000DC
:10AD2000000000000000000000000000FE03180EFC
:10AD3000181818301830183018601860186018602B
:10AD400018601860186018601860183018301810F3
:10AD50001818180EFE03000000000000000000009C
:10AD6000000000000000000000000000FE3F18305E
:10AD7000182018601840180018081808180CF80F48
:10AD8000180C180818081800180018001840184067
:10AD900018201830FE3F00000000000000000000F6
:10ADA000000000000000000000000000FE7F18709E
:10ADB000184018C018801800181018101818F81F1C
:10ADC000181818101810180018001800180018008B
:10ADD000180018007E0000000000000000000000C5
:10ADE000000000000000000000000000C013701C04
:10ADF000101018100C200C2004000600060006009D
:10AE00000600060006FC063006300C300C30183008
:10AE100018303008C00700000000000000000000EB
:10AE20000000000000000000000000003F7E0C1841
:10AE30000C180C180C180C180C180C180C180C18F2
:10AE4000FC1F0C180C180C180C180C180C180C18EB
:10AE50000C180C183F7E00000000000000000000ED
:10AE6000000000000000000000000000F81F80014A
:10AE700080018001800180018001800180018001CA
:10AE800080018001800180018001800180018001BA
:10AE900080018001F81F0000000000000000000099
:10AEA000000000000000000000000000E07F00063D
:10AEB0000006000600060006000600060006000662
:10AEC0000006000600060006000600060006000652
:10AED00000060006000600060E060E038E01FC00AA
:10AEE0000000000000000000000000007E7C181838
:10AEF0001808180418061802180198019801D801BA
:10AF0000B803380318071806180E180C181C181860
:10AF1000183018307EFC0000000000000000000027
:10AF20000000000000000000000000007E0018008B
:10AF30001800180018001800180018001800180051
:10AF400018001800180018001800180018401840C1
:10AF500018201830FE3F0000000000000000000034
:10AF60000000000000000000000000001FF81C3876
:10AF70001C381C381C3C3434343434343436743289
:10AF80006432643264326431C431C431C431C43097
:10AF9000C43084309FFC000000000000000000006E
:10AFA0000000000000000000000000001F7C1C10DA
:10AFB0003C103410341074106410E410C410C41128
:10AFC00084118413041304170416041E041C041CA7
:10AFD000041C04181F1800000000000000000000FE
:10AFE000000000000000000000000000C003300C62
:10AFF000181808100C300C300660066006600660F9
:10B00000066006600660066006600C200C300810C2
:10B010001818300CC0030000000000000000000001
:10B02000000000000000000000000000FE0F1818E3
:10B0300018301860186018601860186018301818F8
:10B04000F80F180018001800180018001800180051
:10B05000180018007E000000000000000000000042
:10B06000000000000000000000000000C003300CE1
:10B0700018180C100C300C20066006600660066084
:10B0800006600660066006600660E4612C331C32D0
:10B090001816300EC007004C007C0038000000007D
:10B0A000000000000000000000000000FE07181C67
:10B0B000183818301830183018301818180CF807CD
:10B0C00098031803180718061806180E180C180C01
:10B0D000181C18187E780000000000000000000016
:10B0E000000000000000000000000000E0273038F1
:10B0F00018300C200C200C000C0018007800E00325
:10B10000800F001E0038007000600460046008605A
:10B1100018303818C80F00000000000000000000C0
:10B12000000000000000000000000000FC3F8C2137
:10B13000846182418241800180018001800180011F
:10B1400080018001800180018001800180018001F7
:10B1500080018001E0070000000000000000000006
:10B160000000000000000000000000003F7C0C1008
:10B170000C100C100C100C100C100C100C100C10EF
:10B180000C100C100C100C100C100C100C100C10DF
:10B1900008083804E0030000000000000000000080
:10B1A0000000000000000000000000003EF8182031
:10B1B000182018203010301030103010600860084F
:10B1C0006008E00CC004C004C00480038003800356
:10B1D00080030001000100000000000000000000EA
:10B1E000000000000000000000000000DFF38661A6
:10B1F000862186218C210C218C238C138C138C139B
:10B200004C1358125816580E380E380E380E300C93
:10B2100010041004100400000000000000000000F2
:10B220000000000000000000000000007E3E180842
:10B2300038083004300470026002E001C001C0012F
:10B24000800180034003400720062006100C100CEC
:10B25000081808183E7C00000000000000000000F4
:10B260000000000000000000000000007E7C1C10B8
:10B27000181018083008300C700460046002C00216
:10B28000C002C00180018001800180018001800135
:10B2900080018001E00700000000000000000000C5
:10B2A000000000000000000000000000F83F181837
:10B2B0000818040C040E0006000700038003800138
:10B2C000C001C000E000600070003000382018208D
:10B2D0001C100C18FE1F0000000000000000000001
:10B2E000000000000000C03F40004000400040005F
:10B2F000400040004000400040004000400040004E
:10B30000400040004000400040004000400040003D
:10B3100040004000400040004000C03F00000000EE
:10B3200000000000000000000000080018001800E5
:10B33000100030002000600060004000C00080006D
:10B3400080018001000100030002000600060004E5
:10B35000000C000800180018001000300020000049
:10B36000000000000000FC030002000200020002D6
:10B3700000020002000200020002000200020002BD
:10B3800000020002000200020002000200020002AD
:10B3900000020002000200020002FC0300000000A4
:10B3A0000000000000008007C00620081010000008
:10B3B000000000000000000000000000000000008D
:10B3C000000000000000000000000000000000007D
:10B3D000000000000000000000000000000000006D
:10B3E000000000000000000000000000000000005D
:10B3F000000000000000000000000000000000004D
:10B40000000000000000000000000000000000003C
:10B410000000000000000000000000000000FFFF2E
:10B420000000000000007800C000000100000000E3
:10B43000000000000000000000000000000000000C
:10B4400000000000000000000000000000000000FC
:10B4500000000000000000000000000000000000EC
:10B4600000000000000000000000000000000000DC
:10B4700000000000000000000000F00318060C0CA3
:10B480000C0C000C800F700C1C0C0C0C060C060C29
:10B49000064C0C4FF83800000000000000000000CF
:10B4A0000000000000000000000010001E00180056
:10B4B00018001800180018001800180FD818383095
:10B4C00038601860186018601860186018601820DC
:10B4D00038307818C80700000000000000000000A5
:10B4E000000000000000000000000000000000005C
:10B4F00000000000000000000000C007700C1818D9
:10B5000018180C180C000C000C000C000C20182053
:10B5100018103008C0070000000000000000000004
:10B52000000000000000000000000010001E0018D5
:10B5300000180018001800180018E01B301C18181C
:10B5400018180C180C180C180C180C180C180818D3
:10B55000181C307AE0090000000000000000000024
:10B5600000000000000000000000000000000000DB
:10B5700000000000000000000000C007300C181898
:10B5800008100C300C30FC3F0C000C000C00182094
:10B5900018107018C0070000000000000000000034
:10B5A000000000000000000000000000003E80C31A
:10B5B00080C0C0C0C000C000C000FC1FC000C000F0
:10B5C000C000C000C000C000C000C000C000C0007B
:10B5D000C000C000F80F00000000000000000000E4
:10B5E000000000000000000000000000000000005B
:10B5F00000000000000000000000C077306C101850
:10B600001818181818181018300CF007180018001F
:10B61000F00FF03F08700C600C600C603838E00FE1
:10B620000000000000000000000010001E001800D4
:10B6300018001800180018001800980FD818383093
:10B6400018301830183018301830183018301830BA
:10B65000183018307EFC00000000000000000000E0
:10B6600000000000000000000000000080038003D4
:10B6700080030000000000000001F801800180014B
:10B6800080018001800180018001800180018001B2
:10B6900080018001F81F0000000000000000000091
:10B6A000000000000000000000000000003800382A
:10B6B00000380000000000000010801F0018001873
:10B6C00000180018001800180018001800180018BA
:10B6D00000180018001800180018180C1806F003BD
:10B6E0000000000000000000000010001E00180014
:10B6F00018001800180018001800183E180C18063A
:10B70000180318019801D801380318071806180CF7
:10B71000181C18187E7C00000000000000000000CB
:10B72000000000000000000000000001F80180019E
:10B730008001800180018001800180018001800101
:10B7400080018001800180018001800180018001F1
:10B7500080018001F81F00000000000000000000D0
:10B7600000000000000000000000000000000000D9
:10B7700000000000000000000800EE1C9C338C312B
:10B780008C318C318C318C318C318C318C318C31D1
:10B790008C318C31DE7B00000000000000000000D6
:10B7A0000000000000000000000000000000000099
:10B7B000000000000000000010001E0FD8183830F4
:10B7C0001830183018301830183018301830183039
:10B7D000183018307EFC000000000000000000005F
:10B7E0000000000000000000000000000000000059
:10B7F00000000000000000000000C007701C1030B6
:10B8000018300C600C600C600C600C600C60183020
:10B8100018303018C00700000000000000000000D1
:10B820000000000000000000000000000000000018
:10B83000000000000000000010009E0F5818383073
:10B8400018201860186018601860186018601830A8
:10B8500038307818980718001800180018007E0073
:10B8600000000000000000000000000000000000D8
:10B8700000000000000000000000C023303C183829
:10B8800018300C300C300C300C300C300C300830D0
:10B890001838303CE033003000300030003000FC1D
:10B8A0000000000000000000000000000000000098
:10B8B000000000000000000060007E3C60666061E7
:10B8C000E000E00060006000600060006000600078
:10B8D00060006000FE0700000000000000000000A3
:10B8E0000000000000000000000000000000000058
:10B8F00000000000000000000000E0273038183091
:10B90000182018007000E003800F001C0430043081
:10B910000C301C18EC0F00000000000000000000BC
:10B920000000000000000000000000000000000017
:10B93000800080008000C000E000FC1FC000C0004C
:10B94000C000C000C000C000C000C000C000C020D7
:10B95000C0208011000F0000000000000000000067
:10B9600000000000000000000000000000000000D7
:10B97000000000000000000010201E3C18301830AD
:10B980001830183018301830183018301830183077
:10B99000183830F4E0130000000000000000000040
:10B9A0000000000000000000000000000000000097
:10B9B000000000000000000000007E3C181818087D
:10B9C000380830043004700260026002E001C001F7
:10B9D000C001C00080000000000000000000000066
:10B9E0000000000000000000000000000000000057
:10B9F00000000000000000000000DFF78E630C2351
:10BA00008C238C239813981358165816700E700EAA
:10BA1000700E200420040000000000000000000060
:10BA20000000000000000000000000000000000016
:10BA300000000000000000000000FC3E70087004E0
:10BA4000E004C002C0018003800340076006200CB0
:10BA5000100C18183E7E00000000000000000000DE
:10BA600000000000000000000000000000000000D6
:10BA7000000000000000000000007E7C181818087C
:10BA800030083008300460046004C002C002C00204
:10BA90008001800180018000800080004C003C001B
:10BAA0000000000000000000000000000000000096
:10BAB00000000000000000000000FC1F0C0C040E41
:10BAC0000406000380038001C000E00070203020E5
:10BAD00038301C18FC1F00000000000000000000AF
:10BAE0000000000000000030000800040004000412
:10BAF0000004000400040004000400040004000228
:10BB0000800100020004000400040004000400049A
:10BB100000040004000400040004000800300000D9
:10BB2000000100010001000100010001000100010D
:10BB300000010001000100010001000100010001FD
:10BB400000010001000100010001000100010001ED
:10BB500000010001000100010001000100010001DD
:10BB60000000000000000C00100020002000200059
:10BB700020002000200020002000200020004000A5
:10BB80008001400020002000200020002000200034
:10BB90002000200020002000200010000C000000E9
:10BBA00000003800C400864002610022001C000032
:10BBB0000000000000000000000000000000000085
:10BBC0000000000000000000000000000000000075
:10BBD0000000000000000000000000000000000065
:10BBE000B5E710001000FF0111011101FF01110163
:10BBF0001101FF0111041004E007D1B90000FE0794
:10BC00000200420042004200FA03420042014202A6
:10BC10004200FD07C1F740008100FA072000100232
:10BC2000F907020450015001520549054406D6E1C6
:10BC3000840084008F00F20795049F04F4079C049D
:10BC400097049404F4071404C4BF0000FE03020226
:10BC50000202FE0302020202FE0302020202FE03CD
:10BC60000202B1EA0400E40304000F00F4078600B6
:10BC70008E00A502A40494048400C400B7B4C003D9
:10BC80003E0002000200FE030A020A021201A200A4
:10BC90004200B2010D06C0A18200F2079604F5072A
:10BCA0008000FA070200F20792049204460332046D
:10BCB000CEC2F0011101F2011001F0010100FA03FE
:10BCC000A802AC02AA02A902FC07B6C84000FE07FF
:10BCD0001201FE071201F2010200FA031202220110
:10BCE000C2003907CBD94100FA074000F8034B02E4
:10BCF0004A02FA03E20052014A024200FD07CEBBAB
:10BD0000440084000200FA07030012021202220219
:10BD1000220122018200FA07D6C3FE035202FE036B
:10BD20002000FF072000FC0104010401240124017C
:10BD3000FF07D4CB0200E40300000000F7078400F3
:10BD400044002402F40704040A00F107D0D00800DC
:10BD5000E40302000900F4070601050104010401DF
:10BD600004010401C401C4A34401F4074401EF0326
:10BD70002402E6032E02E5038400F407440134069E
:10BD8000CABD800280048000FF0780008000BE00E2
:10BD900088000801080578060704D3D010001000B9
:10BDA000FF070800FC030602FD030402FC03040273
:10BDB00004020403B8D08002FE078200BA028202A5
:10BDC0003A012A05BA0641042A024A05F105CEDEE7
:10BDD0000000FE03200020002000FF07500050005C
:10BDE0004800440442048107B1D50200E40700047E
:10BDF00042044204FA054204620452044A04620402
:10BE00000207BBB70000EF07040184008400CF02E3
:10BE1000A404940484008C0083008000B5E7000033
:10BE20000000C0004000400EFC0D480CE80558041E
:10BE3000C803700040204020803F00000000D1B9BE
:10BE4000000000000008F007100010021002100EA1
:10BE50009003080A08110401F47F020000000000AA
:10BE6000C1F70000000000020800101F8001060D4D
:10BE7000840EC801080548054C0544452479000096
:10BE80000000CBD90000000000021802D007001EFD
:10BE9000C00B4C0E8803080F881268023E02C07F58
:10BEA00000180000B6C8000000010001000EF003F9
:10BEB000D004900BF002900110078802880204035E
:10BEC000820C70780000CEBB000000002000200330
:10BED00010001000080F08001408920488040802DB
:10BEE000087FC80000000000D6C300000000801FCB
:10BEF0007009500FA000800F6000E007E005A0056A
:10BF00006002A002E07F1C000000D4CB0000000013
:10BF10000000980710000018E0071E0108018818AB
:10BF2000C8170800F600003F00000000D0D0000055
:10BF300000002000101C080224001078D00718040C
:10BF40001404120410041004100600040000C4A31A
:10BF5000000000081009103D900738188E17980847
:10BF60002C0F0C22CA1F09060809881000200000A7
:10BF7000CABD00000000800C800000010007F00135
:10BF80000001C00238022004C00C380800700060B4
:10BF90000000D3D00000800180008038FC07400002
:10BFA0004006E0055004C8054404C00420042004F1
:10BFB00000040000CEDE000000000000E00380006E
:10BFC0008000C00F78004001A000A0009040084110
:10BFD000047F00000000B8D0000000010009000745
:10BFE000F001900A700AC805B804E80A8431021109
:10BFF0002824C808000F0000BFAA000000000000AD
:10C00000C00F600240024032FE0F200220022002D8
:10C0100010021002080200000000B1D5000000006C
:10C0200010182017081008110413E411841144118A
:10C03000241114118411041800100000BBB7000073
:10C04000000000003038DC07100430041C0210032C
:10C050003013982246022002000200020000C7BFEF
:10C06000000000000000783F2011200F1C04043461
:10C07000842FBC14100F1014103CD423180000009F
:10C08000CDCF0000000010021002101910079C0014
:10C090005012901E9813D40AB2409040187F0000AE
:10C0A0000000B8DF000080008000F81F0002E003FD
:10C0B0002001E000E43F1C10E4132411C41004101C
:10C0C000001C0000C6B5000000002000203FE00476
:10C0D000281AF8252429A42564252025201C10329F
:10C0E0000C2180000000D7A2000000000003100611
:10C0F00000000018840704020002900F08020802E2
:10C100000C3EE80100000000C8EB00000000000049
:10C110006000800080004001400120022004100CDB
:10C1200008180470000000000000D7AA00001000EA
:10C13000200410047004080F2802647EBC03501A07
:10C140003C1D100810060004000C0000D7D30000AE
:10C1500000000007F004000280010039F0070C0124
:10C1600000010001000100012001C0000000C1E346
:10C1700000000002E0018018F837B4068400F002E5
:10C1800040016002900CC8733601C00080000000BE
:10C19000CEBB000000002000200310001000080F9C
:10C1A00008001408920488040802087FC8000000F0
:10C1B0000000D0A300000000100610001018900727
:10C1C0007C081011F8049404140712061009D030EA
:10C1D00010000000D7BC000000010001000D8C0021
:10C1E000480CC007B01C90079014880F8404843F4B
:10C1F000800080000000B9FD000000000004100471
:10C200000034C00F00049C04080508040805080653
:10C21000F400007F00180000C7B7000000004000D5
:10C2200040002000200FD004480040004000C00023
:10C2300020011002080C04780000B6C200000001C2
:10C2400008031811101608093075CC0F0802A81F32
:10C250009808C60EA009800E00090000D7AA0000A9
:10C260001000200410047004080F2802647EBC0330
:10C27000501A3C1D100810060004000C0000B1A369
:10C2800000000000300ED00D9004880E8C030C3E90
:10C29000EA030807880A481A28620802000000001A
:10C2A000BBA4000000002000200820002078F02718
:10C2B000A022601E30012C012001A000B00040002F
:10C2C0000000BBAC00000008401F9809800A803EB7
:10C2D000E4612014A00B880B8408840B8408840874
:10C2E000000C0000C4A40000000800093C3FE40466
:10C2F0002418BC172417B80C2403243EE4033A0581
:10C30000801800700000C7D000000000100010006E
:10C310001000103870271E221022302218118810A9
:10C32000481C000800000000BBBB000000003006F5
:10C33000101A100D10043C3E9015B014907C5E074E
:10C34000100A1019D03010400000BBFA00000000A5
:10C35000100010001000700F1C051005380558055E
:10C36000144592485078100010000000B2CE000032
:10C37000800040022006E001400EF801A002900477
:10C3800050192C71C2022001800040003000CAFD0B
:10C39000000000002000A0047004A0047C3AA80D56
:10C3A000A408200578065404200A70190C20000007
:10C3B000B1E60000000018089000301D1811E80CCC
:10C3C000D83EAE28B81E8C0848082808040400008F
:10C3D0000000CAB60000000018003000803F801046
:10C3E00090101E0908070800081B283198204800F3
:10C3F00000000000BEF80000000000000080008087
:10C400008001808100C0400240E0072023033013F8
:10C4100001988100F8400F40F80C60CA04F049020E
:10C4200030F803100800000900E008203C0820183C
:10C43000187800F03F000000000000000000B6D4B3
:10C4400000000000000000000300000300000300E3
:10C450000003C0030338030300013F00FD0318017C
:10C4600003A00103C01803C03003C021036003030D
:10C4700030020318020304000300C003008003001D
:10C480000001000000000000D6B500000000000020
:10C4900000400080C10080C100C0400440E00F6047
:10C4A0007C0020400030200770F8064808064CF851
:10C4B0000642080640C80640380660080660F806CE
:10C4C00060080260087FE0FF00200000000000001C
:10C4D0000000CFE0000000000000800100800100AB
:10C4E00000010000010000010C00E11B002F18E01A
:10C4F000231098211380E110C02710402D1220E155
:10C500001130211018211004211A00E11D8021187A
:10C51000800108800100000000000000D6D000006B
:10C52000000000000000008000000080010000808A
:10C5300001000080010000800100008001001080E7
:10C54000010CF0FFFF0F30800104308001043080C7
:10C550000104308001043080010430800104308007
:10C56000010430800104F0FFFF07308001043080B7
:10C5700001040080010000800100008001000080B3
:10C5800001000080010000800100008001000080A7
:10C590000100008001000080000000000000BEB02B
:10C5A0000000000000000000000000000001800109
:10C5B00000FFFF01000380010003800100FFFF0175
:10C5C000000380010003800100FFFF010081810062
:10C5D000000003000000031CFCFFFF3F00004000C0
:10C5E0000003C00100FFFF010003C0000003C00002
:10C5F0000003C00000FFFF00000141000004010033
:10C60000000E710000078101800101076000010E2A
:10C610001898011C04E0011800C000000000000090
:10C62000D4B0000000000000000000000008F0FF8F
:10C63000FF1F3000000C3000000C3000100C30FEEA
:10C640003F0C3004000C3000000C3000000C3000B7
:10C65000000C3000C00CF0FFFF0D3030060E303003
:10C66000060C3010060C3010060C3010060C30187A
:10C67000860C3018860C3008060D300C860D3006FE
:10C68000EE0F3002FC0D3001000CF000000C300009
:10C69000000CF0FFFF0F3000000C10000004000041
:10C6A0000000B5E7000000000000000000C000002E
:10C6B00000C0010000C0000000C0000000C0000079
:10C6C00000C00000E0FFFF0360C0000360C0000383
:10C6D00060C0000360C0000360C0000360C00003CE
:10C6E000E0FFFF0360C0000360C0000360C0000300
:10C6F00060C0000360C00003E0FFFF0360C00001F2
:10C7000060C0000000C0000800C0001000C00010A1
:10C7100000C0001800C001380080FF1F00000000AA
:10C7200000000000D7D3000000000000000000005F
:10C73000000000000003C0FFFF07000080070000AA
:10C74000C000000060000000180000000C00008025
:10C7500003000080030000800100008001080080C9
:10C76000011CFCFFFF3F00800100008001000080F1
:10C7700001000080010000800100008001000080B5
:10C7800001000080010000800100008001000080A5
:10C7900001000080010000FC010000E000000040FA
:10C7A0000000000000000000000000000000000089
:10C7B0000000000000000000000000000000000079
:10C7C000000000000000000008618CD3A5B77412BF
:10C7D00084B39D57B619BE7ADF3EDF7EADF8ADF863
:10C7E000C6BB636E0883002100210000000000002A
:10C7F0000000000000000000002000000000000019
:10C800000000000000000000000000000000000028
:10C810000000000000000000000000000000000018
:10C820000000000000000000000000000000000008
:10C8300000000000000000000000000000000000F8
:10C840006BB084B4E79F95166BD16BD16BF16BF134
:10C8500074117411741174117C327C327C52849383
:10C860008CD49D56A5B8B5F8B619BE5AD6FCDF3D96
:10C87000DF3EBE19298700410000000000000000D3
:10C8800000000000000000000000000000000000A8
:10C890000000000000000000000000000000000098
:10C8A0000000000000000000000000000000000088
:10C8B000000000000000000073F0DF3DE73D8CB594
:10C8C00074326BF16BF173F073F173F173F17411F6
:10C8D000741174117C327C327C528473847384931F
:10C8E00084B38CD48CD48CD48CD48CD484739D7726
:10C8F000B619D71DB5F800000000000000000000C8
:10C900000000000000000000000000000000000027
:10C910000000000000000000000000000000000017
:10C920000000000000000000000000000000000007
:10C930007C73DF3EDF5D94F674126BF1C69BADD85D
:10C94000B5F8BE19BE59BE5AC67ADF3DE77EE79FED
:10C95000BE3A849384938493849384938CD48CD4AC
:10C960008CD48CF484B47C52A577ADD9ADF9D71DA5
:10C97000BE390000000000000000000000000000C0
:10C9800000000000000000000000000000000000A7
:10C990000000000000000000000000000000000097
:10C9A0000000000000000000636FD71DDF3DBE5A8D
:10C9B000C69C9536D71DA597ADB7B5D8B5F8B619AD
:10C9C000BE39BE5AC65AC67AC69BCE9BCEBBCEBB1C
:10C9D000CEDCCEBCD6FCD6FCD71CDF3DE77EE77FA5
:10C9E000E77ECEBBADF9ADD9B63ABE5ABE3A00002D
:10C9F0000000000000000000000000000000000037
:10CA00000000000000000000000000000000000026
:10CA10000000000000000000000000000000000016
:10CA200031EAD71DC6BB9D57D6FCDF3EDF3DA5567C
:10CA3000A5774ACC426B424A426A426B3A098473F8
:10CA40008CF48493ADD9C67BC69BCEBBCEBBCEDC6B
:10CA5000D6FCD71CDF1CDF1CDF5DDF5DE77DE77DDB
:10CA6000E77EADF9CEDCB6184249000000000000B8
:10CA700000000000000000000000000000000000B6
:10CA800000000000000000000000000000000000A6
:10CA90000000000000000000216695378D169516F5
:10CAA0006BD063B0CE9BA576A556638E0842084135
:10CAB000004100410061006100620061194552ECD3
:10CAC00094F4849374115B8F63D08D15ADD8B63A0E
:10CAD000AE195B4E636FB5F8DF5EE77EEF7EB61989
:10CAE000D71DB61800000000000000000000000084
:10CAF0000000000000000000000000000000000036
:10CB00000000000000000000000000000000000025
:10CB100031E984947C53DF3F6BF163B07C739D35C6
:10CB20009D55BDF8086200620082008200820061AB
:10CB30000081008100810082088200620062006240
:10CB4000006208820082004100620062006210E41C
:10CB50009D157C318473E79DEF9FB63ADF3EB5F9B2
:10CB600000200000000000000000000000000000A5
:10CB700000000000000000000000000000000000B5
:10CB8000000000000000000000426BD17433CEBCF6
:10CB90007C7363B063B09D359D35D6DC086200615F
:10CBA000006100610081006200610061006100823B
:10CBB000006200620062008100820862086208620E
:10CBC0000862008108620862086210A394F47C3253
:10CBD0008472E79EE77EBE39D71DB61900000000BB
:10CBE0000000000000000000000000000000000045
:10CBF0000000000000000000000000000000000035
:10CC000000626BB0DF3ED71E8CB4639063B09D357D
:10CC10009D35C67A0862088200820061008208821F
:10CC200008820082008200820082008200820082EC
:10CC3000008200820062086208620862086208627C
:10CC400008620882088208A37C3194F5D6FCEF9E26
:10CC5000CEBBBE3ACEDCBE390000000000000000B2
:10CC600000000000000000000000000000000000C4
:10CC7000000000000000000000216BF1DF5EADD974
:10CC80007C53636F5B4E94D49514A5960882006222
:10CC9000006208623A29BE19BE59C67ACEBBCEDB05
:10CCA000D6FCD71CDF3DDF1DCE9B7C11190510E3A0
:10CCB00008C308A308A208A210A2088208A208A21A
:10CCC000088221668473C67BE79EE79EBE5ABE7AC1
:10CCD000C67BC65A000000000000000000000000F3
:10CCE0000000000000000000000000000000000044
:10CCF00000216BF1D73EB61984945B4E5B2E8CD429
:10CD000094F494F400620061006100613A08B5F99E
:10CD1000BE39C65AC67AC67BCE9BCEBBCEBBCEDC56
:10CD2000D6DCD6FCD71CD71CD71CD73CDF3DDF5D3B
:10CD3000DF5DDF5DE77DE77DE79E10A310A36BD08D
:10CD4000BE39D71DE77EE79EBE5ACEDCBE395B2DCD
:10CD500000000000000000000000000000000000D3
:10CD6000000000000000000000006BD1CEFD94F632
:10CD70007C535B2E530D84938CB494D40082006159
:10CD80000061006231A7BDF9BE39BE39C65AC67A04
:10CD9000C69BCE9BCEBBCEBCCEDCCEDCD6FCD71C9D
:10CDA000D71DD73DD73DDF3DDF5DDF5DDF5DDF7D3B
:10CDB000E77DE77DE79E08A310C3A5B7CEDCDF3D86
:10CDC000E79EE79EBE5ACEDCBE390021000000007F
:10CDD0000000000000000000000000000000000053
:10CDE000000173F1BE7C7C737412530D52ED849379
:10CDF0008C938CB300820061006100412166AD9785
:10CE0000B618BE39BE39C65AC67AC69BCE9BCEBBB3
:10CE1000CEBBCEDCCEDCD6FCD6FDD71DD71DDF3D8C
:10CE2000DF3DDF5DDF5DDF5DDF7DE77DE77DE77DAA
:10CE3000636D10C310E4A597CEFC9D15E79DE77DBB
:10CE4000BE5AD6DCBE390000000000000000000021
:10CE5000000000000000000000006BD16BF163B027
:10CE600063AF52ED52ED84728C938CB3006200611B
:10CE70000040004129869D15ADD7B619BE19BE39AF
:10CE8000C65AC67AC67BC69BCEBBCEBCCEDCCEDC39
:10CE9000CEFCD6FDD71DD71DD71DD73DDF3DDF5DAD
:10CEA000DF5DDF7DE77DE77DE77DE77D10A310C4D3
:10CEB00010E49D3584B394F5E77DE77EBE5ACEDC61
:10CEC000BE1900000000000000000000000000008B
:10CED0000000638F63B063B0638F4AED530D8452DB
:10CEE00084938C93110400610041004129A74A4AB0
:10CEF000ADD7B5F8B619BE19BE39BE3AC67AC67AEC
:10CF0000C69BCEBBCEBBCEDCCEDCCEFCD6FCD71DCA
:10CF1000D71DD71DD73DDF3DDF5DDF5DDF5DDF5D09
:10CF2000E77DE77DE77DE77D10E410E419258CB30C
:10CF30008493CEDBEF7ED6FDB5F8ADD8BE190000E8
:10CF400000000000000000000000638F7C53CEBC96
:10CF50007432530E638F847284728C9310A30041D9
:10CF600000410041298731C8ADB7B5D8B5F8BE1921
:10CF7000BE19BE39BE5AC65AC67AC69BCEBBCEBBF8
:10CF8000CEDCCEDCCEFCD6FCD6FDD71DD71DD73DE2
:10CF9000D73DDF5DDF5DDF5DE75DE77DE77DE77D59
:10CFA000E77EE79E10E410E44AAB9515B619E77EDC
:10CFB000E77EB5F8ADD8ADD8BE390000000000005E
:10CFC0000000634EC67BCEDC84948CD58CD57C73FC
:10CFD00084728C9339E800410041004129666B6EF0
:10CFE000AD97ADB8B5D8B5F8BE19BE19BE39C65A99
:10CFF000C65AC67AC69BCE9BCEBBCEBBCEDCCEDCA1
:10D00000D6FCD6FCD71DD71DD71DD73DDF3DDF5D34
:10D01000DF5DE75DE77DE77DE79EE77DE77EE77E15
:10D0200010E310C36BD0BE7ADF3DE77EE77EADD75D
:10D03000ADB8B5F8741000000000638F6BB05B6F83
:10D040005B6F63B07C53530E847284729CD3004137
:10D050000041004110E4B5D8A576ADB7B5B8B5D854
:10D06000B5F8BDF9BE19BE39BE3AC65AC67AC69BD6
:10D07000CE9BCEBBCEBBCEDCCEDCCEFCD6FCD71D51
:10D08000D71DD71DD73DDF3DDF5DDF5DE75DE77D68
:10D09000E77DE77DE77DE77EE77DD6DB10C310C443
:10D0A000B5F8E75EE77EE77EE77EADD7ADB7BE3980
:10D0B00000410000530D532E532E5B2E5B6F532EF9
:10D0C00052EC8472ADB70021002100410041BDF94E
:10D0D000A556AD97ADB7ADB7ADD8B5D8B5F9BE19B2
:10D0E000BE19BE3AC65AC67AC67BC69BCEBBCEBB5D
:10D0F000CEDCD6DCCEFCD6FCD71DD71DD71DD73D48
:10D10000DF5DDF5DDF5DDF5DE77DE77DE77DE77D9F
:10D11000E79DE77DE77D190410C310E4C69BE77E19
:10D12000E75EE77EE79EADB7ADB7BE5A000052CCD2
:10D130004ACC530D532E5B2E530D5AEC845184521E
:10D14000002100010061A5359D35A576AD97ADB7ED
:10D15000ADB7ADD8B5D8B5F8BE19BE19BE3AC65AE6
:10D16000C67AC67BC69BCE9BCEBBCEDCD6DCD6FCBD
:10D17000D6FCD71DD71DD71DD73DDF5DDF5DDF5D39
:10D18000DF5DE77DE77DE77DE79EE79EE79DE77D45
:10D19000E77D10C410C310E4C69AE77EB5D7E79EBA
:10D1A000EF9FAD97A597B61852CC4ACC530E5B2E85
:10D1B000530D530D634E845173D00041002131A7AC
:10D1C0004249A556A576AD97ADB7ADB7ADD8B5D8A0
:10D1D000B5F9BE19BE19BE19C65AC67AC67BC69B1A
:10D1E000CE9BCEBBCEDCD6DCCEDCD6FCD71DD71D8D
:10D1F000D71DD73DDF3DDF5DDF5DDF5DDF7DE77D97
:10D20000E77EE77DE79DE77DE79EE79EE79E10C30B
:10D2100010C44AABC67AE79EE75DE77EA576A556C1
:10D22000BE3952CC4AED530E5B2E530D530D73D0C5
:10D230008451634E0041004129A739E8A576A576BF
:10D24000AD97ADB7ADD7ADD8B5D8B5F8B5F9BE196E
:10D25000BE19BE5AC65AC67AC69BCE9BCEBBCEBBA3
:10D26000CEDCCEDCD6FCD6FCD71DD71CD73CD73DB8
:10D27000DF5DDF5DDF5DDF7DE77DE77EE79EE79DCC
:10D28000E77DE79DE79EE79EEF9E10C310C48CD319
:10D29000ADD894F4E77EA556A556BE3952EC8CD590
:10D2A0006BF18D16532D530D741184515B2D00417C
:10D2B000004131A739E8A576A596ADB7ADB7ADB7B2
:10D2C000ADD7B5D8B5D8B5F8BE19BE39BE39C65A2E
:10D2D000C67AC69BCE9BCEBBCEBBCEDCCEDCCEDC34
:10D2E000D6FCD71DD71DD71DD73DD73DDF5DDF5DF0
:10D2F000DF5DDF7DE79EE77DE79DE79DE79DE79E9C
:10D30000E79EEF9E10A310C46BD08CD48452E77EAE
:10D31000A556A556BE39530DE7BFCEDCC67B532DAF
:10D32000530D7C1184525AEC0041004131A73A0858
:10D33000A576A576A596ADB7ADB7B5D8B5D8CE9B31
:10D3400031E8634E426ABE19BE3AC67AC67BC69BB6
:10D35000C69BC69BC69BCEBBCEDCD6FCD71DD71DBD
:10D36000D71DD71CD73CDF3DDF5DDF5DDF5DE77D8F
:10D37000E77DE79DE79EE79EE79EE79EE79E10C359
:10D3800010C36BF08CF47C31E77EA577A556BE39CF
:10D390005B6EE79FDF5ECEBC530D530D845284322B
:10D3A0004A690041004131A74249A576A576A59674
:10D3B000AD97ADB7B5B8B5D8A556214521264A6A6F
:10D3C000B5D8BE39C65AC67AC69BCE9B29A829872E
:10D3D0004A8BCEDCCEFCD6FCD6FC428B428B4ACCB0
:10D3E0005B4E7C3184727410636D638EDF7DE79ECB
:10D3F000E79EE79EE79EE79E10C310A36BD094F4D0
:10D400007C51E77EA576A556BE39636FDF9FDF5E50
:10D41000C69B532E530D8472843142490041004112
:10D4200031A74A6AA576A576A596AD97ADB7ADB7F3
:10D43000B5D82166212521464A8BB5F8BE19C65AB2
:10D44000C67AC69BC67A298729A74AABCEDCCEDC32
:10D45000D6FC426A426A424A3A4A3A4A3A293A0968
:10D460003A093A2952ECDF7DE77DE79EE79EE79E89
:10D47000EF9E10C310A36BAF94F47C32E77EA577C8
:10D48000A576BE39634F953663906BF274126BF2DA
:10D4900094D484513A280060004131A74AABA57664
:10D4A000A576A596AD97AD97ADB7B5D829862125B8
:10D4B000212652ABBE19BE39C65AC67AC67B3A2956
:10D4C000298629A752ECCEDCCEDC426A428A426A27
:10D4D000426A426A424A424A3A493A293A295B0C2C
:10D4E000DF5DE77DE79EE79EE79EEF9E10C310A3FA
:10D4F0006BAF8CD47411E77EA597A576BE194A6BE5
:10D50000530E530E63906BF274138CB4845139E84C
:10D510000041004131A74A8BA576A576A596AD9727
:10D52000AD97ADB7B5D821452126212652ABBE19FE
:10D53000BE39C65AC67AC67A31C729872987530D9C
:10D54000CEBBD6DC428A426A426A426A951573D0E3
:10D550004AAB428A426A424A6BAFE75DE77DE77DAC
:10D56000E79EE79EE77E10A310A36BAF8CD473F009
:10D57000E77EBE19A577BE19424A52ED530D63905E
:10D58000743374338CB4845231A60041002131A726
:10D590004A8AA556A576A576A597ADB7ADB7B5D8F5
:10D5A0002145212621265AECBDF9BE19BE3AC67A7C
:10D5B000C67A29A721662966530DCEBBD6BC42493F
:10D5C0003A2852ECDF3DD71CD73CDF3CDF5DDF5D06
:10D5D000DF5DE77DE77DE77DE77DE77DE79DE79D13
:10D5E00008A310A36BAF8CD473D0E77EBE3AA59787
:10D5F000BE19426A4AEE532E63B1743374338CD42D
:10D60000845131A70041002131A74A8AA556A55669
:10D61000A576A596AD97ADB7ADB721452125214695
:10D620005B2DB5D8BE19BE39BE5AC65A29A7296680
:10D630002987634ECEBBD6DC31E831E8636FD6FC78
:10D64000D71CDF3CDF3DDF5DDF5DE77DE77DE77D0C
:10D65000E77DE77DE77DE77DE79E08A308A36BAF45
:10D660008CD473D0E77EBE3AA577BE3A426A532E79
:10D6700063B07C54743374348CD4843131A600414B
:10D68000002031A74A8BA556A556A576A596AD963E
:10D69000ADB7ADB72966296629662166218629A717
:10D6A00029A729A729A72987216629676BAFCEBBA0
:10D6B000D6DC320831C84ACB741194F4CEDBD71DC6
:10D6C000DF3DDF5DDF5DE77DE77DE77DE77DE77DD2
:10D6D000E79DE77D08A308836B8E8CD47C11E77EE1
:10D6E000B63AA577BE3A4ACC84D59D799D797434F3
:10D6F00074548C94843131A60040004131A752CB40
:10D700009D55A556A576A576A596ADB7D6DC31A7CD
:10D7100031A731A731A729A731C731C831C831A7EF
:10D720002986296652CC7C32CEBBCEBC3A2931E860
:10D7300031E831E831E831E831C831C88C93DF3D58
:10D74000DF5DE77DE77DE77DE77DE79DE77D10C352
:10D7500008A36BAF8CB4CEBCE77EB63A9D76BE5ABA
:10D76000530E9D999D999DB9745474348CB4843131
:10D7700031A60040004129865B0C9D35A556A57653
:10D78000A576AD96AD9773CF31A731A731C731C715
:10D7900031C739E839E831C831A729872966530CE0
:10D7A000CE9BCEBBCEBCDF3D3A293A293A293A0975
:10D7B00031E831E831E832085B2DDF5DDF7DDF7D68
:10D7C000E77DE77DE77DE77D10C310A36BB08CB4E8
:10D7D000CEBCE77EB61A9D56BE3A530E9D999D99D2
:10D7E0009D997433743494D4843129860040004167
:10D7F00029865AEC9D35A556A576A576A596A596BB
:10D8000031C7298629664A8BC639C67AD6BCE73D18
:10D81000DEFC2987298729665B0DC67BCEBBCEBC83
:10D82000D6DCE73E4AAA426A3A493A0931E831E889
:10D8300031E852CCD71CDF7DDF7DE77DE77DE77DDA
:10D84000E77D10C308A36BAF8CB4CEDCE77EB61ABD
:10D85000A577BE3A52EE745463916BF36BF36C137D
:10D8600094F48431296600200041296652EC9D35EC
:10D87000A556A556A576A596AD96298621452125BE
:10D8800052ECB5D8B5F8BE19BE39BE5931A72966D4
:10D8900029665B2DC67BCEBBCEBCCEDCCEDCCEDC1F
:10D8A000D6FCD71DD71DDF3D31E831E84ACB634DAB
:10D8B000DF5DDF7DE77DE77DE77DE77D10C310A3BA
:10D8C0006B8F8494CEBCE77EB61AA577BE3A4ACC5D
:10D8D0006BF274338CF66BF26BF394F5843129861A
:10D8E00000200041298652CC9D359D55A556A57630
:10D8F000A576AD9721452125212552ECB5D8B5F85F
:10D90000BDF9BE19BE3A298621662166634EC69BC3
:10D91000CEBBCEBBCEDCCEDCCEFCD6FCD6FDD71C3F
:10D92000DF3C31E831E852CC6B8EDF5DDF5DE77DB7
:10D93000E77DE77DE77D10C308A36B8F8CB46BB0E8
:10D94000E77EB63AA577BE1A530E9D78957895581E
:10D9500063D26BF29CF5843129660041004129862F
:10D9600052CC9D359D35A556A576A596AD972145FA
:10D97000212521045B0DADB7B5F8BDF9BE19BE393F
:10D98000298629662966636EC67ACE9BCE9BCE9B7E
:10D99000CEBBCEDCCEDCD6FCD6FCDF1C31C831C819
:10D9A0004ACCDF3DDF5DDF5DE75DE77DE77DE77D5D
:10D9B00010C408A3636F8CB46BD0DF7DBE3AA5772B
:10D9C000B6195B2E9D799D799558530E52ED94B4FE
:10D9D0008431214500410041298652CC9D359D3539
:10D9E000A556A556A576AD9721452125190573D0D5
:10D9F000ADB7B5F8B5F9BE19BE39298629662966CD
:10DA00006B8FC67AC69B31E831E831E831E83208DD
:10DA100032093A0939E831E831E852ECDF3DDF5D9F
:10DA2000DF5DE75DE75DE75DE77D10C408A3636E3A
:10DA30008CD47411DF5DB63AA578BE19532E9D794A
:10DA40009D79955852ED4ACC94938431212500411B
:10DA50000041298652CB9D359D35A536A556A57624
:10DA6000AD972145212542294A8BADD7B5D8B5F9C7
:10DA7000BE19BE192986296631C77C11C67AC67BB4
:10DA80003A093A093A093A093A293A2A320831E870
:10DA900031C832085B4EDF3DDF3DDF5DDF5DDF5DBE
:10DAA000DF5DE75D10A308A3636E8CD46BB0DF5D10
:10DAB000B6199D77B619530D95588CF56BD152ED6B
:10DAC0004AEC94B38451214500410021298652CB70
:10DAD0009D359D35A536A556A576D6DC2145214533
:10DAE00052CCA556B5B8B5D8B5F8BE19BE19298619
:10DAF0002986530C638FC67ACEBB3A494229422904
:10DB00004249426A424A3A0931E831E86BAFDF3DA7
:10DB1000DF3DDF3DDF5DDF5DDF5DDF5DE75D10C3C6
:10DB200008A3634E8CB46BAFDF3DA5969D35B5F869
:10DB30004ACD8CD55B6F5B2E52ED52EC94B38431A1
:10DB400021450041002129865B0C9D159D35A53698
:10DB5000A556A576A576A576AD97AD97ADB7B5B820
:10DB6000B5D8B5F8BE19BE19BE19BE19BE39C65A08
:10DB7000C67ACE9BD6FCE75EEF9FE75ECE7BA577AD
:10DB800094D48C93E75ED71DDF1DDF3DDF3DDF3D85
:10DB9000DF5DDF5DDF5DDF5D10C408A3634E8CD405
:10DBA0006BB0DF3DA5969D15B5D84ACC84B55B4FCB
:10DBB000532E52ED52EC94B38431212500410021C3
:10DBC0002986632D9D159D359D36A556A576A5768E
:10DBD000A576AD97AD97ADB7B5D8B5D8B5D8B5F9E9
:10DBE000BE19BE19BE3AC65AC65AC67AC67AC69B6E
:10DBF000CE9BCE9BCEBBCEBCCEDCD6DCD6FCD71D1E
:10DC0000D71DD71DD73DD73DDF3DDF3DDF5DDF5D54
:10DC1000DF5D190408A3634E8CD46BB0DF3DAD9675
:10DC20009D15B5F94ACD7C745B4E530E52ED52CC26
:10DC300094B38431192400410021296639C894F431
:10DC40009D159D36A556A576A576A576A596ADB764
:10DC5000ADB7B5B8B5D8B5D8B5F8BE19BE19BE3987
:10DC6000C63AC65AC67AC67AC69BCE9BCEBBCEBB38
:10DC7000CEBCCEDCCEDCD6FCD6FDD71DD71DD71D45
:10DC8000D71DDF3DDF3DDF3DDF5DDF5D216610A39A
:10DC90005B2E8CD56BB0DF3DAD979D15B5F94ACDA8
:10DCA0007C73532E532E52ED4ACC94B37C10B5B7EF
:10DCB000006100410040214552AC9CF59D35A536E0
:10DCC0009D56A576A576A597AD97ADB7ADB8ADD85D
:10DCD000B5D8B5F8BDF9BE19BE19BE39BE5AC65A77
:10DCE000C67AC67ACE9BCEBBCEBBCEBBCEBBCEDC7D
:10DCF000CEFCD6FCD6FDD71DD71DD71DDF3DDF3DA1
:10DD0000DF3DDF3DDF3D10C310A35B2E9515A5560B
:10DD1000DF1DBE189D35B5D84ACD7C735B6E638F11
:10DD20006BF163D195377C118431CEBB004100414A
:10DD30000020214684729D159D359D55A556A576DA
:10DD4000A596AD97ADB7ADB7ADB8B5D8B5D8B5F860
:10DD5000BE19BE19BE19C63AC65AC67AC67AC69B3D
:10DD6000CE9BCEBBCEBBCEDCCEDCCEDCD6FCD6FC96
:10DD7000D6FDD71DD71DDF3DDF3DDF3DDF3DD6FCA6
:10DD800010A308A35B0D8CD57411DF1DB6189D156B
:10DD9000B5D84AAC84B4ADF96BF1B61B8494638FEB
:10DDA000636E7C11845231C70041004100412987D4
:10DDB00094D49D159D35A556A576A576A597ADB7A6
:10DDC000ADB7ADB7ADD8B5D8B5F9B5F9BE19BE196F
:10DDD000BE39BE5AC65AC67AC67AC69BC69BC6BB51
:10DDE000CEBBCEDCCEDCD6FCD6FCD6FCD71DD71DF8
:10DDF000D71DDF1DDF3DDF1D10A308A310C35B2E61
:10DE0000A5B8C69CD71DB5F89D15B5F800214AAC3C
:10DE1000BE5AD6FCDF5D74127C534AAC5B0D7C317C
:10DE2000845200620061004110C49CD49D159D3550
:10DE3000A556A576A596A596ADB7ADB7ADB7ADB8C5
:10DE4000B5D8B5F8B5F8BE19BE19BE39BE39C65A2F
:10DE5000C67AC67BC69BC69BC69BCEBBCEBBCEDC62
:10DE6000CEDCCEFCD6FCD6FDD71DD71DDF1DD71DC1
:10DE700010A310A308A33A098CD5B61ACEFCD6DCA1
:10DE80009D359D35ADB700210021426BA598B61A8E
:10DE90008CD6A5B96BD14AAC73B07C5284520020A9
:10DEA000004100412146BDF89D159D55A576A576FA
:10DEB000A576AD97AD97ADB7ADB7ADD8B5F8B5F818
:10DEC000B5F9BE19BE19BE39BE3AC67AC67AC67B46
:10DED000C69BCE9BCEBBCEBBCEDCCEDCCEFCD6FC76
:10DEE000D6FCD6FCD6FCD6FC08A310A310A319259B
:10DEF0008CF5BE7BCEBCCEDC9D359D159D3594F456
:10DF0000006100610021426A74326BF26BD2BE5B29
:10DF100063904AAC741184528C720041004100211C
:10DF200029879D159D15A556A576A576A596ADB70D
:10DF3000ADB7ADD7ADD7B5F8B5F8B619BE19BE199E
:10DF4000BE19BE3AC65AC67AC67AC67AC69BCE9B58
:10DF5000CEBBCEBCD6DCD6DCCEFCD6FCD6FCD6FC0A
:10DF600052EC10A310C319258494B63BC6BCCEBB9B
:10DF70009D359D159D15A5560061006100610061EC
:10DF800000213A097433A5999D78BE5B636F4AAB53
:10DF900074118452AD7600410041000131A74AABB3
:10DFA0009D35A556A576A576AD96ADB7ADB7ADD7DF
:10DFB000B5D7B5F8B5F9BE19BE19BE39BE39C65ABE
:10DFC000C65AC67AC67AC69BCE9BCEBBCEBBCEBC4B
:10DFD000CEDCCEDCD6FCD6DCB63908A310A310E428
:10DFE0008493BE7BC67BCEBBBE7A9D359D15ADB8F6
:10DFF00000620061004100610061004108833A4A0B
:10E000009D99A5B99538B61A636E4A8B7C328452B5
:10E01000EF7E0041004100203187636EA556A57652
:10E02000A596AD97ADB7ADB7ADD7ADD7B5F8B5F847
:10E03000B5F9BE19BE19BE39BE3AC65AC65AC67A15
:10E04000C69BC69BCE9BCEBBCEBBCEBCCEDCCEDCB5
:10E05000CE9B10A308A310E48472B61AADF9C69B38
:10E06000CE9BD6FC9D35ADB8088200610081004191
:10E07000006100610041004129C75B4F9D99A5B92E
:10E080009558BE5B5B4F52EC84528C728C9200416F
:10E090000041002039C88C93A576A596AD96ADB702
:10E0A000ADB7ADD7ADB7B5D8B5F8B5F8BDF9BE19B0
:10E0B000BE19BE3ABE3ABE5AC67AC67BC69BC69B3E
:10E0C000CEBBCEBBCEBBCEBBCEBB08A308A308A3A2
:10E0D00074119D77A5B8C67BC67BD71DA597A5569D
:10E0E00008830862006100810041006100610061F5
:10E0F0000041004131E88D16A5B9A5B9ADD9ADF9FA
:10E1000052ED636E84528C7300820041004108829C
:10E1100031C89D35A576A596ADB7ADB7ADB7ADB74E
:10E12000B5D8B5F8B5F8BE19BE19BE19BE39BE3995
:10E13000BE3AC65AC67AC69BC69BCE9BCEBBCEBB4A
:10E14000CE9B08A308A31083320974129D77BE7A70
:10E15000C67BD71DCE9B9D5652EC0862086200819B
:10E160000081004100610061006100410041004107
:10E1700032099D79A5B9A5B9B65BADF94AAC7C1158
:10E1800084728C930041004100412966BE399D365E
:10E19000A576A576A596ADB7ADB7ADD7B5D8B5F888
:10E1A000B5F8B618BE19BE19BE39BE39C65AC65A18
:10E1B000C67AC67BC69BCE9BCE9B0883088308820B
:10E1C00010E46BD08CD5BE5AC67ACEFCD6FD9D35F8
:10E1D00094F40861086100610081008200410061DF
:10E1E0000061006100610061004100413A29B61AF6
:10E1F000A5B9A5BABE7B74324AAC84738C9394B330
:10E2000000410041006121456BCF9D359D35A576CC
:10E21000B5D8BE39ADD8B5F8A5978CD47C727C52F0
:10E220007C52847394F49D36A597ADD8BE39BE3A1E
:10E23000C65A10A30882108310A36BB07C73BE3A39
:10E24000BE5AC65AD6FC9D15A597086200610061AA
:10E25000008100810862004100610061006100618D
:10E2600000610061004100413A29B61AA5BAA5DA59
:10E27000BE7B6BD152ED94D48CB39D1400410061F0
:10E28000004100610062006200620062086100619A
:10E290000061086100610062006208620042006281
:10E2A000086208620861088208820882088208827F
:10E2B0000883636F7C11BE39BE5ABE5ADF1D9D159F
:10E2C000ADB808820862006100810081088208629E
:10E2D0000041006100610061006100610061006156
:10E2E000004100213A4A84D6B63BC69CC67B6BD01F
:10E2F0005B2E8CB38CD3C6590061008100820081F3
:10E30000008100820062006200810882008208822F
:10E310000882088200620062006208620862088265
:10E32000088208820882088208A26BD06BAFA577AA
:10E33000BE3ABE5AD71D94F4ADB70062088200629F
:10E3400000810082086208620862004100610041A9
:10E3500000610061006100610061006100610042D4
:10E36000428B84F67C74C69CC69C6BD073F18CB3D4
:10E370008CB3EF7E088208820862088208820882D5
:10E38000088208620882088208A20882088208823D
:10E39000088208620882088208820882088208824D
:10E3A000088273F05B2E73F1B619BE3A94F5ADB7DF
:10E3B0009D35088308620862006200620882086274
:10E3C00008620862004100410061004000410041D4
:10E3D00000410061006100610041088352EDB63ADE
:10E3E000C6BCCEFD7C736BD174118CB494D34AAB94
:10E3F000088208620882088208A2088208820882CD
:10E4000008820882088208820882088208820882BC
:10E41000088208820882088208A23A4A428B73F076
:10E42000BE19BE3984B4A5778CB4424A0062086232
:10E4300008620862086208620862086208620041B5
:10E44000006100610040084100410061006100611D
:10E4500000610061004131E85B4FCEFDD71DC69BD6
:10E4600074327432A59794D494D49D1594D494F4B2
:10E470009D14A535A576B5F8CE9ADEFCDF3DE75EA6
:10E48000EF7FEF9FEF7FEF9FF7BFEFBFEF7FE77F5C
:10E49000E77EEF9FD6FDC67BB5F9B6397C53A5B8AC
:10E4A00084B4B5B80862086208620862086208624B
:10E4B0000862086208620862004100610041084188
:10E4C00000410041004100410061006100610061C4
:10E4D0000061426A7C52D71DD73DA59773F163B0A6
:10E4E0009D7794D494F494F494F494F495149D1436
:10E4F0009D359D359D359D35A556A576A576A57688
:10E50000AD96ADB7ADB7ADB7ADB8B5D8B5D8B5D890
:10E51000B5F8B6199515A57784939D3608620862FB
:10E52000086208620862086208620862086208629B
:10E53000086200410061004100410041004100418A
:10E5400000410061006100610061006100414ACC4E
:10E55000CEDCDF5DDF5D849473F16BF174328CB4DB
:10E560009D16A578ADD9C67BCEBCADD9B61AB63A44
:10E57000B63AADF9ADF9AE19B63AB61AB639BE5AD1
:10E58000BE5ABE39B5F9BE39B619B61AB61A8CF5E7
:10E590007C539D5608620062086208620862086245
:10E5A0000862086108610881088208620041006110
:10E5B0000041004100410041004100410061006113
:10E5C000004100410041004100414ACCDF5EDF5D77
:10E5D000E77D7C7474126BD2530E532E532E5B2E38
:10E5E000530E530E5B4F636F639063906BD0741147
:10E5F00073F174127412636F636F63AF63B06BD1A6
:10E600006BF1A598955784947C5395350862086200
:10E61000086208620862086208620862088208A24A
:10E620000882088208620041004100400041004128
:10E6300000200040004100410041004100410841EC
:10E640000041004100215B0DE77EE77DE77E7C53C2
:10E650006BF25B2E532E5B2E5B2E5B2E5B2E5B2EA6
:10E660005B2E5B2E5B4E5B4E5B4F5B4F5B6F5B6F5E
:10E67000638F63B063B06BF16BD06BD1A5988CD511
:10E6800084B48CD4088308620882088208820862F5
:10E69000086208620862088208A20882088208826A
:10E6A0000041084100410041004100210020084193
:10E6B0000041004100610041004100410041004132
:10E6C00000415B2D8CD3ADB7A577CEBCCE9BCEBC25
:10E6D000D6DCD6FDD6FDD6FDD6DCC69BBE5AB5F936
:10E6E000A5779D3695159D56ADD8B619B63ABE3A62
:10E6F000BE5AC69BBE5AB61AA598ADD82146086226
:10E700000882088208820862086208620862086259
:10E710000882088208820882088200000000000047
:10E720000E32C93AD542493BEEED963BD542C93B44
:10E73000588FFB3B1FF2163C6118303CD542493CD8
:10E740001669623C588F7B3CCD5A8A3C07F0963C58
:10E750002783A33C4816B03C69A9BC3C8A3CC93C11
:10E76000ABCFD53CCC62E23CEDF5EE3C0D89FB3CF9
:10E770000B0D043D9B560A3D2CA0103DB0E8163D04
:10E7800040321D3DC47A233D48C3293DCC0B303D6A
:10E790005054363DD49C3C3D58E5423DDC2D493D2E
:10E7A00053754F3DD7BD553D4F055C3DC74C623D50
:10E7B0003E94683DB6DB6E3D2D23753DA56A7B3DDD
:10E7C00088D8803DBDFB833D791F873DAF428A3DA0
:10E7D000E4658D3D9488903DC9AB933D79CE963DDF
:10E7E000AEF1993D5E149D3D8736A03D3659A33D5F
:10E7F000E57BA63D0E9EA93D38C0AC3D61E2AF3D34
:10E800008A04B33D2D26B63DD047B93DF969BC3DDC
:10E81000158BBF3DB8ACC23DD5CDC53D78EFC83DE9
:10E820009510CC3D2B31CF3D4852D23DDE72D53DC7
:10E830007593D83D0BB4DB3D1BD4DE3DB2F4E13D16
:10E840003C14E53D4C34E83D5C54EB3DE773EE3D54
:10E850007193F13D74B2F43DFED1F73D02F1FA3D02
:10E86000800FFE3D4297003E8126023EBFB5033E2B
:10E87000FE44053EFAD3063EF662083EAEF1093E7E
:10E88000AA800B3E620F0D3ED89D0E3E912C103E8D
:10E8900006BB113E7B49133EAED7143EE065163EE3
:10E8A00013F4173E0282193EF10F1B3E9D9D1C3E44
:10E8B0008C2B1E3EF5B81F3EA246213E0BD4223EB5
:10E8C0007461243E9AEE253EC07B273EE608293E31
:10E8D000C8952A3EAB222C3E4BAF2D3EEB3B2F3E44
:10E8E0008AC8303EE754323E43E1333E5D6D353EEB
:10E8F00076F9363E9085383E66113A3E3D9D3B3E68
:10E90000D0283D3E63B43E3EB33F403E04CB413E43
:10E910005456433E61E1443E2B6C463E38F7473E39
:10E92000BF81493E460C4B3ECC964C3E53214E3E59
:10E9300054AB4F3E9835513E98BF523E5649543ED7
:10E9400013D3553E8E5C573E08E6583E3F6F5A3E05
:10E9500077F85B3EAE815D3EA20A5F3E5393603E18
:10E96000041C623E72A4633EE02C653E0BB5663E1D
:10E97000363D683E1EC5693E054D6B3EAAD46C3ED1
:10E980000C5C6E3E6DE36F3ECF6A713EEDF1723E00
:10E99000C878743EA4FF753E3C86773ED40C793E21
:10E9A00029937A3E3B197C3E4D9F7D3E5F257F3EFD
:10E9B0009755803E5D18813E01DB813EA69D823EDB
:10E9C0004A60833EAB22843E2EE5843E6EA7853EA0
:10E9D000AD69863ECB2B873EE9ED873EE6AF883EAC
:10E9E000E371893E9C338A3E56F58A3E0FB78B3ED3
:10E9F000A7788C3E1D3A8D3E94FB8D3EE8BC8E3E42
:10EA00001C7E8F3E4F3F903E3F00913E51C1913E54
:10EA10001F82923EEE42933EBC03943E48C4943E15
:10EA2000D384953E3D45963EA705973EEFC5973E5C
:10EA30001686983E1B46993E21069A3E04C69A3E8B
:10EA4000C6859B3E89459C3E29059D3EA8C49D3EAA
:10EA500006849E3E63439F3E9F02A03EB9C1A03EF6
:10EA6000B280A13EAB3FA23E82FEA23E38BDA33E95
:10EA7000EE7BA43E603AA53ED3F8A53E45B7A63E40
:10EA80007575A73EA433A83E91F1A83E9FAFA93E5D
:10EA90006A6DAA3E132BAB3EBCE8AB3E44A6AC3E2F
:10EAA000AA63AD3E1021AE3E33DEAE3E569BAF3E76
:10EAB0005858B03E3815B13EF6D1B13EB48EB23E94
:10EAC000304BB33EAB07B43E05C4B43E3D80B53ECB
:10EAD000753CB63E6AF8B63E5FB4B73E3370B83E9A
:10EAE000E52BB93E75E7B93EE4A2BA3E535EBB3EA4
:10EAF0007E19BC3EAAD4BC3EB48FBD3E7B4ABE3E0E
:10EB00004205BF3E09C0BF3E8D7AC03EF034C13ED3
:10EB100052EFC13E93A9C23E9163C33E8F1DC43ED6
:10EB20006BD7C43E2591C53EBE4AC63E3604C73E9D
:10EB3000ADBDC73EE276C83EF52FC93E08E9C93EE5
:10EB4000D7A1CA3EA75ACB3E5513CC3EE2CBCC3E12
:10EB50002B84CD3E753CCE3E9DF4CE3EA3ACCF3E45
:10EB60008864D03E4C1CD13EEDD3D13E6E8BD23E5C
:10EB7000EE42D33E2BFAD33E46B1D43E4068D53E5A
:10EB8000191FD63EF1D5D63E878CD73EFA42D83EE5
:10EB90006EF9D83E9FAFD93EAE65DA3E9B1BDB3E99
:10EBA00089D1DB3E3387DC3EBC3CDD3E24F2DD3EDA
:10EBB0008BA7DE3EAF5CDF3EB211E03E93C6E03E87
:10EBC000537BE13EF12FE23E6DE4E23EC898E33E26
:10EBD000014DE43E1901E53E0FB5E53EC268E63E53
:10EBE000761CE73E07D0E73E5683E83EA436E93E72
:10EBF000AFE9E93EBB9CEA3E834FEB3E2A02EC3E86
:10EC0000AFB4EC3E1267ED3E5419EE3E75CBEE3ECE
:10EC1000527DEF3E302FF03ECAE0F03E6492F13E6E
:10EC2000BB43F23EF1F4F23E05A6F33EF756F43E46
:10EC3000C807F53E78B8F53EE468F63E5019F73E51
:10EC400079C9F73E8179F83E6729F93E2BD9F93E1B
:10EC5000AD88FA3E2E38FB3E6DE7FB3E8996FC3EC2
:10EC6000A645FD3E5EF4FD3E16A3FE3EAD51FF3EC1
:10EC70000000003F1957003F21AE003F1805013F3B
:10EC8000FF5B013FC4B2013F7809023F1C60023FB5
:10EC9000AEB6023F300D033F9163033FE0B9033F3F
:10ECA0001F10043F4D66043F6ABC043F6612053FD7
:10ECB0005168053F2BBE053FF513063F9C69063F93
:10ECC00034BF063FBA14073F2F6A073F83BF073F91
:10ECD000D714083F0A6A083F1ABF083F2B14093FA0
:10ECE0001A69093FF9BD093FB6120A3F73670A3F27
:10ECF0000EBC0A3F99100B3F02650B3F5AB90B3F00
:10ED0000A20D0C3FD8610C3FFEB50C3F030A0D3F2E
:10ED1000E65D0D3FC8B10D3F8A050E3F3A590E3FE3
:10ED2000C9AC0E3F58000F3FC5530F3F11A70F3F0F
:10ED30005DFA0F3F774D103F90A0103F88F3103FD2
:10ED40006F46113F4699113FFBEB113F9F3E123F2B
:10ED50003291123FA4E3123F0536133F4488133F1C
:10ED600083DA133F912C143F9E7E143F89D0143FC9
:10ED70006422153F1D74153FC5C5153F5D17163F2D
:10ED8000D368163F38BA163F7C0B173FAF5C173F6E
:10ED9000D1AD173FD2FE173FC24F183F90A0183F8A
:10EDA0004EF1183FFA41193F8692193F00E3193F8F
:10EDB00059331A3FA1831A3FD8D31A3FEE231B3F82
:10EDC000F3731B3FD7C31B3FA9131C3F5A631C3F60
:10EDD000FBB21C3F79021D3FF8511D3F45A11D3F6D
:10EDE00080F01D3FAB3F1E3FB48E1E3FADDD1E3F8A
:10EDF000842C1F3F4A7B1F3F00CA1F3F8318203FC0
:10EE00000667203F67B5203FA703213FD751213F29
:10EE1000F59F213FF2ED213FCD3B223F9889223FD4
:10EE200052D7223FEA24233F7172233FD7BF233FAB
:10EE30001B0D243F4F5A243F72A7243F73F4243FF5
:10EE40005341253F228E253FCFDA253F6B27263FB2
:10EE5000F773263F51C0263FAA0C273FE258273FB1
:10EE6000F8A4273FEDF0273FE23C283FA488283F45
:10EE700056D4283FF71F293F666B293FD4B6293F58
:10EE800021022A3F4D4D2A3F57982A3F61E32A3FEE
:10EE9000382E2B3FFF782B3FA4C32B3F390E2C3F3E
:10EEA000AC582C3F0EA32C3F4EED2C3F6D372D3F21
:10EEB0007C812D3F68CB2D3F44152E3FFF5E2E3FBA
:10EEC00097A82E3F1FF22E3F863B2F3FDC842F3F1B
:10EED00010CE2F3F2217303F2460303F04A9303F2F
:10EEE000C3F1303F713A313F0E83313F79CB313F2F
:10EEF000D313323F0C5C323F33A4323F39EC323F04
:10EF00001E34333FF27B333FA4C3333F350B343FD2
:10EF1000B552343F139A343F61E1343F7C28353F8A
:10EF2000976F353F80B6353F59FD353F0F44363F2B
:10EF3000A48A363F28D1363F8B17373FCC5D373F09
:10EF4000FDA3373F0CEA373FF92F383FD575383FDF
:10EF500080BB383F2A01393FA246393F098C393FEF
:10EF60004ED1393F72163A3F855B3A3F77A03A3F20
:10EF700047E53A3FF6293B3F936E3B3F10B33B3F9B
:10EF80006AF73B3FB43B3C3FDC7F3C3FE3C33C3F45
:10EF9000C8073D3F9D4B3D3F508F3D3FE1D23D3F38
:10EFA00051163E3FB0593E3FED9C3E3F09E03E3F8B
:10EFB00003233F3FED653F3FA4A83F3F4AEB3F3F60
:10EFC000E02D403F4370403F96B2403FC7F4403F82
:10EFD000D636413FD578413FA1BA413F5DFC413F24
:10EFE000F73D423F6F7F423FD7C0423F1D02433F44
:10EFF0003143433F4584433F26C5433FE605443FF5
:10F000009546443F2387443F8FC7443FD907453F38
:10F010001348453F1A88453F11C8453FE607463F1C
:10F020009947463F3C87463FACC6463F0C06473FA4
:10F030004A45473F6684473F61C3473F3A02483FDE
:10F040000341483F997F483F1FBE483F83FC483FEC
:10F05000C53A493FE678493FF6B6493FD3F4493FC0
:10F06000A0324A3F4C704A3FD6AD4A3F3EEB4A3F42
:10F0700085284B3FAA654B3FBEA24B3FA0DF4B3FCD
:10F08000711C4C3F21594C3FAF954C3F1CD24C3F1B
:10F09000670E4D3F904A4D3FA9864D3F8FC24D3F71
:10F0A00065FE4D3F193A4E3F9B754E3F0CB14E3FAA
:10F0B0005BEC4E3F89274F3FA6624F3F919D4F3FEC
:10F0C0005AD84F3F1213503F984D503F0E88503F33
:10F0D00061C2503F83FC503F9336513F8270513F95
:10F0E00050AA513FFCE3513F861D523F0057523F0B
:10F0F0004790523F6DC9523F8202533F643B533F9A
:10F100003674533FD6AC533F64E5533FC11D543F63
:10F110000C56543F378E543F3FC6543F15FE543F64
:10F12000DB35553F7F6D553F01A5553F62DC553FAF
:10F13000A113563FBE4A563FBA81563F95B8563F37
:10F140004EEF563FE525573F6C5C573FC092573F07
:10F15000F3C8573F04FF573FF434583FC26A583F43
:10F160007FA0583F0AD6583F740B593FBC40593FC7
:10F17000E275593FF8AA593FDBDF593F9C145A3FCB
:10F180003D495A3FBB7D5A3F29B25A3F64E65A3F38
:10F190007E1A5B3F774E5B3F4D825B3F03B65B3F22
:10F1A00096E95B3F081D5C3F59505C3F88835C3F9C
:10F1B00095B65C3F81E95C3F4C1C5D3FF44E5D3F82
:10F1C0007C815D3FD0B35D3F15E65D3F37185E3F04
:10F1D000274A5E3F077C5E3FC5AD5E3F50DF5E3F26
:10F1E000BA105F3F14425F3F3B735F3F40A45F3FF5
:10F1F00034D55F3FF705603F9736603F1767603F44
:10F200007497603FB0C7603FBAF7603FB327613F74
:10F210008A57613F2F87613FC3B6613F25E6613F53
:10F220007715623F9544623F9373623F6EA2623FDF
:10F2300028D1623FC1FF623F382E633F8E5C633F3F
:10F24000B18A633FC3B8633FA3E6633F7214643F70
:10F250000F42643F8B6F643FE59C643F1DCA643F6F
:10F2600034F7643F2924653FEC50653F9E7D653F40
:10F270001DAA653F8CD6653FC902663FE42E663FF6
:10F28000DE5A663FA586663F5BB2663FF0DD663FAD
:10F290005309673F9434673FC45F673FC28A673F43
:10F2A0008DB5673F48E0673FE10A683F4835683FF2
:10F2B0009E5F683FC289683FC4B3683FA5DD683F71
:10F2C0006407693FF030693F6C5A693FB683693F14
:10F2D000DEAC693FE5D5693FCAFE693F8D276A3FCD
:10F2E0002F506A3F9E786A3FECA06A3F19C96A3F77
:10F2F00024F16A3F0D196B3FD5406B3F6A686B3F45
:10F30000EF8F6B3F41B76B3F72DE6B3F71056C3F18
:10F310005E2C6C3F1A536C3FC4796C3F3CA06C3F31
:10F3200093C66C3FB7EC6C3FCB126D3FAC386D3F72
:10F330006C5E6D3F0A846D3F86A96D3FE1CE6D3FE7
:10F340000AF46D3F11196E3FF73D6E3FBB626E3F91
:10F350005D876E3FCDAB6E3F1CD06E3F49F46E3F74
:10F3600055186F3F3E3C6F3FF65F6F3F8C836F3F9A
:10F3700001A76F3F53CA6F3F85ED6F3F8410703F09
:10F380006133703F1D56703FB878703F309B703FBF
:10F3900077BD703F9CDF703F9F01713F8123713FBC
:10F3A0003145713FBE66713F2B88713F76A9713F31
:10F3B0008ECA713F96EB713F6B0C723F1F2D723FEF
:10F3C000A14D723F116E723F508E723F6DAE723F13
:10F3D00068CE723F31EE723FD80D733F5E2D733FA2
:10F3E000C24C733F056C733F158B733F04AA733F88
:10F3F000D2C8733F6DE7733FE605743F3E24743F08
:10F400007442743F8960743F6B7E743F2C9C743FE0
:10F41000CBB9743F38D7743F95F4743FBE11753F34
:10F42000B62E753F9D4B753F5168753FE484753F1F
:10F4300055A1753F94BD753FC2D9753FBEF5753F67
:10F440008811763F412D763FC748763F2C64763F42
:10F450005F7F763F809A763F70B5763F2DD0763FBE
:10F46000D9EA763F5305773FAC1F773FE239773FC4
:10F47000E753773FCA6D773F8B87773F2BA1773F65
:10F4800099BA773FE5D3773F0FED773F0806783F8E
:10F49000DE1E783F9337783F2750783F8868783F63
:10F4A000C780783FE598783FD1B0783FACC8783FC7
:10F4B00044E0783FCBF7783F1F0F793F5226793FE2
:10F4C000643D793F4354793F016B793F9D81793F9A
:10F4D0001898793F60AE793F87C4793F7BDA793FEE
:10F4E0005FF0793F10067A3F8F1B7A3FFD307A3FFD
:10F4F00039467A3F535B7A3F3B707A3F01857A3FCA
:10F50000A6997A3F29AE7A3F7AC27A3FAAD67A3F45
:10F51000A7EA7A3F93FE7A3F4D127B3FD5257B3F8A
:10F520004B397B3F904C7B3FB35F7B3FA4727B3F6B
:10F5300073857B3F20987B3FACAA7B3F06BD7B3F1A
:10F540003ECF7B3F43E17B3F28F37B3FEA047C3F98
:10F550008B167C3FFA277C3F47397C3F734A7C3FC0
:10F560006C5B7C3F446C7C3FE97C7C3F7E8D7C3FC8
:10F57000E09D7C3F10AE7C3F2FBE7C3F1CCE7C3F8D
:10F58000D7DD7C3F81ED7C3FF8FC7C3F3D0C7D3F2F
:10F59000711B7D3F732A7D3F43397D3F02487D3F8C
:10F5A0008F567D3FE9647D3F32737D3F49817D3FCA
:10F5B0003F8F7D3F029D7D3FA4AA7D3F24B87D3FC4
:10F5C00072C57D3F9ED27D3FA8DF7D3F81EC7D3FB0
:10F5D00038F97D3FCD057E3F30127E3F711E7E3F64
:10F5E000802A7E3F7E367E3F4A427E3FE44D7E3F0C
:10F5F0006D597E3FB2647E3FE76F7E3FEA7A7E3F81
:10F60000CB857E3F8A907E3F179B7E3F83A57E3FC2
:10F61000BCAF7E3FD4B97E3FCAC37E3F9FCD7E3F05
:10F6200041D77E3FC1E07E3F10EA7E3F3DF37E3F03
:10F6300048FC7E3F21057F3FD80D7F3F6E167F3F00
:10F64000D11E7F3F13277F3F342F7F3F22377F3FDD
:10F65000EE3E7F3F99467F3F124E7F3F69557F3F89
:10F660009E5C7F3FA2637F3F836A7F3F32717F3F13
:10F67000C0777F3F2C7E7F3F66847F3F8F8A7F3FAE
:10F6800075907F3F4A967F3FED9B7F3F5EA17F3F16
:10F69000BDA67F3FDAAB7F3FE6B07F3FBFB57F3F80
:10F6A00077BA7F3F0EBF7F3F72C37F3FB4C77F3FB4
:10F6B000C5CB7F3FB3CF7F3F80D37F3F1BD77F3FFB
:10F6C00094DA7F3FECDD7F3F22E17F3F15E47F3F0F
:10F6D000F7E67F3FA7E97F3F35EC7F3FA2EE7F3F14
:10F6E000DCF07F3FF5F27F3FDCF47F3FA1F67F3F08
:10F6F00044F87F3FC6F97F3F16FB7F3F33FC7F3FD7
:10F700003FFD7F3F19FE7F3FC1FE7F3F47FF7F3FA9
:10F71000ACFF7F3FEFFF7F3F0000803F3CF70008DA
:10F720000000002034000000C886000870F70008C0
:10F7300034000020A40C0000D8860008100000004F
:10F7400001000000000000000024F4000A00000096
:10F750000000006400000A0000000000000000003B
:10F76000000000000A000000050000000100000089
:04000005080001D915
:00000001FF
