:020000040800F2
:10000000B00A0020F1010008615F00088D4100087E
:10001000A15A0008C5040008017B00080000000088
:10002000000000000000000000000000C5630008A0
:100030006F0A00080000000003610008716F0008EB
:100040000B0200080B0200080B0200080B0200085C
:100050000B0200080B0200080B0200080B0200084C
:100060000B0200080B0200080B020008B50900088B
:10007000C10900080B0200080B0200080B0200086F
:100080000B02000800000000FD0200080B0200083F
:100090000B0200080B0200080B0200080B0200080C
:1000A0000B020008ED6F00080B0200080B020008AD
:1000B000F96F00080B0200080B0200080B02000891
:1000C0000B0200080B0200080B0200080B020008DC
:1000D0000B020008F57A00080B0200080B0200086A
:1000E0000B0200080B0200080B0200080B020008BC
:1000F0000B0200080B0200080B02000800000000C1
:10010000000000000B020008000000000B020008C5
:100110000B020008000000000B0200080B020008A0
:100120000B0200080B0200080B0200080B0200087B
:100130000B02000800000000000000000B02000895
:100140000B0200080B020008000000000000000085
:10015000000000000000000000000000000000009F
:100160000000000000000000000000000B0200087A
:100170000B0200080000000000000000000000006A
:10018000000000000B02000800000000000000005A
:10019000000000000000000000000000000000005F
:1001A00000000000000000000B0200080B02000825
:1001B0000B0200080B0200080B0200080000000000
:1001C000000000000B02000800000000000000001A
:1001D0000B0200080B020008DFF810D000F07CF8DA
:1001E00000480047D17B0008AFF30080B00A002030
:1001F0000648804706480047FEE7FEE7FEE7FEE7C1
:10020000FEE7FEE7FEE7FEE7FEE7FEE7DD6F00083C
:10021000D90100082DE9F05F0546002092469B4673
:1002200088460646814640241BE02846414647460C
:10023000224600F041F853465A46C01A914110D365
:1002400011461846224600F028F82D1A67EB0108DF
:100250004F4622460120002100F01FF817EB00094D
:100260004E41201EA4F10104DFDC484631462A46F7
:100270004346BDE8F09FD2B201E000F8012B491ED1
:10028000FBD270470022F6E710B513460A46044633
:100290001946FFF7F0FF204610BD202A04DB203A64
:1002A00000FA02F1002070479140C2F1200320FAC9
:1002B00003F3194390407047202A04DB203A21FAC7
:1002C00002F00021704721FA02F3D040C2F120026F
:1002D0009140084319467047064C074D06E0E06818
:1002E00040F0010394E8070098471034AC42F6D37D
:1002F000FFF776FFC8DD0008E8DD0008014801F0DF
:10030000F1B900003800002010B5846AE16D11F0E9
:10031000500F06D0E16DC90625D5204601F0E0F961
:1003200010BDE06D40F40070E065206801680907C9
:1003300016D505F05FF878B12068C0688004002801
:100340000ADBE06D20F48070E065E06DC00403D44A
:10035000E06D40F00100E065204601F0BFF910BDFE
:10036000C0688007EBE7616D496BBDE81040084746
:1003700010B5806AC16D41F04001C165016E41F068
:100380000401016601F0ACF910BD10B5806A01F0FE
:10039000A6F910BD70B5044600688168C1F3400538
:1003A00005F018F848B345BB2068816801F00D01DD
:1003B000012914D18168124A1140891C8160216889
:1003C0000320086001F028FF054612E001F024FF39
:1003D000401B02280DD920688068C00709D0E06D55
:1003E00040F01000E065206E40F001002066012022
:1003F00070BD20688068C007E8D1002070BD000093
:10040000C0FFFF7FF8B5044600200090206804F08C
:10041000E1FFE8BB20688168214A11422ED1816842
:10042000D6433140491C81601E48806800F0E0706E
:1004300000020DD51C481D490068B0FBF1F0401CBE
:1004400000EB4000800000E0401E00900028FBD13F
:1004500001F0E2FE05461CE004F0BCFF20B9206874
:1004600081683140491C816001F0D6FE401B0228A2
:100470000FD920680068C043C0070AD0E06D40F083
:100480001000E065206E40F0010020660120F8BDFC
:1004900004E020680168C943C907DDD10020F6E700
:1004A0003F000080000300500C000020400D0300BE
:1004B00003688B4201DD194600E00160914200DBD8
:1004C00002607047FEE74288002192B1B2F5806F6A
:1004D00015D28269816811448160026A0169114400
:1004E000016142694168114441604188491C418071
:1004F000704741708160016141604180E9E7826835
:10050000921282600269921202614268921200EEB7
:10051000102A4260D0ED0F0AB8EEC00A20EE200A81
:1005200080ED0D0A418001214170704790ED050A70
:10053000D0ED0F0AB8EEC00A20EE200A80ED0C0ABA
:10054000D0ED0D0A30EE600A80ED0E0A7047027899
:100550008168012A426801D18A1A4260438AD21A0C
:1005600083785A4392FBF1F301FB1322C260002A05
:1005700001DA1144C160704782688169D0ED100AC8
:100580008A1A90F900104A4300EE102AB8EEC00A09
:1005900020EE200A80ED090A0369026AB1EE400AE2
:1005A000D21A4A4301EE102AB8EEC11A61EE200AAF
:1005B000C0ED0B0A30EE600A80ED0A0A7047D0E900
:1005C00001128A1AC0E9021200EE102A4188F6EEE2
:1005D000000AB8EEC01A00EE101AB8EE400A20EE7B
:1005E000200AB4EEC01AF1EE10FA01DB521AC26012
:1005F00000EE102A4B42B8EEC01A00EE103AB8EEE8
:10060000C00A20EE200AB4EEC01AF1EE10FA01D8AA
:100610001144C160D0E90321114401617047000019
:1006200030B59FED7A3AD0ED100AD0ED0F1ADFED1C
:10063000783AF6EE002A21EEA30A00EEE20A9FEDD8
:10064000751AF5EEC00A21EE811A00EEE21AF1EEFB
:1006500010FA01DD012300E00023B5EEC00AF1EE3F
:1006600010FA01DD012200E00022B5EEC01AF1EE21
:1006700010FA01DD012100E00021890001EB4201B7
:10068000CC18B0F8481000EE101AB8EE400A9FEDF2
:10069000621A90ED112A072C20EE010A20EE201A92
:1006A00060EEA30AFFEE083A81EE020AB7EE081ADE
:1006B00061EEA33A21EE814A01EE101A01EE901A82
:1006C000B8EE411AF8EE611A24EE014A63EEA13A3F
:1006D00001EE101A01EE901AB8EE411AF8EE611A06
:1006E00000EE814A40EEA13A84EE021AC3EE821A6D
:1006F00021D2DFE804F020071B04110C1600F1EEF4
:10070000610A1CE0F0EE610AB0EE410A17E0F0EE7B
:10071000400AB1EE410A12E0F1EE400AB0EE610A81
:100720000DE0F1EE410AB1EE610A08E0F0EE410A97
:10073000B1EE400A03E0F0EE430AB0EE430AB0F82F
:100740004A2030EE801A01EE902AF8EE611AB4EEDB
:10075000E11AF1EE10FA0FDD01EE902AF8EE611ABF
:1007600061EEA01AC1EE810A01EE902AF8EE611A3C
:1007700061EE801A81EE810A01EE101AF5EE001A80
:10078000072CB8EE411A31EE601A31EE401A21EE14
:10079000211ABCEEC11A11EE101A8AB201EE102A0B
:1007A000B8EE411A00EEA21AFCEEC10A10EE901A41
:1007B00089B200EE901AF8EE600A40EE220ABCEE12
:1007C000E00A10EE103A9BB205D2DFE804F004080C
:1007D0001A04110D150020F84C2F418002E020F87A
:1007E0004C1F4280838030BD20F84C3F42800BE09C
:1007F00020F84C3F418002E020F84C1F438082806B
:1008000030BD20F84C2F4380818030BD00000000B7
:100810002DB25D3F2DB25DBF2DB2DD3F37B5144621
:100820000D4640F6FF7200216846FFF741FE9DED40
:10083000000AF5EE000A374AB8EEC00A20EE200A98
:10084000BDEEC00A10EE100A009010F4407109D0FD
:10085000B1F5807F14D0B1F5007F30D0B1F5407F85
:100860001ED142E0C0B232F8100000EE100AB8EE1D
:10087000400A85ED000A0098C0B2C0F1FF0042E0D6
:10088000C0B2C0F1FF0032F8100000EE100AB8EE5E
:10089000400A85ED000A0098C0B21EE084ED000A0F
:1008A000D5ED000A9FED1C0A60EE800AC5ED000A36
:1008B000D4ED000A20EE800A84ED000A3EBDC0B2ED
:1008C00032F81000404200EE100AB8EEC00A85ED82
:1008D000000A0098C0B2C0F1FF0032F81000404298
:1008E00000EE100AB8EEC00AD8E7C0B2C0F1FF00AF
:1008F00032F81000404200EE100AB8EEC00A85ED52
:10090000000A0098C0B232F8100000EE100AB8EEEB
:10091000400AC3E7C6DB000840DAFF37D0E902121D
:100920008A1AC0E9031200EE102A8188F6EE000A46
:10093000B8EEC01A00EE101AB8EE400A20EE200AF7
:10094000B4EEC01AF1EE10FA01DB521A026100EEA9
:10095000102A4B42B8EEC01A00EE103AB8EEC00AA8
:1009600020EE200AB4EEC01AF1EE10FA01D81144BC
:10097000016190ED040AD0ED050AB8EEC00A20EE40
:10098000200A80ED060A704790ED000ADFED070AA5
:1009900080ED030A9FED061A20EE200AD0ED010A31
:1009A00000EE810A80ED040A704700003ACD133F43
:1009B00039CD933F014801F030BA00008002002099
:1009C000014801F02ABA0000E00200200D49026847
:1009D0008A4201D20C4901E00B492031D2B21423E2
:1009E000083AB2FBF3F2436C02F01F0223F0030358
:1009F0001944816404498031C16401219140016539
:100A00007047000008040240000802400179074ACC
:100A100002EB81024265054A4432491E826501F0BB
:100A20001F0201219140C16570470000FC0802408F
:100A300030B5D0E913456560446D14B1D0E9164571
:100A4000656090F8444004F01F050124AC40056C3B
:100A50006C60046863608368102B036803D099603E
:100A60000068C26030BD9A600068C16030BD7047E8
:100A700090ED050A9FED151AD0ED060A20EE010A49
:100A80009FED131A20EE011A90ED020AF8EEC01A3B
:100A900041EE210AB8EEC01AC0ED060AF4EEC10A12
:100AA000F1EE10FA05DBB8EEC01A70EEC10AC0ED27
:100AB000060AF5EEC00AF1EE10FA05D2B8EEC00A49
:100AC00030EE800A80ED060A7047000017B75138F3
:100AD0008D7A883C72B6FEE710B5642001F0A0FA6A
:100AE00003F008FC05F0CEF97F21234800F052F80E
:100AF0000A2001F095FA032220491F4801F0A4F8CA
:100B00003C211F4802F0CCFC1E48002102685163C2
:100B1000026891630268D16300680164194802F0B9
:100B2000CBFE0421174802F0C7FE0821154802F049
:100B3000C3FE0C21134802F0BFFE124802F070FB06
:100B4000114802F06DFB01221146104801F05FFBD5
:100B50004FF0904401220221204601F058FB01226F
:100B60000421204601F053FB20460122BDE810403D
:100B7000114601F04CBB000038000020EC030020BF
:100B8000A0010020080100205401002000040048BA
:100B900004F066BCF8B500250446009590F85800AE
:100BA0000E4601280BD0012084F858002046FFF79C
:100BB000F1FB0200E06D04D040F010002AE00220BA
:100BC000F8BD20F4885040F00200E065206881689C
:100BD000134B194006F08043194341F000418160F6
:100BE000104B20680EE00099491C0091994209D3EE
:100BF000E06D20F0020040F01000E06584F85850ED
:100C00000120F8BD8168C90FEDD1E06D20F0020030
:100C100040F00100E06584F858501046F8BD00002F
:100C2000C0FFFF3F02DE0400704700002DE9F84FCF
:100C30004FF000080446CDF800800D4694F8582087
:100C4000DFF80094616947464046012A0AD0012630
:100C5000FD4A84F8586041B1296A012905D0A36E84
:100C6000EBB129E00220BDE8F88F6868092838D187
:100C7000A96A4FF4785041B12B6801F07C0100EA79
:100C800053400843E96A084302E0296800EA5140FA
:100C90002168CB6C13400343CB64606621E0C4E958
:100CA0001971A96A286A31B101F07C01401E08431C
:100CB000E96A084300E0401E2968C1F3846329798A
:100CC00001F01F018B400343A06E401EA066616EC1
:100CD00041EA0301616604D12068C36C13400B43F1
:100CE000C364206804F072FB58B995F8250098B1E8
:100CF0002068C16895F8262021F4401141EA42514C
:100D0000C160206804F072FB8246206804F05EFB3C
:100D10005AEA00010DD0FAE095F8260095F8241063
:100D2000400540EA01512068C26822F44012114394
:100D3000E6E7A86A30B1E86A20B195F825000128F5
:100D40005DD003E095F82500012804D02068C16833
:100D500021F0007103E02068C16841F00071C160BA
:100D600095F83000012851D02068016921F0020176
:100D70000161AA6829682068B2F1004F37D004F0F9
:100D800050FB2068416921F00041416120686A6997
:100D9000C168C1F3C10149008A402969042943D0CF
:100DA00000EB81002B68016EDFF8A0C203F0F8436E
:100DB00001EA0C011343194341F000410166226826
:100DC0002869A96902EB8000026E22F080720A4352
:100DD0000266297F22682869012922D0002102EBBE
:100DE0008000026E22F000720A4302668FE0002249
:100DF00004F017FB2068416941F00041C5E7E06D50
:100E000040F02000E0654FF00108A9E7D5E90D109A
:100E100001432068026922F4FF7242F0020211438A
:100E2000A6E74FF00071DAE7002104F0C5FA4003AD
:100E300020684FF0000171D004F0BEFA90FAA0F0E3
:100E4000B0FA80F1286842036DD090FAA0F0B0FAB1
:100E500080F0814204D100221146206804F0F8FAA3
:100E60000121206804F0A8FA400320684FF0010136
:100E70005CD004F0A1FA90FAA0F0B0FA80F12868F2
:100E8000420358D090FAA0F0B0FA80F0814204D129
:100E900000220121206804F0DBFA0221206804F01E
:100EA0008BFA400320684FF0020147D004F084FA27
:100EB00090FAA0F0B0FA80F12868420343D090FA8B
:100EC000A0F0B0FA80F0814204D100220221206813
:100ED00004F0BEFA0321206804F06EFA4003206893
:100EE0004FF0030132D004F067FA90FAA0F0B0FAA4
:100EF00080F1286842032ED090FAA0F0B0FA80F07A
:100F0000814204D100220321206804F0A1FA206864
:100F100004F064FA10B3B3E000E004E004F04CFA2B
:100F2000C0F384618EE7C0F3846092E704F044FA72
:100F3000C0F38461A3E7C0F38460A7E704F03CFA40
:100F4000C0F38461B8E7C0F38460BCE704F034FA0E
:100F5000C0F38461CDE7C0F38460D1E721682A7BC8
:100F6000286851F8B03FC0F3120C23EA0C0302F0DA
:100F7000180C374A22FA0CF2024013430B60E9685E
:100F800049457DD1286841031AD090FAA0F1B1FA01
:100F900081F1491C01F01F0109294FEA403130D885
:100FA000002910D090FAA0F1B1FA81F101F101010C
:100FB00001F01F0106FA01F608D1C0F3846109E0CF
:100FC000C0F38461E5E7C0F38461EFE790FAA0F134
:100FD000B1FA81F101F1010101F01F0146EA8161DD
:100FE00002D1C0F3846003E090FAA0F0B0FA80F080
:100FF00000F1010000F01F0000EB400041EA005149
:101000003AE000290DD090FAA0F1B1FA81F101F196
:10101000010101F01F0106FA01F605D1C0F3846158
:1010200006E0C0F38461F2E790FAA0F1B1FA81F131
:1010300001F1010101F01F0146EA81610BD1C0F30A
:1010400084600CE000007F400040100400F0FF03CB
:10105000FFFF070014E090FAA0F0B0FA80F000F172
:10106000010000F01F002B4A00EB400002EB005093
:1010700041EA000141F00071AA68206804F0D1F94A
:1010800025482968014240D0244A9068244B00F04A
:10109000E070994202D0234B99421BD1030219D42C
:1010A0002168B1F1A04F30D1916840F4000021F0E7
:1010B000E071014391601C481C490068B0FBF1F0ED
:1010C000801C00EB4000800000E0401E00900028E3
:1010D000FBD11AE0164D174BA94207D1C50105D423
:1010E0002168994211D040F0807009E0124DA94268
:1010F0000BD1410209D42168994206D040F4800006
:10110000916821F0E0710143916084F85870404685
:10111000A9E50000000020FE000008800003005048
:10112000000021C31000C0900C000020400D0300FF
:10113000000052C700010050000084CB10B54FF0F2
:10114000A040D0F880110F4C2167D0F88401A0672F
:10115000B4F89C00E0660C480068206404F094FE3B
:101160000A48B4F8F010026851630268B4F8F2104B
:1011700091630268B4F8F410D163006840F6650129
:10118000016410BD50030020240400400801002029
:10119000704700002DE9F04104464548806800F0A2
:1011A0001F05206804F012F908BB2068C168C06CF4
:1011B00001F0004110F4C07F00D191B194F85800C3
:1011C000012814D0012084F858002046FFF71AF9AE
:1011D00001004FF000070CD084F858700846BDE8B5
:1011E000F081E06D40F02000E0650120F7E702208B
:1011F000F5E7E06DC00504D5206E20F008002066FC
:1012000000E02766E06D42F20102904340F4805016
:10121000E065284B20684FF0A046984201D1324645
:1012200000E00246824200D01DB9E26D22F4801235
:10123000E2656022026084F858702068C2689202F9
:1012400003D5426842F480624260A06908282068A1
:10125000426807D022F0400242602068426842F0B3
:10126000200206E022F0200242602068426842F03C
:10127000400242602068984201D1324600E00246B6
:10128000824209D045B1062D06D0072D04D0E06D6D
:1012900040F48010E065A1E7C26812F0007F9DD1A4
:1012A0008268054B1A4042F00802826096E700000F
:1012B0000003005000010050C0FFFF7F70477047DF
:1012C0002DE9F84F00270446009790F85800DFF802
:1012D000D8930D46B846012810D0012684F85860EE
:1012E000206804F07FF858B1E06D40F02000E06520
:1012F000012784F858803846BDE8F88F0220FBE7C4
:10130000D5E900210C23206803EA91131844036BEC
:1013100001F01F014FF01F0C0CFA01FCC2F38462B4
:1013200023EA0C038A4013430363206804F05AF84D
:101330008246206804F046F85AEA00013CD1AA68C7
:1013400029682068B2F1004F37D004F05BF82068BC
:10135000416921F00041416120686A69C168C1F3B7
:10136000C10149008A402969042931D000EB81007C
:101370002B68016EDFF834C303F0F84301EA0C0177
:101380001343194341F00041016622682869A969A5
:1013900002EB8000026E22F080720A430266297F0F
:1013A00022682869012910D0002102EB8000026E1A
:1013B00022F000720A4302667DE0002204F022F867
:1013C0002068416941F00041C5E74FF00071ECE74A
:1013D000002103F0EBFF400320684FF0000171D0C3
:1013E00003F0E4FF90FAA0F0B0FA80F1286842031D
:1013F0006DD090FAA0F0B0FA80F0814204D10022C2
:101400001146206804F01CF80121206803F0CEFF8B
:10141000400320684FF001015CD003F0C7FF90FA51
:10142000A0F0B0FA80F12868420358D090FAA0F0FA
:10143000B0FA80F0814204D100220121206803F03B
:10144000FFFF0221206803F0B1FF400320684FF046
:10145000020147D003F0AAFF90FAA0F0B0FA80F1A1
:101460002868420343D090FAA0F0B0FA80F081429D
:1014700004D100220221206803F0E2FF032120684A
:1014800003F094FF400320684FF0030132D003F0D3
:101490008DFF90FAA0F0B0FA80F1286842032ED0B8
:1014A00090FAA0F0B0FA80F0814204D1002203212A
:1014B000206803F0C5FF206803F08CFF10B3AAE09A
:1014C00000E004E003F072FFC0F384618EE7C0F334
:1014D000846092E703F06AFFC0F38461A3E7C0F37E
:1014E0008460A7E703F062FFC0F38461B8E7C0F34C
:1014F0008460BCE703F05AFFC0F38461CDE7C0F31A
:101500008460D1E721682A7B286851F8B03FC0F396
:10151000120C23EA0C0302F0180C654A22FA0CF2B2
:10152000024013430B60E968494574D128684103C0
:101530001AD090FAA0F1B1FA81F1491C01F01F0113
:1015400009294FEA403130D8002910D090FAA0F193
:10155000B1FA81F101F1010101F01F0106FA01F672
:1015600008D1C0F3846109E0C0F38461E5E7C0F30A
:101570008461EFE790FAA0F1B1FA81F101F1010184
:1015800001F01F0146EA816102D1C0F3846003E0EB
:1015900090FAA0F0B0FA80F000F1010000F01F0016
:1015A00000EB400041EA005131E000290DD090FAF3
:1015B000A0F1B1FA81F101F1010101F01F0106FA78
:1015C00001F605D1C0F3846106E0C0F38461F2E75F
:1015D00090FAA0F1B1FA81F101F1010101F01F01CE
:1015E00046EA816102D1C0F3846003E090FAA0F082
:1015F000B0FA80F000F1010000F01F002D4A00EB6E
:10160000400002EB005041EA000141F00071AA687D
:10161000206803F0F7FE2848296801423FF469AECC
:10162000264A9068264B00F0E070994202D0254B84
:1016300099421CD103021AD42168B1F1A04F7FF462
:1016400058AE916840F4000021F0E07101439160D0
:101650001D481E490068B0FBF1F0401C00EB400043
:10166000800000E0401E00900028FBD141E6184DAC
:10167000184BA94207D1C50105D421689942F5D07C
:1016800040F0807009E0144DA942EFD14102EDD441
:1016900021689942EAD040F48000916821F0E0711D
:1016A0000143916025E6000000007F4000F0FF0349
:1016B000FFFF0700000020FE00000880000300502C
:1016C000000021C31000C0900C000020400D03005A
:1016D000000052C700010050000084CB70477047E3
:1016E000704700002DE9F05F044600680668456811
:1016F000DFF854B2DBF8080000F01F07B0070ED582
:10170000A8070CD5E06DC00603D4E06D40F400607E
:10171000E0652046FFF788FA216802200860DFF8BC
:101720002CA270074FF0A04801D5680703D43007FA
:1017300037D5280735D5E06DC00603D4E06D40F4F9
:101740000070E065206803F055FE20B32068504526
:1017500001D1414600E00146814208D03FB1052F4A
:1017600005D0092F03D0504503D1414602E0C1689E
:1017700001E00146C96889040DD4016809070AD54A
:1017800003F030FE58B3E06D40F01000E065206ECD
:1017900040F0010020662046FFF7A0FF21680C20E2
:1017A0000860B00601D5A80603D4700658D56806AF
:1017B00056D5E06DC00603D4E06D40F40050E065FE
:1017C0002068C16C11F4C07F1AD00021894603F053
:1017D00011FE02462068504514D1414613E02068AE
:1017E000416821F00C014160E06D20F48070E065FB
:1017F000E06DC004CFD4E06D40F00100E065CAE7C1
:101800000121E3E70146814208D03FB1062F05D010
:10181000072F03D0504503D1414602E0C16801E0E3
:101820000146C968B9F1000F14D08B0102D58AB105
:101830008A040FD4026852060CD589020AD403F038
:10184000C1FDE8B3E06D40F01000E065206E40F0AF
:10185000010020662046FFF771FC216860200860C7
:1018600030060BD5280609D5E06D40F48030E065E0
:10187000204600F065F9216880200860F0050CD54D
:10188000E8050AD5E06D40F40030E0652046FFF73A
:1018900015FD21684FF480700860B0050CD5A805CF
:1018A0000AD5E06D40F48020E0652046FFF707FD93
:1018B00021684FF400700860F0062ED5E80600E0BD
:1018C00008E02AD5E06BD0B1AFB1DBF8080000F436
:1018D000604013E02068416821F060014160E06DE4
:1018E00020F48050E065E06DC005B3D4E06D40F0B9
:1018F0000100E065AEE72068C068C00750B1E06D48
:1019000040F48060E065206E40F0020020662046D2
:10191000FFF7E6FE216810200860700512D5680503
:1019200010D5E06D40F48040E065206E40F0080086
:10193000206621684FF4806008602046BDE8F05FB3
:10194000FFF726BCBDE8F09F0003005000010050E7
:10195000F8B54FF0000504002E46009502D0E06D6A
:1019600010B107E00120F8BD204600F0EBF8266634
:1019700084F8586020688168C1F3407119B18168AA
:10198000674A1140816020688168C1F3007189B99C
:101990008168644A114041F0805181606248634926
:1019A0000068B0FBF1F04000801C00E0401E009099
:1019B0000028FBD120688168C1F3007141B9E16D55
:1019C00041F01001E165216E41F001012166012520
:1019D00003F008FDE16DC90600D430B1E06D40F0C0
:1019E0001000E06501252846F8BDE06D20F4807008
:1019F00040F00200E065206803F0ECFC88B94FF08D
:101A0000A04080684A49C0F300008968C1F3000122
:101A1000084306D1474960688A6822F47C12024371
:101A20008A60E168E06B627F0843A16841EA423165
:101A3000084394F8241040EA0140012904D1218D83
:101A40003D4A02EB41410843E16A29B101F4787152
:101A5000226B014342EA01002168CA68374B1A40F1
:101A60000243CA6020680169626B21F04061114342
:101A70000161206803F0A6FC70BB207F94F8381049
:101A8000800340EA41012068C26844F202039A439D
:101A90000A43C26020690028206801690AD041F425
:101AA00080310161206850F8C01F22696FF30D0179
:101AB000114307E021F480310161206850F8C01F14
:101AC0006FF30D01016094F8400001280CD02068EC
:101AD000016921F001010161606901282068016B41
:101AE00021F00F0110D012E0D4E911100143D4E924
:101AF0001302104301432068026940F2FC739A43C9
:101B0000114341F00101E6E7226A521E11430163CD
:101B1000E06D20F0020040F00100E06563E70000A6
:101B2000C0FFFF5FC0FFFF7F0C000020400D0300DF
:101B300000010050000300500000FEFF0740F0FFCE
:101B400070470000F0B597B0064614216846FEF7CE
:101B500099FB442105A8FEF795FB3549306888427A
:101B600063D1C00105908003149005A800F052FCD9
:101B700008B1FEF7AFFF2F49C86C40F40050C864AD
:101B8000C86C00F400501690C86C40F00100C864A6
:101B9000C86C00F001001690C86C40F00400C864E6
:101BA000C86C00F004001690C86C40F00200C864D5
:101BB000C86C032400F002001690502000258DE828
:101BC000310069464FF0904000F03CFA2027009722
:101BD00069461948CDE9014500F034FA48F204009D
:101BE0008DE831006946154800F02CFA154C144870
:101BF00020602420C4E901058020C4E9035040008E
:101C0000606180002562C4E90607204600F062F9A1
:101C100008B1FEF75FFF7465002201211220A66261
:101C200000F060FB122000F04FFB17B0F0BD000089
:101C30000001005000100240000800480004004865
:101C400008000240800200202DE9F041044634489B
:101C500017468846806800F01F05206803F0C2FB25
:101C600000285AD194F85800012856D0012084F851
:101C70005800002625B1052D02D0092D00D003E023
:101C80002046FEF7BFFB18B184F85860BDE8F0812C
:101C9000E06D40F60161884340F48070E0652149C1
:101CA0002068884202D14FF0A04100E00146814205
:101CB00000D01DB9E06D20F48010E065E06DC00437
:101CC00004D5206E20F00600206600E02666616DD7
:101CD0001548C862616D15480863616D1448486312
:101CE00021681C20086084F858602068416841F031
:101CF000100141602068C16841F00101C1602168A4
:101D00003B4642464031606D00F044F921688A68E4
:101D1000084B1A40121D8A60B8E70220B6E700009F
:101D20000003005000010050090300088B03000865
:101D300071030008C0FFFF7F10B590F82520002137
:101D40000123022A03D00421C163012122E0026899
:101D5000146824F00E041460826C146824F48074F7
:101D600014600268146824F00104146090F84420A0
:101D7000046C02F01F0203FA02F26260D0E913243D
:101D80005460426D32B1146824F480741460D0E958
:101D90001624546080F82530002280F8242008465C
:101DA00010BD70B590F825100024012223460229A9
:101DB00007D00421C16380F8252080F82430012455
:101DC00029E001680D6825F00E050D6001680D68B9
:101DD00025F001050D60816C0D6825F480750D609E
:101DE00090F84410154601F01F018A40016C4A60CA
:101DF000D0E913124A60416D31B10A6822F4807251
:101E00000A60D0E916124A6080F8255080F8243024
:101E1000816B01B18847204670BDF0B4016C0B683E
:101E200001680A6890F84440042504F01F0405FA8C
:101E300004F61E4211D056070FD50A68920603D445
:101E40000A6822F004020A6090F8441001F01F01B1
:101E50008D40016C4D60016B1DE0022606FA04F70F
:101E60001F424FF0000C4FF0010518D0970716D510
:101E70000A68920605D40A6822F00A020A6080F80D
:101E8000255090F8441001F01F018E40016C4E6007
:101E900080F824C0C16A00291AD0F0BC084708267F
:101EA000A6401E4214D0120712D50A6822F00E0274
:101EB0000A6090F84410026C01F01F0105FA01F16C
:101EC0005160C56380F8255080F824C0416BE2E77B
:101ED000F0BC704770B504000CD02B4A2068142168
:101EE000904209D2294A0244B2FBF1F189006164AF
:101EF00027490AE0012070BD234A52420244B2FB46
:101F0000F1F189006164204908392164022184F8D3
:101F10002510016847F6F0729143D4E902231A4371
:101F2000D4E904352B431A43A3691A43E3691A43DE
:101F3000236A1A430A4302602046FEF747FDA06861
:101F40000025B0F5804F00D16560A16C2079086054
:101F5000D4E9130141606068401E032808D8204678
:101F6000FEF754FD606D0560D4E91601416002E0A2
:101F70006565A565E565E563012084F8250084F8BD
:101F80002450002070BD000008040240F8FFFDBF8F
:101F90000000024070B5044690F824000025012896
:101FA0000CD0012084F8240094F825600020012E34
:101FB00006D084F824000225284670BD022070BD9A
:101FC000022684F82560E0632068066826F0010692
:101FD00006602046FEF72CFD206B00282068016873
:101FE00002D041F00E0106E021F0040101602068FA
:101FF000016841F00A010160A06C0168C90303D5C2
:10200000016841F480710160606D18B1016841F4AC
:10201000807101602068016841F001010160CBE737
:1020200070B5044600F0F8F80546601C02D004487C
:102030004068044400F0F0F8401BA042FAD370BDA1
:10204000000000202DE9F84FDFF888910022A9F167
:10205000040B03274FF00F0C09F1040AABF1040E37
:10206000B1E0012595402B4073D00C7904F00304B6
:10207000012C01D0022C15D18668540007FA04F80F
:1020800026EA0806D1F80C8008FA04F848EA06089F
:10209000C0F808804468AC430D79C5F3001595403D
:1020A000254345600C79E443A40708D0C568540073
:1020B00007FA04F6B5438E68A6402E43C6600C7935
:1020C00004F00304022C11D1D40800EB8406356A15
:1020D0005407E40E0CFA04F825EA0805D1F810803C
:1020E00008FA04F848EA0508C6F820800568540094
:1020F00007FA04F6B5430E7906F00306A6402E4310
:1021000006604C6814F4403F5CD0334C256E45F0BB
:1021100001052566246E22F0030504F001040094F5
:102120002E4C05EB0408D8F808509407260F0CFA3B
:1021300006F4A543B0F1904F04D0294CA04203D13E
:10214000012417E0002415E0264CA04202D102240D
:1021500010E037E0244CA04201D103240AE0234CD4
:10216000A04201D1042405E0214CA04201D1052464
:1021700000E00624B4402C43C8F80840D9F80040D9
:102180004D464E689C43F60200D51C432C60DAF89D
:10219000004055464E689C43B60200D51C432C6057
:1021A000DBF800405D464E689C43B60300D51C43F7
:1021B0002C60DEF8004075464E689C43F60300D55F
:1021C0001C432C60521C0B6833FA02F47FF449AFB5
:1021D000BDE8F88F080401400010024000000140F3
:1021E0000004004800080048000C004800100048A7
:1021F000001400480069084000D00120704742697F
:1022000021EA02030A4043EA0241816170470AB1B0
:1022100081617047816270470148806870470000A3
:1022200000000020024881684268114481607047C4
:102230000000002010B50024032000F073F80F20E8
:1022400000F008F808B1012401E000F025F820466C
:1022500010BD000070B50E4E05460024706898B1A0
:102260004FF47A71B1FBF0F00A490968B1FBF0F064
:1022700000F0BDFE40B9102D06D200222946501EA6
:1022800000F030F8356000E00124204670BD000009
:10229000000000200C0000200A4882B0016E41F0CE
:1022A00001010166016E01F001010091816D41F0B3
:1022B00080518165806D00F08050009002B000F088
:1022C000A1B8000000100240002809DB00F01F0246
:1022D000012191404009800000F1E020C0F8001188
:1022E00070470000F0B40E4B1B68C3F30223C3F128
:1022F0000704042C00D904241D1D072D01D200233E
:1023000000E0DB1E012606FA04F56D1E0D409D401F
:102310009E40761E164045EA0601F0BC05F038BC2A
:102320000CED00E0064A00F0070110684FF6FF03CD
:10233000184040EA0120034908431060704700003C
:102340000CED00E00000FA052B492C4B0A68322105
:102350004A432B4940B1B0F5007F086829D020F4EA
:10236000C06040F480602CE00868C0F3412002287F
:1023700004D051F8800F20F4807022E0D1F8800062
:1023800020F48070C1F88000086820F4C06040F438
:1023900000700860B2FBF3F0401C00E0401E4A6988
:1023A000520501D50028F9D1486940050AD5032016
:1023B0007047C0F34120022806D051F8800F40F446
:1023C0008070086000207047D1F8800040F4807071
:1023D000C1F88000086820F4C06040F40070086014
:1023E000B2FBF3F0401C00E0401E4A695205DBD509
:1023F0000028F9D1D8E700000C00002040420F006F
:10240000007000400248816841F48041816070475B
:10241000007000402DE9F84F044600260068A24DE8
:10242000374600035CD5A86D4FF00009C00009D401
:10243000A86D40F08050A865A86D4FF0010900F02C
:1024400080500090DFF864A2DAF8001041F4807147
:10245000CAF80010FFF7E0FE804607E0FFF7DCFE59
:10246000A0EB0800022801D9032631E0DAF80000C9
:10247000C005F3D566BBD5F8900010F4407014D0B9
:10248000216C814211D0D5F89000D5F8901020F43D
:10249000407041F48031C5F89010D5F8901021F4C7
:1024A0008031C5F89010C5F89000C0074ED0FFF7F6
:1024B000B3FE804641F2883A05E0FFF7ADFEA0EB9F
:1024C00008015145D0D8D5F890008007F5D5EEB376
:1024D0003746B9F1000F03D0A86D20F08050A865F1
:1024E0002078C00707D0D5F88800616820F0030085
:1024F0000843C5F888002078800707D5D5F88800FC
:10250000A16820F00C000843C5F888002078400737
:1025100007D5D5F88800E16820F030000843C5F8F9
:1025200088002078000707D5D5F88800216920F0B9
:10253000C0000843C5F888002078800609D5D5F882
:102540008800616920F44060084300E03DE0C5F880
:1025500088002078400607D5D5F88800A16920F4C6
:1025600040500843C5F888002078000607D5D5F804
:102570008800E16920F440400843C5F888002088BD
:10258000C00507D5D5F88800216A20F440300843FB
:10259000C5F888002088800507D5D5F88800616ACD
:1025A00020F440200843C5F888002088400519D54C
:1025B000D5F88800A16A20F440100843C5F88800C7
:1025C000A06AB0F5801F09D00CE0D5F89000216C0E
:1025D00020F440700843C5F890007AE7E86840F4BA
:1025E0008010E860208800050FD5D5F88800E16AE2
:1025F00020F440000843C5F88800E06AB0F5800F79
:1026000003D1E86840F48010E8602088C0040FD54A
:10261000D5F88800216B20F040700843C5F8880089
:10262000206BB0F1807F03D1E86840F48010E8604F
:10263000208881044FF000600ED5D5F88810626BB9
:1026400021F040611143C5F88810616B814203D1CC
:10265000E96841F48011E960218849040ED5D5F874
:102660008810A26B21F040611143C5F88810A16B5E
:10267000814203D1E86840F48010E86020880004BB
:102680000FD5D5F88800E16B20F040500843C5F81D
:102690008800E06BB0F1805F03D1E86840F48030DF
:1026A000E8603846BDE8F88F001002400070004036
:1026B0002DE9F0470D4604004FF0000725D0DFF864
:1026C000A091D9F8000000F00F00A8420CD2D9F870
:1026D000001021F00F012943C9F80010D9F80000BB
:1026E00000F00F00A84210D121685E4EC80741F2E9
:1026F000883A52D06068DFF87081032808D0022839
:10270000306826D04005002825DB0120BDE8F08791
:1027100030688001F9D5F068F068544BC0F30310BD
:10272000401CB3FBF0F0F268C2F306225043F2689B
:10273000C2F34162521C5200B0FBF2F0404515D981
:10274000B06810F0F00F0AD088070FD5A06830B13C
:102750000CE08003D7E700F0B5F8404506D9B06833
:1027600020F0F00040F08000B0608027B068616821
:1027700020F003000843B060FFF74EFD804605E0FF
:10278000FFF74AFDA0EB080151453BD8B0686168EE
:1027900000F00C00B0EB810FF2D12068810714D556
:1027A000400703D5B06840F4E060B06020780007CF
:1027B00005D5B06820F4605040F4E060B060B068C7
:1027C000A16820F0F000084304E0802F03D1B06836
:1027D00020F0F000B060D9F80010484601F00F0179
:1027E000A94217D90168C84621F00F0129430160A9
:1027F000FFF712FD0746D14606E0FFF70DFDC11BAE
:10280000494501D9032081E7D8F8000000F00F0006
:10281000A842F2D12078400705D5B068E16820F4DD
:10282000E0600843B0602078000706D5B0682169F1
:1028300020F4605040EAC100B06000F043F8B16895
:102840000B4AC1F30311515C01F01F01C840094953
:10285000086009480068BDE8F047FFF7FBBC0000CE
:10286000002002400010024000B4C4040024F40020
:10287000807C00080C00002000000020054806496C
:1028800000688968054AC1F30221515C01F01F010B
:10289000C84070470C00002000100240907C0008E7
:1028A0000548064900688968054AC1F3C221515CA0
:1028B00001F01F01C84070470C00002000100240CA
:1028C000907C0008134A9068C0F3810112480129E6
:1028D0000AD09168C1F38101022905D09168C1F342
:1028E0008101032901D000207047D16801F0030362
:1028F000D168C1F30311491CB0FBF1F0D168C1F3F9
:1029000006214843D168C1F34161491C4900B0FB2D
:10291000F1F07047001002400024F4002DE9F84364
:10292000040078D02078F54DC00745D0A868E96844
:1029300000F00C0001F003010C2802D0082817D089
:1029400001E0032914D06068B0F5803F17D0B0F5DE
:10295000A02F286817D020F480302860286820F441
:10296000802028606068D8B1FFF756FC064613E067
:102970002868800320D560680028D2D01CE0286831
:1029800040F48030EDE740F480202860F7E7FFF75F
:1029900043FC801B64286ED828688003F7D50BE0C1
:1029A000FFF73AFC064604E0FFF736FC801B64287C
:1029B000F1D828688003F7D4207880074BD5A86821
:1029C000E96800F00C0001F003010C2802D0042893
:1029D0000DD001E002290AD0E068002828682BD039
:1029E00040F480702860FFF717FC064619E028685D
:1029F000400502D5E068002893D06868217C20F06B
:102A0000FE4040EA01606860BD480068FFF722FCB4
:102A1000002800D11FE06DE1FFF7FEFB801B0228BC
:102A2000B9D828684005F7D56868217C20F0FE40B9
:102A300040EA016068600EE020F480702860FFF7D3
:102A4000EBFB064604E0FFF7E7FB801B0228A2D859
:102A500028684005F7D42078000728D56069002849
:102A6000D5F8940012D040F00100C5F89400FFF7AB
:102A7000D3FB064605E08FE0FFF7CEFB801B022864
:102A800089D8D5F894008007F6D510E020F0010031
:102A9000C5F89400FFF7C0FB064604E0FFF7BCFB57
:102AA000801B022878D8D5F894008007F6D42078C7
:102AB000400761D5A86D0027C00008D4A86D40F07C
:102AC0008050A865A86D012700F0805000908D48C7
:102AD0000168C90511D40168804641F48071016024
:102AE000FFF79AFB064604E0FFF796FB801B0228DF
:102AF00052D8D8F80000C005F6D5A068012815D036
:102B00000528D5F8900016D020F00100C5F89000F7
:102B1000D5F8900020F00400C5F89000A06841F2BC
:102B20008838B8B1FFF778FB06460EE0D5F890007C
:102B300040F00100F0E740F00400C5F89000F5E730
:102B4000FFF76AFB811B414526D8D5F89000800726
:102B5000F6D50CE0FFF760FB064604E0FFF75CFBF0
:102B6000811B414518D8D5F890008007F6D41FB1D5
:102B7000A86D20F08050A8652078800628D5A0692F
:102B80000028D5F8980012D040F00100C5F8980050
:102B9000FFF742FB064605E072E0FFF73DFB801BB6
:102BA00002286DD8D5F898008007F6D510E020F0FF
:102BB0000100C5F89800FFF72FFB064604E0FFF779
:102BC0002BFB801B02285BD8D5F898008007F6D431
:102BD000E069E8B3A968C1F3810103295BD0022849
:102BE000286820F08070286003D0FFF715FB0446AA
:102BF00049E0FFF711FB064604E0FFF70DFB801BE1
:102C000002283DD828688001F7D4F4E908016FF064
:102C10000F0202EB01110843218A5204490802EB1A
:102C20004151A26841EA02210843217D4FF07E42D2
:102C3000490802EB41610843217B40EAC160E96831
:102C4000314A11400843E860286840F0807000E095
:102C500052E02860E86840F08070E860FFF7DCFA36
:102C6000044604E0FFF7D8FA001B022808D82868B9
:102C70008001F7D540E0FFF7CFFA001B022802D908
:102C80000320BDE8F88328688001F4D4E8681F4970
:102C90000840E86030E00128F3D0E868226A00F0DC
:102CA0000301914226D1616A00F0F0020901103956
:102CB00091421FD1A26A00F4FE41B1EB022F19D15B
:102CC00094F82C2000F07841B1EBC26F12D1218E24
:102CD00000F4C00249084905A1F50011914209D14B
:102CE00094F8341000F0C06049084906A1F1007161
:102CF000814201D00120C4E70020C2E70010024059
:102D000000000020007000400C809F01FCFFEEFEE0
:102D100070B5040009D0606A002540B12561656185
:102D2000A56294F85D0040B10CE0012070BD6068C0
:102D3000B0F5827FF4D0E561F2E784F85C5020467C
:102D400000F05CF8022084F85D002068016821F042
:102D500040010160E0684FF4E062904201D9002137
:102D600001E04FF48051B0F5706F02D0904200D076
:102D7000A562A088228900F4827002F40442104304
:102D8000227C02F002021043227D02F00102104375
:102D9000228B02F400721043227F02F038021043AB
:102DA00094F8202002F080021043228D02F4005299
:102DB000104322681060A069042202EA104094F8CF
:102DC000242001F4805102F01002104394F83420C2
:102DD00002F008021043A28902F470621043084313
:102DE000216848602068C16921F40061C1612566DD
:102DF000012084F85D00002070BD000010B586B091
:102E0000044614216846FDF73DFA134920688842BC
:102E10001FD11248816D41F400418165816D01F43B
:102E200000410591C16C41F00401C164C06C694668
:102E300000F0040005904FF4A05000900220019093
:102E40000020029003200390062004900448FFF71E
:102E5000F9F806B010BD0000003C00400010024030
:102E6000000800482DE9F84F1D4617468A460446DB
:102E7000FFF7D2F9064694F85D00012826D1BAF191
:102E8000000F6FD0002F6DD094F85C0001281DD08A
:102E90004FF0010984F85C90032084F85D004FF046
:102EA0000008C4F86080C4F838A0A787E787C4F892
:102EB0004080A4F84480A4F84680C4F85080C4F848
:102EC0004C80A068B0F5004F03D00CE00220BDE8B4
:102ED000F88F2068016821F04001016020680168D6
:102EE00041F48041016020680168490603D401680B
:102EF00041F040010160E068B0F5E06F606822D900
:102F000008B1012F1BD1A06B21680088C86006E0C2
:102F100020688168890709D5A16B0988C160A06B09
:102F2000801CA063E08F401EE08708E0FFF774F983
:102F3000801BA84202D3681C01D045E0A5B3E08FF6
:102F40000028E5D135E008B1012F2FD1E08F01280D
:102F5000A06B03D921680088C86010E02168007860
:102F6000087314E041E0E08720E020688168890769
:102F700013D5E18F0129A16B07D90988C160A06B26
:102F8000801CA063E08F801EEDE709780173A06BC1
:102F9000401CA063E08F401EE5E7FFF73DF9801B72
:102FA000A84202D3681C01D00EE06DB1E08F00286A
:102FB000DBD132462946204603F016F908B120201D
:102FC0002066A06830B109E084F85D9084F85C80E8
:102FD00003207CE72068C1688068009084F85D90D9
:102FE00084F85C80206E0028F3D001206FE710B5D4
:102FF000401EB0F1807F01D3012010BD4FF0E024CE
:1030000060610F21601704F0C3FD0020A06107205C
:103010002061002010BD70477047704730B590F8B0
:103020003C20012A42D0012280F83C20CA688B68EB
:1030300022F440721A434B6822F480621A430B68F0
:1030400022F400621A430B6922F480521A434B693E
:1030500022F400521A430B6B22F480421A430B8B6A
:1030600022F4702242EA0342CB6922F080521A43D2
:103070000F4D03680024AB4202D00E4DAB4210D17D
:103080000D8D22F4700242EA05520D6A22F0807220
:103090002A434D6A22F000722A43C96A22F0005284
:1030A0000A435A6480F83C40002030BD022030BD05
:1030B000002C014000340140704770477047000009
:1030C000F0B590F83C20012A3AD0012580F83C5018
:1030D000022280F83D2003685A689C68194E1A4FF6
:1030E000B34201D0BB4204D122F4700C4A6842EAD8
:1030F0000C02DFF858C002EA0C02D1F800C04CEA1A
:10310000020CC3F804C00268B2420DD0B2F1804F85
:103110000AD00F4B9A4207D00E4B9A4204D0BA42C3
:1031200002D00D4B9A4204D1896824F080031943E0
:10313000916080F83D50002180F83C100846F0BDB9
:103140000220F0BD002C0140003401408FFFFFFD44
:10315000000400400008004000400140704710B5E6
:10316000040003D094F83D0010B107E0012010BD29
:10317000002084F83C00204600F022F8022084F869
:103180003D00211D206803F03DFF012084F8480028
:1031900084F83E0084F83F0084F8400084F8410041
:1031A00084F8420084F8430084F8440084F8450021
:1031B00084F8460084F8470084F83D00002010BDE4
:1031C00008B50068144A154990420ED1086E40F4C3
:1031D00000600866086E002200F40060009011464E
:1031E0001920FFF77FF8192010E0B0F1804F11D1BE
:1031F000886D40F001008865886D002200F00100B4
:10320000009002211C20FFF76DF81C20BDE808404B
:10321000FFF75AB808BD0000002C01400010024022
:1032200090F83D10012901D001207047022180F85B
:103230003D100168CA6842F00102CA600068104986
:1032400088420ED0B0F1804F0BD00E49884208D092
:103250000D49884205D00D49884202D00C49884268
:1032600007D181680B4A1140062906D0B1F5803F8D
:1032700003D0016841F001010160002070470000A7
:10328000002C0140000400400008004000340140D0
:10329000004001400700010070B5044690F83C0072
:1032A0000025012814D0012684F83C60022084F80F
:1032B0003D0020688268364B1A4022F47F428260CB
:1032C000086870282ED010DC10F00F0F03D021E01A
:1032D0004FF0020070BD4FEA2012072A1AD2DFE831
:1032E00002F0525252524A3840002A4BC21A9842B7
:1032F00049D009DCB0F5805F0DD0B0F5005F1CD07F
:10330000B0F1101F06D13EE0102A3CD0202A3AD05E
:10331000502A38D0012584F83D60002084F83C0014
:10332000284670BDCB68D1E90121206803F0D5FEA5
:103330002068816841F0770109E0CB68D1E901217B
:10334000206803F0CAFE2068816841F480418160F2
:10335000E1E7CA684968206804F06AF850212068EB
:1033600006E0CA684968206804F073F860212068A4
:1033700003F0BEFECFE7CA684968206804F058F839
:1033800040212068F4E7226801461046F0E700007B
:1033900088FFCEFF200010002DE9F0410D4604000B
:1033A00003D094F83D0018B108E00120BDE8F08199
:1033B000002084F83C00204600F042F8022084F807
:1033C0003D00206881681D4A11408160211D2068F0
:1033D00003F018FE206881688269066A2B68AF696D
:1033E0000B4340F203318A4342EA0722A968EF699E
:1033F00011434FF6FC429143EA6841EA07210A4330
:1034000029692F6A090141EA073111436A686D6928
:1034100026F0AA0646EA05152A43836020688161E2
:1034200054F8480B0262012004F81F096075A0756A
:10343000E076207720750020B8E70000F8BFFEFF97
:1034400010B586B0044614216846FCF71BFF1149ED
:10345000206888421CD11048816D41F002018165CD
:10346000816D01F002010591C16C41F00201C1645E
:10347000C06C032100F00200059030200090022073
:10348000CDE902010190049069460448FEF7DAFD97
:1034900006B010BD000400400010024000040048C7
:1034A00070B590F83E50044690F83F3090F84420B4
:1034B00090F84500022621B104290BD0012D16D128
:1034C0000FE0012D13D1012A11D184F83E6084F858
:1034D000446016E0012B0AD1012808D184F83F602E
:1034E0000DE0012B03D1012A01D1012801D00120D7
:1034F00070BD84F83E6084F83F6084F8446084F8CE
:10350000456091B1042904D001220021206803F014
:10351000D7FD01220421206803F0D2FD2068016854
:1035200041F001010160002070BD012200212068EE
:10353000F2E770472DE9F04104460068C668056966
:103540004FF00007A90713D5B10711D5F91E016186
:1035500001202077206880698007204602D0FFF78D
:10356000E8FF04E000F0E2F8204600F0A4F9277735
:10357000680716D5700714D521686FF0040008613C
:10358000022020772068806910F4407F204602D016
:10359000FFF7CFFF04E000F0C9F8204600F08BF9F8
:1035A0002777280715D5300713D521686FF0080055
:1035B0000861042020772068C0698007204602D077
:1035C000FFF7B7FF04E000F0B1F8204600F073F910
:1035D0002777E80616D5F00614D521686FF010009D
:1035E0000861082020772068C06910F4407F2046D9
:1035F00002D0FFF79EFF04E000F098F8204600F0AC
:103600005AF92777E80708D0F00706D021686FF04D
:1036100001000861204600F0D3F9280601D4A8046F
:1036200008D5300606D521686FF40250086120469F
:10363000FFF7F2FCE80508D5300606D521686FF4DF
:10364000807008612046FFF7E6FC680608D5700622
:1036500006D521686FF040000861204600F0E6F9C9
:10366000A80608D5B00606D521686FF020000861CD
:103670002046FFF7D2FCE80208D5F00206D5216803
:103680006FF4801008612046FFF717FDA80208D5E7
:10369000B00206D521686FF4001008612046FFF7DC
:1036A0000BFD680208D5700206D521686FF4800012
:1036B00008612046FFF702FD28020AD5300208D52E
:1036C00021686FF4000008612046BDE8F041FFF773
:1036D00045BDBDE8F081000010B586B00446142158
:1036E0006846FCF7CFFD0E492068884215D10D4889
:1036F000C16C41F00401C164C06C002100F0040001
:1037000005900F2000900220CDE901010321CDE9B1
:10371000031069460448FEF795FC06B010BD000092
:10372000002C01400010024000080048704770B5AE
:10373000044690F83C0000260D4601280BD00120DD
:1037400084F83C000C2A4AD007DC82B1042A20D03D
:10375000082A06D131E0022070BD102A53D0142A65
:1037600063D00126002084F83C00304670BD2068FC
:1037700003F0C8FC2068816941F00801816120687C
:10378000816921F004018161206881692A691143FE
:1037900011E0206803F004FD2068816941F40061B4
:1037A00081612068816921F480618161206881697B
:1037B0002A6941EA02218161D4E7206803F038FDDB
:1037C0002068C16941F00801C1612068C16921F028
:1037D0000401C1612068C1692A69114311E02068B0
:1037E00003F06EFD2068C16941F40061C161206889
:1037F000C16921F48061C1612068C1692A6941EA17
:103800000221C161AEE7206803F0A2FD2068016DCE
:1038100041F0080101652068016D21F00401016596
:103820002068016D2A69114311E0206803F0C8FD8A
:103830002068016D41F4006101652068016D21F48B
:10384000806101652068016D2A6941EA02210165F4
:1038500088E710B5040003D094F83D0010B107E0EC
:10386000012010BD002084F83C00204600F022F822
:10387000022084F83D00211D206803F0C3FB0120D5
:1038800084F8480084F83E0084F83F0084F8400043
:1038900084F8410084F8420084F8430084F844002E
:1038A00084F8450084F8460084F8470084F83D0019
:1038B000002010BD7047704730B5044669B1042937
:1038C0000ED008290FD00C2910D0102911D094F84F
:1038D0004300012810D0012030BD94F83E00F8E7E5
:1038E00094F83F00F5E794F84000F2E794F84100BF
:1038F000EFE794F84200ECE70220E9B3042942D054
:10390000082943D00C2944D0102945D084F843001D
:103910000122206803F0D4FB21492068214A224B70
:10392000884209D0904207D0984205D01F4DA84246
:1039300002D01F4DA84203D1456C45F400454564B3
:10394000206888420CD0B0F1804F09D019498842D4
:1039500006D01949884203D0904201D0984207D13D
:103960008168164A1140062908D0B1F5803F05D07C
:10397000016841F0010100E002E00160002030BD7B
:1039800084F83E00C4E784F83F00C1E784F84000B3
:10399000BEE784F84100BBE784F84200B8E70000C6
:1039A000002C01400034014000400140004401402F
:1039B00000480140000400400008004007000100EA
:1039C00010B51349044600680968884202D11148BD
:1039D000FDF7E0FB104920680968884217D10F48BD
:1039E0000188491C01800E490888401C08800D4947
:1039F0000888401C08800C490888401C088001F099
:103A0000BBFD00F039FCBDE8104004F07BB810BDF0
:103A1000080100203800002054010020120000207E
:103A20001A000020280000202C000020704790F889
:103A30008410012918D0012180F884102421C0F8B5
:103A4000881001680A680B6823F001030B6022F0FC
:103A5000005100224266036819602021C0F88810D6
:103A600080F88420104670470220704770477047E6
:103A700070B5044690F8840001281DD0012084F818
:103A800084002420C4F8880020680568026822F0B9
:103A9000010202602068826822F060620A4382604C
:103AA000204603F031FD206805602020C4F888001E
:103AB000002084F8840070BD022070BD70B50446FB
:103AC00090F8840001281DD0012084F8840024206F
:103AD000C4F8880020680568026822F001020260CC
:103AE0002068826822F060420A438260204603F028
:103AF0000BFD206805602020C4F88800002084F8B1
:103B0000840070BD022070BD704770477047000090
:103B10002DE9F04103680446D86919689A6840F6AF
:103B20000F0528424FF000054FF002060AD1870624
:103B30007ED501F0200702F0805C57EA0C0777D0B1
:103B4000616F42E1B64FDFF8DCC2174001EA0C0CAE
:103B500057EA0C0C6CD05FEAC07C0CD05FEAC15C09
:103B600009D54FF0010CC3F820C0D4F8903043F0D1
:103B70000103C4F89030830709D5D30707D0236821
:103B80001E62D4F8903043F00403C4F89030430729
:103B90000AD5D30708D0266804233362D4F89030BE
:103BA00043F00203C4F8903003070CD501F0200362
:103BB0003B4308D0266808233362D4F8903043F0A2
:103BC0000803C4F8903003050BD54B0109D52668CE
:103BD0004FF400633362D4F8903043F02003C4F80C
:103BE0009030D4F89030002B3DD0800609D501F0FC
:103BF000200002F08051084303D0616F09B12046D4
:103C00008847D4F8900021688968490602D410F0EA
:103C1000280F2AD0204603F0A9FD206880684006BE
:103C20001ED52068083050E8001F21F0400100E058
:103C300021E040E80012002AF3D1D4F8800078B1E6
:103C400079498163D4F88000FEF7ABF800280AD0E8
:103C5000D4F88000816B00E02046BDE8F0410847C1
:103C60002046FFF753FFBDE8F0812046FFF74EFFE7
:103C7000C4F89050F7E7D4F86CC02027BCF1010FCE
:103C80007ED15FEAC06C7BD55FEAC16C78D510202D
:103C9000186220688068400651D5D4F880100A6800
:103CA00050680004000C3ED0B4F85C3083423AD92E
:103CB000A4F85E000868006880062CD4206850E8EC
:103CC000001F21F4807140E80012002AF6D120681C
:103CD000083050E8001F21F0010140E80012002ADE
:103CE000F5D12068083050E8001F21F0400140E87D
:103CF0000012002AF5D1C4F88C70E566206850E8FF
:103D0000001F21F0100140E80012002AF6D1D4F87B
:103D10008000FEF711F82667B4F85C00B4F85E1076
:103D2000401A81B207E0B4F85C1081429BD1106860
:103D3000800698D526672046FFF798FE93E7B4F8EB
:103D40005C00B4F85E10401A81B2B4F85E0000283E
:103D500089D0002987D0206850E8002F22F4907283
:103D600040E80023002BF6D12D4BDB4320680830C0
:103D700050E8002F1A4040E8002CBCF1000F00E092
:103D80000EE0F3D1C4F88C70E5666567206850E8F2
:103D9000002F22F0100240E80023002BF6D1C9E7E3
:103DA000C60209D5560207D54FF480101862204686
:103DB000BDE8F041FFF7A9BE03060AD501F0800374
:103DC00002F40002134304D0A16F00297FF444AF32
:103DD00049E7420611D54A060FD52046016851E849
:103DE000002F22F0400241E80023002BF6D1C0F85A
:103DF0008870856700F0FAF835E7020206D54A00B8
:103E000004D52046BDE8F041FFF77EBEC00195D540
:103E1000002993DA2046BDE8F041FFF728BE0000F4
:103E20000100001020010004C176000810B5040054
:103E300003D0D4F8880010B107E0012010BD0020A5
:103E400084F88400204600F027F82420C4F8880075
:103E50002068016821F001010160A06A10B12046CC
:103E600003F074FB204603F0C3FC0128E6D0206871
:103E7000416821F4904141602068816821F02A0165
:103E800081602068016841F0010101602046BDE8C1
:103E9000104003F0BFBB000070B598B00646142177
:103EA00011A8FCF7EFF944216846FCF7EBF9264925
:103EB0003068884245D101200025CDE900056846DB
:103EC000FEF7A8FA08B1FCF705FE2049086E40F499
:103ED00080400866086E00F480401690C86C40F080
:103EE0000200C864C86C11A900F002001690C0203E
:103EF00011900220CDE9120503201490072015909F
:103F00001348FEF79FF8144C124820601920606097
:103F10001020C4E902058020C4E90405A561E5611B
:103F200020462562FDF7D6FF08B1FCF7D3FDF46704
:103F3000002203212520A662FEF7D4F92520FEF7F2
:103F4000C3F918B070BD00000038014000100240F5
:103F5000000400481C000240E002002070B5044646
:103F6000D0F88800202801D0022070BD39B332B3C8
:103F70002165A4F85420A4F856200021C4F890101C
:103F80002120C4F88800E06FD8B1154BC362E36FFD
:103F900014481863E36F14485863E06F1346816355
:103FA0002068E56F00F128022846216DFDF7F2FF39
:103FB00038B11020C4F890002020C4F888000120F7
:103FC00070BD2168402008622068083050E8001F5A
:103FD00041F0800140E80012002AF5D1002070BDB8
:103FE0002177000863770008D17600087047704792
:103FF00010B5417890ED081A012290ED070AB6EE4F
:10400000003A002351BB70EE410A4188491C60EE22
:10401000830A89B24180C0ED040AF5EEC00AF1EED0
:1040200010FA03D2F1EE600AC0ED040ADFED560A81
:10403000B1F5C87F42D3A1F5C874F1EE041AC82CBB
:1040400016D3C83C0A2C0AD2C0ED031AD0ED010ADF
:10405000D0ED041A70EEA10AC0ED010A32E0A1F21F
:104060006224C82C2AD3C83CF9EE041AC82C02D208
:10407000C0ED031A26E0A1F2F2340A2C0AD2C0EDF8
:10408000031AD0ED020AD0ED041A70EEA10AC0EDB9
:10409000020A17E0B1F57F7F10D0A1F54074FD3C16
:1040A00010D142704380D0ED020AD0ED011AF4EE37
:1040B000E10AF1EE10FA04DD027003E0C0ED030A3C
:1040C00000E0037070EE010A60EE830AC0ED090A99
:1040D000D0ED0A0A90ED0B1A30EE811A21EE031A88
:1040E00080ED0C1A80ED080AC0ED0B0AD0ED0F1A16
:1040F000C0ED101A90ED131A80ED141AD0ED0D2AB0
:1041000090ED0E0A32EEC00A60EE030AC0ED0F0A0F
:1041100090ED112A90ED120A32EE400A20EE030AC9
:1041200080ED130AC0ED0E2A80ED122A017DB1B197
:10413000012913D171EEE00A31EE400AC0ED150AF3
:1041400080ED160A90ED060AB5EEC00AF1EE10FAFF
:1041500003DDB1EE400A80ED060A037510BD70EE76
:10416000E10A30EE410AC0ED150A80ED160A90ED25
:10417000060AB5EEC00AF1EE10FA03D2B1EE400A1B
:1041800080ED060A027510BD00000000FEE7D0EDCC
:104190000D0AD0ED061A90ED0E1A90ED050A20EEEC
:1041A000A12A01EE402A21EE211A00EE801A80EDAC
:1041B0000F2A80ED101A7047F0B50020214D02261D
:1041C0000127AB1C044603EB80014A7822B1012A87
:1041D00008D0022A31D12BE013F820200ABB4C80F2
:1041E0004F702AE013F8202032B14988322924D8B0
:1041F000A8B1012816D020E04A88521C92B24A8009
:10420000322A1AD310B1012803D016E02E705E7046
:1042100013E0042129700B49891C4E710DE02F70A9
:104220005C700AE0032129700649891C4C7104E086
:1042300013F82020012A00D14C70401CC0B2022883
:10424000C1D3F0BD1C00002010B54FF40071074829
:10425000FDF7D0FF064C4FF4805120700548FDF764
:10426000C9FF2071BDE81040FFF7A6BF0008004855
:104270001E0000200004004810B5094C20880A28C0
:1042800005D014280AD1FFF7DFFF0A2005E0608877
:10429000642803D3002060801420208010BD00001B
:1042A000260000202DE9F04106461D4617460C4623
:1042B0002A2001F04FF8304601F042F8384601F06C
:1042C0003FF82B2001F046F81834A0B201F038F87E
:1042D0001835A8B201F034F8BDE8F0412C2001F007
:1042E00039B808B500205023A0220146009000F004
:1042F00080FB08BD08B500F09BFB0A4800904223F4
:104300003D2207212F2000F0D6FF40F2DC50FDF7C0
:1043100087FE00205023A0220146009000F069FB98
:1043200008BD000052BC00082DE9FE43EE4F0024FA
:104330001025B8784FF6FF76401CC0B2B87001283F
:104340007ED14FF47840CDE900053346E7A2002145
:104350000294402000F0F8FC48F21F48CDE90045E7
:104360004346E4A200216020029400F0CCFFCDE996
:1043700000454346E0A200219820029400F0C3FFCC
:104380004FF6E070CDE900050023DCA21021029475
:10439000402000F0D9FCCDE900454346D5A21021CC
:1043A0006020029400F0AFFFCDE900454346D5A25E
:1043B00010219820029400F0A6FF47F67C50CDE92A
:1043C00000053346D0A220210294402000F0BCFC1E
:1043D000CDE900454346C7A220216020029400F0A9
:1043E00092FFCDE900454346C9A2202198200294BE
:1043F00000F089FF4FF4FC60CDE900050023C5A261
:1044000030210294402000F09FFCCDE90045434656
:10441000B8A230216020029400F075FFCDE900457C
:104420004346BBA230219820029400F06CFF002389
:104430003C2219461846009600F084FA1F2300E03B
:1044400053E03C2200211046009600F07BFA002247
:104450001E2311461046009600F074FA1E233C22DB
:1044600019460020009600F06DFA01233B22194600
:104470001846009600F066FA3B221E2301211046E2
:10448000009600F05FFA01221D23114610460096A7
:1044900000F058FA1D233B2219460120009600F037
:1044A00051FA0721CDE9004533469CA20846029403
:1044B00000F029FFCDE9004533469AA220210420CF
:1044C000029400F020FFCDE90045334696A230214A
:1044D0000420029400F017FFCDE90045334693A273
:1044E00040210420029400F00EFFB878022873D314
:1044F0000220B8704FF6F347DFF838820097CDE915
:10450000014598ED030ADFED8C0A0423202120EEFB
:10451000200ABCEEC00A10EE100A82B21A2000F087
:104520008BFE0097CDE9014598ED040ADFED830A83
:104530000423302120EE200ABCEEC00A10EE100A3F
:1045400082B21A2000F078FECDE9004598ED220AEB
:104550003B4604220021702000F01EFE98ED310A37
:10456000CDE900453B46B5EEC00A0294F1EE10FAE3
:104570000BD273A21021682000F0C5FECDE90045E2
:1045800098ED310AB1EE400A08E06EA210216820D1
:1045900000F0B9FECDE9004598ED310A3B46042212
:1045A0001021702000F0F8FD98ED7F0ACDE900455C
:1045B0003B46B5EEC00A0294F1EE10FA0DD260A2AD
:1045C0002021682000F09FFE0097CDE9014598ED7D
:1045D0007F0AB1EE400A0AE058E05AA22021682082
:1045E00000F091FE0097CDE9014598ED7F0A052383
:1045F0002021BCEEC00A10EE100A82B2702000F03A
:104600001BFED8F83802CDE9004500283B4602944D
:104610000BDA4BA23021682000F075FE98ED8E0A6F
:10462000F8EEC00A9FED481A0AE046A23021682041
:1046300000F069FE98ED8E0AF8EEC00A9FED431A6D
:104640003B46042280EE810A30217020CDE90045EE
:1046500000F0A2FD98F8000078B1032818D00428D3
:104660001AD0052812D198F80100072831D009285E
:104670000CD1002336A200962EE00096CDE901541D
:104680004021002336A2084600F03DFEBDE8FE832F
:10469000002336A200961FE098F801000528F5D205
:1046A000DFE800F003070B0F1300002333A200968E
:1046B00012E0002335A200960EE0002337A20096F8
:1046C0000AE0002339A2009606E000233BA20096F0
:1046D00002E000233DA20096CDE9015440210846A6
:1046E00000F032FBD2E7000014000020B5E7D1B99A
:1046F000000000003A00000056000000B5E7C1F7D6
:104700000000000041000000CBD9B6C80000000046
:1047100052000000CEBBD6C3000000004853204624
:104720004F43000052533A004C443A005354415412
:1047300055533A005003002000007A440024744985
:104740002D0000002000000000F07FC500F07F4534
:10475000CEDEB8D0B8DFC6B5D7A2C8EB00000000E7
:104760004144435F43414C4942000000B5E7BBFA76
:10477000B2CECAFDB1E6CAB600000000D7AAD7D3B0
:10478000C1E3CEBBD0A3D7BC00000000D3D0B8D0CB
:10479000B5E7C1F7BFAABBB700000000D3D0B8D0BF
:1047A000B5E7C1F7B1D5BBB700000000D3D0B8D092
:1047B000CBD9B6C8B1D5BBB700000000D3D0B8D0B4
:1047C000CEBBD6C3B1D5BBB700000000CEDEB8D09B
:1047D000C7BFCDCFBBACC4A4000000002DE9FE4391
:1047E0003D4E00241025F0784FF6FF77401CC0B2F4
:1047F000F070012852D1CDE900453B4637A208218F
:104800000420029400F0A0FACDE900453B4634A212
:1048100018210420029400F097FACDE900453B46A8
:1048200030A228210420029400F08EFACDE9004540
:104830003B462DA238210420029400F085FA4FF661
:10484000F348CDE90045434628A2002140200294C8
:1048500000F07AFACDE90045434628A21021402015
:10486000029400F071FACDE90045434627A22021C9
:104870004020029400F068FACDE90045434627A2A3
:1048800030214020029400F05FFA4021CDE900453C
:10489000434626A20846029400F056FAB078022851
:1048A00017D30220B070CDE90045029496F90000BC
:1048B0003B4681B221A21E2000F025FDCDE9004536
:1048C000029496F901003B4681B21DA21E2000F021
:1048D0001AFDBDE8FE83000014000020C4A3000000
:1048E000CABD0000C7D00000BBBB0000D3D0B8D009
:1048F000B5E7C1F7B1D5BBB700000000D3D0B8D041
:10490000CBD9B6C8B1D5BBB700000000D3D0B8D062
:10491000CEBBD6C3B1D5BBB700000000CEDEB8D049
:10492000B8DFC6B5D7A2C8EB00000000CEDEB8D015
:10493000C7BFCDCFBBACC4A4000000002D2D3E00EE
:10494000202020002DE9FE4F0026A2EB0008824621
:104950005F1A701E35468946B8F1000F02DD4FF030
:10496000010102E003D14FF00001019102E0C8F122
:1049700000080190002F02DD4FF0010002E003D19A
:104980004FF00000009002E0C7F1000700904046A1
:10499000B84501DD044600E03C46601C4FF0000BCA
:1049A000029016E01FFA89F11FFA8AF00C9A00F0C3
:1049B00015F846443D44A64202DD0199361B8A445F
:1049C000A54202DD00992D1B89440BF101001FFA5D
:1049D00080FB02998B45E5DBBDE8FE8F10B51446E0
:1049E0000B460246FFF75EFC2046BDE8104000F093
:1049F000A7BC2DE9F04780461F46581E83B21646D5
:104A0000501E82B20D464046DDF82090FFF74AFC6A
:104A10000AE0444604E0484600F092FC641CA4B25C
:104A2000B442F8D36D1CADB2BD42F2D3BDE8F087FD
:104A300038B5804D4FF40064002221462846FDF72A
:104A4000E6FB6420FDF7ECFA012221462846FDF73B
:104A5000DEFBC820FDF7E4FA112000F07BFC782093
:104A6000FDF7DEFA202000F075FCB12000F072FCAA
:104A7000052000F083FC3C2000F080FC3C2000F08E
:104A80007DFCB22000F066FC052000F077FC3C20A5
:104A900000F074FC3C2000F071FCB32000F05AFCE4
:104AA000052000F06BFC3C2000F068FC3C2000F08E
:104AB00065FC052000F062FC3C2000F05FFC3C201F
:104AC00000F05CFCB42000F045FC032000F056FC34
:104AD000C02000F03FFCAB2000F050FC0B2000F0A9
:104AE0004DFC042000F04AFCC12000F033FCC5203E
:104AF00000F044FCC22000F02DFC0D2000F03EFC34
:104B0000002000F03BFCC32000F024FC8D2000F0CE
:104B100035FC6A2000F032FCC42000F01BFC8D2024
:104B200000F02CFCEE2000F029FCC52000F012FC67
:104B30000F2000F023FCE02000F00CFC072000F028
:104B40001DFC0E2000F01AFC082000F017FC0720C6
:104B500000F014FC102000F011FC072000F00EFC07
:104B6000022000F00BFC072000F008FC092000F0F8
:104B700005FC0F2000F002FC252000F0FFFB362092
:104B800000F0FCFB002000F0F9FB082000F0F6FB31
:104B9000042000F0F3FB102000F0F0FBE12000F017
:104BA000D9FB0A2000F0EAFB0D2000F0E7FB08200B
:104BB00000F0E4FB072000F0E1FB0F2000F0DEFB3B
:104BC000072000F0DBFB022000F0D8FB072000F0FC
:104BD000D5FB092000F0D2FB0F2000F0CFFB2520F1
:104BE00000F0CCFB352000F0C9FB002000F0C6FB34
:104BF000092000F0C3FB042000F0C0FB102000F0EF
:104C0000BDFB3A2000F0A6FB052000F0B7FB3620E4
:104C100000F0A0FBA82000F0B1FB00205023A02250
:104C200001460090FFF7E5FEBDE83840292000F07E
:104C300091BB0000000800482DE9FF4F83B00746F4
:104C4000DDF8449000904FEA590A4FF000085FEAFF
:104C50004A7000D0012000EBDA0000FB09F001905F
:104C60000498203A4844401E83B207EB0A0002F041
:104C7000FF0B401E82B238460499FFF713FB002554
:104C800050E0B9F10C0F28D0B9F1100F2BD0B9F1C9
:104C9000180F2CD0B9F1200F47D1274901EB8B1009
:104CA0000024465D129800284FF0010000FA04F03D
:104CB00000EA060021D020B13846069A0499FFF791
:104CC0008DFE7F1C0098BFB2391A514524D104983B
:104CD000009F401C80B2049022E018490BEB4B006F
:104CE00001EB8000DCE7164901EB0B10D8E7154912
:104CF0000BEB4B0001EB0010D2E708B1069800E087
:104D0000109800F01DFB08F10100C0B2B0FBFAF2F0
:104D100080460AFB128058B1641CE4B2082CC1D34F
:104D20006D1CADB201988542ABD307B0BDE8F08FE2
:104D30004FF00008F4E70000CC980008987C0008C9
:104D40000C810008FC8600082DE9FE4F9946DDE93C
:104D50000D4517468A4680460C9E15E00C2C18D04F
:104D6000102C20D0182C28D0202C10D100964B4687
:104D70003A4651464046CDE9014500F095F908EB29
:104D800004001FFA80F8BF1C38780028E6D1BDE87F
:104D9000FE8F00964B463A4651464046CDE90145C6
:104DA00000F016F8EBE700964B463A46514640466F
:104DB000CDE9014500F086F8E1E700964B463A461A
:104DC00051464046CDE9014500F0F4F8D7E7000030
:104DD0002DE9FF4F85B00546139F002600908B46B6
:104DE000780700D0012000EBD7007843029016200E
:104DF00003900020824600EB800101EBCA0030499D
:104E0000079A11F81030127893424DD101EB40000F
:104E10000190417807984078814245D10BEB07001B
:104E2000401E83B2E819401E82B259462846FFF759
:104E300039FA002034E00198002400EB08091498A6
:104E400099F8021000284FF0010000FA04F001EA7E
:104E5000000111D021B159462846089AFFF7BEFD3E
:104E60006D1C0098ADB2281AB84212D10BF10100A6
:104E70001FFA80FB009D10E009B1089800E012982D
:104E800000F05EFA761CF6B2B6FBF7F007FB106096
:104E9000A0B1641CE4B2082CD1D308F10100C0B267
:104EA000029980468842C6D30AF1010080B2039974
:104EB000824688429FD309B0BDE8F08F0026ECE718
:104EC0008CB000082DE9FF4F85B00546139F0026E2
:104ED00000908B46780700D0012000EBD700784384
:104EE00002902C204FF0000A03903149079A0AEBF8
:104EF0000A1011F81030127893424DD101EB4000A6
:104F00000190417807984078814245D10BEB07002A
:104F1000401E83B2E819401E82B259462846FFF768
:104F2000C1F9002034E00198002400EB080914982E
:104F300099F8021000284FF0010000FA04F001EA8D
:104F4000000111D021B159462846089AFFF746FDC5
:104F50006D1C0098ADB2281AB84212D10BF10100B5
:104F60001FFA80FB009D10E009B1089800E012983C
:104F700000F0E6F9761CF6B2B6FBF7F007FB10601E
:104F8000A0B1641CE4B2082CD1D308F10100C0B276
:104F9000029980468842C6D30AF1010003991FFA9C
:104FA00080FA8A45A1D309B0BDE8F08F0026ECE76E
:104FB000C8B200082DE9FF4F85B00546139F0026B3
:104FC00000908B46780700D0012000EBD700784393
:104FD0000290042003900020824600EB800101EB48
:104FE0004A103049079A11F81030127893424DD187
:104FF00001EB40000190417807984078814245D10B
:105000000BEB0700401E83B2E819401E82B25946DE
:105010002846FFF747F9002034E00198002400EB10
:105020000809149899F8021000284FF0010000FABE
:1050300004F001EA000111D021B159462846089A2E
:10504000FFF7CCFC6D1C0098ADB2281AB84212D103
:105050000BF101001FFA80FB009D10E009B10898D8
:1050600000E0129800F06CF9761CF6B2B6FBF7F08F
:1050700007FB1060A0B1641CE4B2082CD1D308F186
:105080000100C0B2029980468842C6D30AF10100ED
:1050900080B20399824688429FD309B0BDE8F08F61
:1050A0000026ECE7A0B800082DE9FF4F85B00546C3
:1050B000139F002600908B46780700D0012000EB5C
:1050C000D7007843029005204FF0000A0390314941
:1050D000079A0AEB8A1011F81030127893424DD1DA
:1050E00001EB40000190417807984078814245D11A
:1050F0000BEB0700401E83B2E819401E82B25946EE
:105100002846FFF7CFF8002034E00198002400EB98
:105110000809149899F8021000284FF0010000FACD
:1051200004F001EA000111D021B159462846089A3D
:10513000FFF754FC6D1C0098ADB2281AB84212D18A
:105140000BF101001FFA80FB009D10E009B10898E7
:1051500000E0129800F0F4F8761CF6B2B6FBF7F017
:1051600007FB1060A0B1641CE4B2082CD1D308F195
:105170000100C0B2029980468842C6D30AF10100FC
:1051800003991FFA80FA8A45A1D309B0BDE8F08FD0
:105190000026ECE7C8B900082DE9FF4F80462DED49
:1051A000020B83B0DFED230ADDE912A720EE200A0F
:1051B0007E0815460024BCEEC00A10EE100A1FFA45
:1051C00080FB31E0281B401EC1B20A2002F03CFDEA
:1051D000BBFBF0F00A21B0FBF1F201FB1209A81EA3
:1051E000844210D10021CDF800A0CDE9017100FB6F
:1051F000068080B22E22089B0699FFF71DFD641CD5
:105200006D1CE4B2EDB20021CDF800A009F1300030
:10521000CDE90171C2B204FB068080B2089B0699F9
:10522000FFF70AFD641CE4B2AC42CBD309B0BDE881
:10523000F08F00000000C8422DE9FF4F83B0002727
:10524000DDE911A81D4681464FEA58063C46BB469B
:105250002CE0281B401EC1B20A2002F0F5FC059983
:10526000B1FBF0F00A21B0FBF1F201FB120027B90B
:10527000691E8C4201DA58B101273030C2B2CDE943
:1052800000A804FB069080B2CDF808B0109B08E09F
:10529000CDE900A804FB0690109B80B2CDF808B0C1
:1052A00020220499FFF7C8FC641CE4B2AC42D0D3BE
:1052B00007B0BDE8F08F2DE9F0479846914601EB25
:1052C0000802521E93B200EB0902521E002492B251
:1052D000089FFEF7E7FF002611E000250BE017F816
:1052E000140000F04BF807EB4400407800F046F85B
:1052F0006D1CADB2641C4545F1D3761CB6B24E456B
:10530000EBD3BDE8F0872DE9FE4F9946DDE90D6747
:1053100014468A460546DDF830800CE0CDF8008062
:105320004B4651462846CDE90167FFF785FC05EB62
:10533000560085B2641C2278002AEFD1BDE8FE8FAA
:1053400010B50446000A00F019F8E0B2BDE81040BC
:1053500000F014B870B5084C054600220421204620
:10536000FCF755FF284600F009F82046BDE87040DC
:1053700001220421FCF74BBF000C004831B54FF46B
:1053800000444FF09045002221462846FCF73FFF9D
:1053900001231A4669460448FDF764FD01222146AF
:1053A0002846FCF734FF38BDA400002000EB810044
:1053B000006E00F0F840704700EB8100006E00F0D6
:1053C000F84070478068C0F3C00070478068C0F341
:1053D000C00070478068C0F3000070478068C0F369
:1053E000000070478068C0F3800070478068C0F399
:1053F00080007047C06810F4406F01D000207047F3
:1054000001207047042303EAD15310B518444369BF
:10541000C1F3045107248C40A3438A4013434361E2
:1054200010BD042303EAD15310B518444369C1F3F6
:10543000045107248C40A3438A401343436110BDA9
:1054400000EB8100016E21F00041114301667047BD
:1054500000EB8100016E21F00041114301667047AD
:105460002DE9F0473D4D288800240A2815D00A2749
:10547000DFF8EC80142817D01E2824D1FFF7AEF9EE
:1054800098F800003749384E01281ED0032827D04D
:10549000DFF8D89002282FD035E06888B0F57A7F01
:1054A00011D36C8014200DE0FEF73EFF2F8098F89A
:1054B0000000042807D12E4888F800400470FEF749
:1054C00010FF1E202880BDE8F0873078087010306B
:1054D00040B288F8004030704028F4DD3470F2E7C4
:1054E00030780870103840B288F8004030700028DA
:1054F000E9DA40203070E6E788F8004089F800409B
:10550000FEF7EFFE2F8098F800100429DBD188F811
:10551000004089F80040FEF7E4FE2F8096F9000075
:1055200004221449202812D006DC68B11028CAD100
:105530000A7003204870C6E7052230280AD04028A8
:10554000C1D10A700720F5E70A700220F2E70A705D
:105550004A70B8E70A700920ECE700001800002044
:105560001C00002015000020140000201600002060
:10557000170000205003002010B50B4C20880A288B
:1055800008D014280ED14FF400410848FCF737FE2C
:105590000A2006E06088B0F57A7F03D3002060809F
:1055A0001420208010BD00001000002000080048DA
:1055B00070B598B020210FA8FAF764FE3C21684628
:1055C000FAF760FE39483849002401604FF4403151
:1055D000C0E90114042585610121C460C0E90441CA
:1055E000047741770322026280F82440C462046396
:1055F00080F83810C46380F84040FCF7A9F908B17E
:1056000072B6FEE72A480F900620109005207F26EC
:10561000CDE91106CDE913540FA92448FBF750FE3C
:1056200008B172B6FEE723480F900C2010900FA926
:105630001E48FBF745FE08B172B6FEE71E480F9004
:10564000122010900FA91948FBF73AFE08B172B664
:10565000FEE71A48009001A9092081E85100CDE930
:10566000045402208DF8244008908DF825408DF8D0
:1056700026400A940B948DF8304069460B48FBF79E
:10568000D5FA08B172B6FEE70D48009040F20F104F
:10569000019069460548FBF7C9FA002801D072B6A7
:1056A000FEE718B070BD0000000100503800002077
:1056B0000008302E001060320080F03E0800900C90
:1056C000000052472DE9F04F87B014216846FAF7E1
:1056D000D9FD4848C16C41F00401C164C16C01F0BE
:1056E00004010591C16C41F02001C164C16C01F05D
:1056F00020010591C16C41F00101C164C16C01F050
:1057000001010591C16C41F00201C164C16C01F05D
:1057100002010591C16C41F00801C164C06CDFF861
:10572000D88000F008004FF4604405900122214623
:105730004046FCF76CFD4FF0904900220721484697
:10574000FCF765FDDFF8B4A0002201215046FCF70C
:105750005EFD0122D1034846FCF759FD4FF4006776
:10576000002239464046FCF752FDDFF894B0002293
:1057700004215846FCF74BFD009401240025CDE997
:105780000145694640460395FCF75CFC48F207007A
:1057900003268DE8710069464846FCF753FC01AAD0
:1057A000009482E8700069465046FCF74BFC2003E9
:1057B000CDE90005694602945046FCF743FC6002BF
:1057C000CDE90005694602944046FCF73BFC01AA7E
:1057D000009782E8700069464046FCF733FC0420DD
:1057E0008DE8710069465846FCF72CFC07B0BDE80F
:1057F000F08F00000010024000080048000400483C
:10580000000C0048124810B5104901604FF4827135
:1058100041604FF4004181604FF4E061C1600021BC
:105820004FF400720161C0E905120822C0E90721A6
:1058300007234162C0E90A13C0E90C12FDF768FAB8
:10584000002801D072B6FEE710BD0000003C004009
:10585000A400002010B59CB0002419941A94179449
:105860001894149415941C2168461694FAF70AFDAE
:10587000342107A8FAF706FD39483849C0E9001471
:105880002021816041F29A01C0E9031401214161A4
:1058900080218161FDF763FC08B172B6FEE74FF429
:1058A0008050179017A92E48FDF7F6FC08B172B684
:1058B000FEE72B48FDF7CDFF08B172B6FEE7149462
:1058C000159414A926481694FDF7FAFB08B172B690
:1058D000FEE77020CDE9000402940394049405943B
:1058E000002269461E480694FDF721FF08B172B6F2
:1058F000FEE7042269461A48FDF719FF08B172B69F
:10590000FEE7082269461648FDF711FF08B172B696
:10591000FEE70C2269461248FDF709FF08B172B68E
:10592000FEE70794089409944FF400500A94CDE9D7
:105930000B400D9400030E94CDE90F401194129486
:1059400007A907481394FDF769FB08B172B6FEE793
:105950000348FDF7C1FE1CB010BD0000002C014043
:105960000801002010B588B0002417480094019465
:1059700002940394049405944FF0804106940160CE
:10598000A921C0E901146321C0E9031480218161C8
:10599000FDF7E5FB08B172B6FEE74FF480500090CA
:1059A00069460948FDF778FC08B172B6FEE7049431
:1059B00004A905480694FDF783FB002801D072B6C0
:1059C000FEE708B010BD00005401002010B58CB0F7
:1059D00024216846FAF756FC0024174809940A94D3
:1059E00014490B94C0E9001440F6FF71C0E902416C
:1059F000046184610320CDE9000401200F21CDE979
:105A000002040491CDE90540079469460A480894C8
:105A1000FDF7C2FC08B172B6FEE7099409A9064871
:105A20000B94FDF74DFB002801D072B6FEE70CB0D9
:105A300010BD000000040040A0010020164810B571
:105A40001449016015494160002181600C22C16048
:105A5000C0E904128161C161016241628162FEF7A5
:105A6000E5F908B172B6FEE700210B48FEF726F80B
:105A700008B172B6FEE700210748FDF7F9FF08B14B
:105A800072B6FEE70448FDF7D2FF002801D072B6D7
:105A9000FEE710BD00380140EC01002080841E00AC
:105AA000FEE700002DE9F041874C0220254666798B
:105AB00095ED0E1AF7EE004A9FED843A95ED1F0A18
:105AC000012329790022DFED820AA43516B1012EC7
:105AD0007ED1A2E09FED7F4A7B4EF7EE083A4FF46D
:105AE0007A6796ED222AD6ED091A41F2040651B1E1
:105AF00001290FD002291FD0032936D0042943D011
:105B0000052958D06BE0C4ED370AC4ED360A22816E
:105B100062812371D4ED362A20EE225A65EE235A93
:105B200085EE825ADFED6C5A61EEA55AB4EEE55A65
:105B3000F1EE10FA63DB20716089401C80B2608155
:105B4000B84205D9D4ED0A2A72EE802AC4ED0A2A99
:105B5000B04244D3D4ED0A2A032062EE832AC4ED76
:105B60000B2A6281C4ED0A0A2071D4ED362A20EE98
:105B7000225A65EE233A83EE825AB4EEE15AF1EEF0
:105B800010FA43DB042020716089401C80B26081E0
:105B9000B84224D9D4ED0A1AB04231EE800A84ED1D
:105BA0000A0A1CD320EE030A052084ED0C0A628148
:105BB000C4ED0A0A207194ED0D0AD4ED0B1A31EEF2
:105BC000400A94ED0C1A31EE611AC0EE011A00E0A1
:105BD0000CE0C4ED031AC4ED360A22716371C4ED02
:105BE0002E0AC4ED2F4A2846FEF7D1FA94ED220A78
:105BF000284684ED3A0ABDE8F041FAF711BD32EECD
:105C0000840A84ED360A84ED0D0AE8E732EE840A50
:105C100084ED360A84ED0E0AE1E7A1B1012921D015
:105C20000229DCD194ED080A20EE030A84ED040A6F
:105C300084ED060A84ED050A2271C4ED080A62812A
:105C40006271A371CBE710EE101A244EC4ED370A2F
:105C5000C4ED360AB142C2D810EE101A204EB1423D
:105C6000BDDC237184ED361A6189DFED1E1A491CF3
:105C700089B2618194ED0C1A21EE211AB4EEC10AA9
:105C8000F1EE10FAABDB94ED030ADFED171A94ED99
:105C9000081A20EE210ADFED151A60EE211A00EE37
:105CA000101AB8EE400A01EE801A84ED081A6281DB
:105CB0002189491C89B221812271C4ED360A6429E7
:105CC0008DD32071AEE70000500300200AD7233C9B
:105CD0000000000017B7D1389A99193FCDCC4CBDC0
:105CE000CDCC4C3D3333733F0C02AB3E17B751382C
:105CF0005048002101704170012180F858109FED3B
:105D00004E0A80ED260A9FED4D0A072280ED250AF6
:105D100080F83C1080F83E2040F6FF72DFED480A24
:105D20004264C0ED340AC0ED350A42F23413A0F8E3
:105D3000EC3041F67863A0F8EE30A0F82622B0EE01
:105D4000080A80ED840A9FED3F0AA0F8DC2180ED6F
:105D50007E0A9FED3D0A80ED7B0A9FED3C0A80EDB7
:105D6000090AB2EE0C0A80ED930A9FED390A80ED24
:105D7000900AC0ED9E0ADFED370A80EDB70AC0ED4C
:105D8000C00AF6EE000AC0EDC10A9FED331ADFED3E
:105D9000331A80EDC61AC0EDA51ADFED311A80F86E
:105DA0001C13C0EDD11AF3EE041AC0EDD21A80ED27
:105DB000C80A80EDD71A9FED2B1ADFED2B1A80ED64
:105DC0003E1AC0ED3F1AB1EE082A80ED482AB9EE1E
:105DD000080A80ED490A80ED4C1AC0ED4D1A80ED9D
:105DE000562A80ED570A9FED210A9FED211A80ED7A
:105DF0005A0A80ED661A80ED670A9FED1E0A80ED53
:105E00005B0AB2EE000A80ED640ABAEE000A80ED89
:105E1000650A9FED190AC0ED680A80ED690A80EDF8
:105E20006A0A9FED160A80ED720A9FED150A80ED51
:105E3000730A7047500300200000843C8906933C9D
:105E4000CDCCCC3D0AD7A33C008012439A99193F90
:105E500017B751380000A0420AD7233C3333B33F71
:105E600000006144CDCC4C3E6F12033B6F12833A6D
:105E70000AD7A33BBD3706360000000000C05A46D3
:105E800000C05AC6FFF734BF70B5304C04F1580556
:105E900094F85900012825D12846FAF747FB2846EF
:105EA000FAF76AFB94ED220ADFED290A9FED291A21
:105EB00010EE100A60EE200A20EE011A2649C4ED09
:105EC000930AC4ED560A84ED571AC4ED480A84EDCE
:105ED000491A884204DD10EE100A2049884201DB8D
:105EE000022020702178002006291CD2DFE801F072
:105EF0000328280C1C242846FAF7E5FA94F85900E0
:105F0000012810D103200DE0FFF7CCFDA079012876
:105F100009D194ED030A042084ED910A94ED060A58
:105F200084ED920A207070BD08483C30FAF70FFBF0
:105F3000BDE8704000F068BEBDE8704000F044BAB3
:105F400024F8F00F6080A08070BD00005003002096
:105F500036CD133F36CD13BF000020410000204254
:105F6000FEE790ED030AD0ED040A30EE600A80ED02
:105F7000060AD0ED051A90ED0A1AD0ED0B0AF4EEE0
:105F8000C11AF1EE10FA0AD2F4EEE01AF1EE10FAAC
:105F900005DDD0ED091A71EE801AC0ED091AD0EDB9
:105FA000001A90ED012AD0ED092A61EE801A42EE26
:105FB000221A90ED072AD0ED022A30EE422A42EE54
:105FC000821AC0ED051AF4EEC11AF1EE10FA02DAE7
:105FD000B0EE611A01E080ED051AB4EEE01AF1EEC0
:105FE00010FA01D8C0ED050A80ED070A70470000DD
:105FF00090ED090AD0ED020A90ED031A90F9001015
:1060000020EE200AD0ED080AB7EE002A2F4A00EE53
:10601000810A00EE901AF8EEE00A20EE200A80EDE8
:10602000040AD0ED0A0A20EE801A80ED0C1AD0ED99
:106030000D0AD0ED0B1A41EE800AC0ED0D0A71EE8B
:10604000200AC0ED0E0A90ED100AD0ED0F1A20EED6
:10605000801A32EE400A01EE801A80ED0F1A90EDA0
:10606000050AD0ED011A00EEA10ADFED190A10EEC3
:10607000101A80ED050A914202DD30EE600A06E05A
:10608000B5EEC00AF1EE10FA03D230EE200A80ED30
:10609000050AB0EE402A01EE210A10EE101A80ED3A
:1060A000060A914202DD30EE600A06E0B5EEC00A53
:1060B000F1EE10FA03D230EE200A80ED060A9FEDD1
:1060C000050A22EE000A80ED070A7047D00FC9408A
:1060D000D00FC94054EF2244D0ED030AD0ED061A88
:1060E00090ED041A90ED050A20EEA12A01EE002A97
:1060F00021EE211A00EEC01A80ED072A80ED081A61
:106100007047704790ED080AD0ED0B2A90ED002AF9
:106110004FF07E5370EE620A90ED020A314A80EE33
:10612000801AD0ED010AF1EE600A80EE803AD0EDDF
:10613000060A03EE201A42EE010AC0ED060A90EDAF
:10614000091AD0ED0D1A31EE611AC1EE003A90ED48
:10615000071A43EE013A02EE231A80ED071A90ED7A
:10616000040A70EEC00A90ED030A10EE901A9942EC
:1061700002DD80ED0A0A0AE010EE901A914202D97F
:10618000F1EE400A01E060EE800AC0ED0A0AD0EDAF
:10619000050A71EE600A10EE901A994208DC10EEC2
:1061A000901A914202D9B1EE400A01E020EE800A35
:1061B00080ED0C0AD0ED0A0A90ED0E0A20EE801A4E
:1061C000F7EE000A70EEC00A02EEA01A80ED0B1A7C
:1061D00090ED0C1A21EE000A01EEA00A80ED0D0AE6
:1061E00070470000000080BFF8B515460E460B460C
:1061F0000092044600224FF4C05100F019F888B90B
:106200003346002280212046009500F07FF848B9EF
:10621000334600224FF4C0612046009500F008F894
:10622000002804D0206E40F0200020660320F8BD36
:106230002DE9FC5F4FF0000B984616460F460446CA
:106240000C9D8DF804B0FBF7E7FF411BA8EB01059F
:10625000FBF7E2FF8246206800F10C092A4800683B
:10626000C0EBC00000EB8000000D684343E0B7F5D1
:10627000C06F06D12EB999F800008DF804009DF882
:106280000400B8F1FF3F37D0FBF7C6FFA0EB0A00D0
:10629000A84203D215B1009858B32BE0206841689A
:1062A00021F0E00141606068B0F5827F0BD1A06809
:1062B000B0F5004F02D0B0F5806F04D120680168BE
:1062C00021F040010160A06AB0F5005F09D12068AB
:1062D000016821F4005101602068016841F4005117
:1062E0000160012084F85D0084F85CB00320BDE803
:1062F000FC9F0025401E0090206880683840B04216
:10630000B5D10020F3E700000C0000202DE9F84390
:106310001E46914688460446089DFBF77DFF401BBC
:10632000351AFBF779FF074625480068C0F3CB30E4
:10633000684338E0701C37D0FBF76EFFC01BA842E3
:1063400003D215B1009860B32CE02068416821F0B9
:10635000E00141606068B0F5827F0BD1A068B0F5C4
:10636000004F02D0B0F5806F04D12068016821F0A1
:1063700040010160A06AB0F5005F09D120680168A2
:1063800021F4005101602068016841F4005101606E
:10639000012084F85D00002084F85C000320BDE843
:1063A000F8830025401E00902068816838EA0100CB
:1063B00004D000204845BDD10020F0E70120F9E7D6
:1063C0000C000020704700002DE9F04FFF4D2DED2F
:1063D000048B87B095F801C09FEDFD1A294601F1A5
:1063E000B800039001F50270069001F13C0201F142
:1063F000BC0901F1F80B01F5987AF6EE001A01F5E7
:10640000EC76A03801F51F78DFEDF29AF24F9FEDA0
:10641000F39A059001F550700190001F029020380A
:106420000490B1F8DA0191EDCE0AB1F89E30401C2B
:10643000FDEEC00AA4319FEDEA8A0024ACF1050C00
:1064400080B2F7EE008A0091BCF1060F67D2DFE858
:106450000CF0031767FAF9F89FEDE20A104685ED94
:10646000360A85ED141AFAF703FB95ED150A4A462C
:106470000399BDEEC00A10EE100AFAF7CFF94BE00F
:10648000C5ED4F8A85ED141A1046FAF7F1FA95ED2D
:10649000150A4A460399BDEEC00A10EE100AFAF733
:1064A000BDF995ED1F0A85ED290A95ED200A85EDC8
:1064B0002A0A0098FAF768FA0098FFF70DFE95EDA2
:1064C000300AD5ED340A95ED321A584620EE200AEE
:1064D00078EEE00A01EE200A85ED320AD5ED310AA8
:1064E00095ED351AD5ED331A60EE810A38EEC11AF2
:1064F00041EE810AC5ED330AC5ED420A85ED500A29
:10650000FFF72FFD5046FFF72CFD95ED430A85ED73
:10651000370A95ED510A49E20098FDF738FEF6E199
:1065200000EE103AB04F4FF00108B8EE400A20EEEE
:10653000210A85ED800A397821B1012925D0022967
:106540007ED073E185ED418A85ED4F8A85ED638AC2
:1065500085ED158A85ED818A85F8204285ED878A4B
:1065600085ED828A10EE100A85ED838A9F4985EDBC
:10657000C58A85EDC38A884204DA10EE100A9C4968
:106580008842DED387F8008050E185ED418AF1EE44
:10659000040AC5ED4F0AF1EE0C0A104620EE200A5F
:1065A00085ED140AFAF764FA95ED150A4A4603993F
:1065B000BDEEC00A10EE100AFAF730F995ED140A94
:1065C000B5EEC00AF1EE10FA02DBFF2085F8D80222
:1065D000B5EEC00AF1EE10FA01D285F8D88295ED39
:1065E000150A844A10EE100A8349104488422DD2BD
:1065F000D5EDBD0A10EE900A1044884226D2B88824
:1066000030EE600A401CB880686C00EE900AB8EE6C
:10661000E01ADFED7A0A21EE201AB4EEC10AF1EE9B
:1066200010FA13D8404201EE100AB8EEC11A61EE1A
:10663000200AB4EEE00AF1EE10FA07DBF88803E076
:106640002DE031E2B5E14AE2401CF880B888B0F5AF
:10665000967F19D300EE100AB8EE400ADFED680A03
:10666000F88860EE200A00EE100AB8EE400AF4EE58
:10667000C00AF1EE10FA05D80220387085ED4F8A75
:1066800085ED158AFC80BC80388949F64041401C64
:1066900080B2388188427DD33C703C81C3E0A5F84C
:1066A000DA0102287AD3A5F8DA4195EDBD0A304621
:1066B000BDEEC00A85ED780AFAF730F995ED7C0A4F
:1066C000D5ED7E0A95ED7D1A20EE200A78EEE00ADF
:1066D00001EE200A85ED7D0A95F83E0000EE900A55
:1066E000F8EE600A80EE201A85ED7F1A95ED800A9B
:1066F000B5EEC00AF1EE10FA08DB10EE101A414AAE
:10670000914203DC9FED400A85ED800AB5EEC00A98
:10671000F1EE10FA08D810EE101A3C4A914203D854
:106720009FED3B0A85ED800AD5ED810AB4EE600A43
:10673000F1EE10FA1CD001EE100AB8EE411A60EE2C
:10674000810AC5ED820A00EE900AF8EE600A20EE9A
:10675000200A85ED830A069800F08EFE95F8200247
:10676000012805D195ED800A85ED810A85F8204242
:1067700095ED870A85ED5D0A95ED7D0A85ED5E0A4A
:1067800095ED670A85ED5A0A0598FFF7EAFB95ED46
:106790005F0A01E04AE001E085ED410A95EDBD0A9E
:1067A0004A460399BDEEC00A10EE100AFAF736F811
:1067B000788844F62061884201D2401C788080B2FB
:1067C000884233D31349D5F8F40125E05003002063
:1067D00000007A44DA0F4940DB0FC940DB0FC940A3
:1067E000000000009A99193F2E00002000000E437F
:1067F00000000EC3FFFF05BCFFBF6001CDCCCC3D48
:106800006666663F0000484400004844000048C4F3
:10681000000048C400007A44884207DCF2498842FC
:1068200004D83C707C807878401C787095ED1F0A05
:1068300085ED290A95ED200A85ED2A0A0098FAF7D8
:10684000A3F80098FFF748FC95ED300AD5ED340A1F
:1068500095ED321A584620EE200A78EEE00A01EE55
:10686000200A85ED320AD5ED310A95ED351AD5EDC0
:10687000331A60EE810A38EEC11A41EE810AC5ED85
:10688000330AC5ED420A85ED500AFFF76AFB504610
:10689000FFF767FB95ED430A85ED370A95ED510A41
:1068A00085ED360A0098FDF772FC95ED030ACF4896
:1068B00085ED910A95ED060A85ED920A95ED2C0A73
:1068C00085ED940A95ED2D0A85ED950A95ED380A2A
:1068D00085ED980A95ED390A85ED990AFFF712FCC6
:1068E00095ED9B0AC14885EDB80A95ED9D0A983053
:1068F00085EDB90AFFF77CFB95EDBD0ABB4ABDEEFD
:10690000C00ABC32111F10EE100AF9F787FF95ED8F
:10691000220A85ED3A0A009807B0BDEC048BBDE869
:10692000F04FF9F77DBE95F87C0201280FD185F86C
:106930007C4295EDCC0A30EE290A10EE100A85ED66
:10694000CC0AB84203DD30EE490A85EDCC0A95ED5C
:10695000CE0ADDE90121BDEEC00A10EE100AF9F7FA
:106960005DFF95EDB50A85EDC90A95EDB40AB1EE66
:10697000400A85EDCA0A0498FFF73AFB95EDAB0A89
:10698000584685ED420A95EDA80A85ED500AFFF7B5
:10699000E8FA5046FFF7E5FA95ED430A85ED370A28
:1069A00095ED510AD5EDA50A30EE200A85ED360A9F
:1069B000B2E500EE103A8E4AA5F8DA01B8EE400AC8
:1069C00020EE210A10EE101A85ED800A914206DCB5
:1069D00010EE101A874A914201D885ED808A02286C
:1069E0007DD3A5F8DA41C5ED780A3046F9F796FF70
:1069F00095ED7C0AD5ED7E0A95ED7D1A7E4A20EE56
:106A0000200A78EEE00A01EE200A85ED7D0A95F86D
:106A10003E0000EE900AF8EE600A80EE201A85ED46
:106A20007F1AD5F80012914203DB9FED740A85EDC1
:106A3000800A734AD5F80012914202D200EE101A71
:106A400003E09FED700A85ED800AD5ED810AB4EE72
:106A5000600AF1EE10FA1CD001EE100AB8EE411AED
:106A600060EE810AC5ED820A00EE900AF8EE600A37
:106A700020EE200A85ED830A069800F0FDFC95F8CB
:106A80002002012805D195ED800A85ED810A85F85F
:106A9000204295ED870A85ED5D0A95ED7D0A85ED2D
:106AA0005E0A95ED670A61E0A5F8DA01B5F82402FF
:106AB000401C80B2A5F82402042824D34B48A5F832
:106AC0002442C5ED8A0A1C38F9F779FDD5F834025D
:106AD00000EE100AB8EEC00A85ED6C0A00E04EE048
:106AE000D5F83C12C1EBC10100EE101A072190FB52
:106AF000F1F0B8EEC00A85ED6B0AC5F838023B48E4
:106B0000A038FFF72EFAB5F8DA01022837D3A5F836
:106B1000DA4195EDCE0A3046BDEEC00A85ED780A21
:106B2000F9F7FCFE95ED7C0AD5ED7E0A95ED7D1A10
:106B300020EE200A78EEE00A01EE200A85ED7D0ABB
:106B400095F83E0000EE900AF8EE600A80EE201AFA
:106B500085ED7F1AD5ED6D0AC5ED5D0A85ED5E0AFE
:106B600095ED670AF0EE000A20EE200A85ED5A0A3C
:106B70000598FFF7F6F995ED5F0A85ED410A95ED69
:106B80001F0A85ED290A95ED200A85ED2A0A00984D
:106B9000F9F7FAFE95EDCE0A4A460399BDEEC00A12
:106BA00010EE100AF9F73AFE0098FFF795FA95ED06
:106BB000300A404685EDA60A95ED310A85EDA90A11
:106BC00095ED2C0A85EDAC0A95ED2D0A85EDB00A00
:106BD000FDF70EFA95F87D0200287FF4A4AE95ED3E
:106BE000A20A85ED4F0A9EE600007AC490050020B7
:106BF0000000A0400000A0C000401C4500401C4513
:106C000000401CC500401CC52DE9F04FCF4C2DEDB8
:106C1000028B04F1BC0281B0111FA06CF9F7FEFDDC
:106C200020466178DFF82893DFF828A300F1F80800
:106C300000F5987700F5EC7600F5B47BDFEDC60A39
:106C4000A4300025B7EE008A0090052944D2DFE881
:106C500001F003404F5AD800B4F84C009FEDBF1A22
:106C600010B1012818D034E094ED360A30EE010A54
:106C700084ED360AC4ED370A84ED2E8AC4ED2F0A5E
:106C8000D4ED0E1AB4EEE10AF1EE10FA21DBC4EDF8
:106C9000360A0120A4F84C0094ED360A30EE010AC1
:106CA00084ED360AC4ED370AC4ED2E0A84ED2F8A2E
:106CB00094ED0E1AB4EEC10AF1EE10FA09DBB4F845
:106CC0004000A4F84E00A4F84C50C4ED360A03204E
:106CD00060700098FDF75BFA94ED220A84ED3A0AA1
:106CE000009801B0BDEC028BBDE8F04FF9F798BCFD
:106CF000B4F89E0000EE100AB8EE400ADFED980AE4
:106D000020EE200A7AE0B4F8DA01B6EE001A401C50
:106D100080B2A4F8DA01B4F89E10924A00EE101A7C
:106D2000B8EE400A20EE010A10EE101A84ED800A37
:106D3000914206DC10EE101A8B4A914201D8C4ED44
:106D4000800A02285CD3A4F8DA51A06CC4F8E001F0
:106D50003046F9F7E3FD94ED7C0AD4ED7E0A94ED1C
:106D60007D1A20EE200A78EE600A01EE200A84EDFA
:106D70007D0A94F83E0000EE900AF8EE600A80EE7C
:106D8000201A84ED7F1A94ED800AD4ED810AB4EEC6
:106D9000600AF1EE10FA1CD001EE100AB8EE411AAA
:106DA00060EE810AC4ED820A00EE900A6F48F8EEA8
:106DB000600A20EE200A84ED830A00F05DFB94F85F
:106DC0002002012805D194ED800A84ED810A84F81F
:106DD000205294ED870A84ED5D0AD4F8F401C4F8DA
:106DE0007801484571D250456FDA94ED660A5846ED
:106DF00084ED5A0AFFF7B5F894ED5F0A84ED410A75
:106E000066E0B4F82402401C80B2A4F82402B4F86E
:106E1000DA11491CA4F8DA11B4F89E104942C4F8FA
:106E20003C12042823D3A4F82452A06CC4F82802EE
:106E30004E481C30F9F7C3FBD4F8340200EE100AB8
:106E4000B8EEC00A84ED6C0AD4F83C12C1EBC10163
:106E500000EE101A072190FBF1F0B8EEC00A84EDA5
:106E60006B0AC4F8380241486838FFF77AF8B4F87A
:106E7000DA0102282CD3A4F8DA51A06CC4F8E0019E
:106E80003046F9F74BFD94ED7C0AD4ED7E0A94ED83
:106E90007D1A20EE200A78EE600A01EE200AF1EE5B
:106EA0000C0A84ED7D0A80EE201A10EE100A484587
:106EB00084ED7F1AD4ED6D0AC4ED5D0A84ED5E0A9F
:106EC00003D210EE100A8EE7FFE794ED670A8EE713
:106ED00094ED1F0A84ED290A94ED200A84ED2A0A14
:106EE0000098F9F751FD0098FFF7F6F894ED300A95
:106EF000D4ED340A94ED321A404620EE200A78EEA2
:106F0000600A01EE200A84ED320AD4ED310A94EDD4
:106F1000351AD4ED331A60EE810A38EE411A41EE8B
:106F2000810AC4ED330AC4ED420A84ED500AFFF72A
:106F300018F83846FFF715F894ED430A84ED370A40
:106F400094ED510A84ED360AC3E600005003002098
:106F50000000FAC40000FA440000000017B7D1385E
:106F60006F12033B0000A0400000A0C058050020A5
:106F7000FBF758B910B594B038216846F9F782F993
:106F800014210EA8F9F77EF90020FBF7DDF90120A6
:106F900000900004032404210190CDE9084102205F
:106FA0005521CDE90A1007900C900D906846FBF72B
:106FB000B5FC08B172B6FEE70F20CDE90E04002043
:106FC00010901190129004210EA8FBF771FB00287D
:106FD00001D072B6FEE714B010BD0000024801688F
:106FE00041F470010160704788ED00E00148FCF752
:106FF000A1BA0000080100200148FCF79BBA00007C
:10700000540100202DE9F0430268264C264D274EFE
:10701000274B4FF08049A04207D0484505D0A842F1
:1070200003D0B04201D0984203D122F070074A68E1
:107030003A43204FDFF880C0DFF88080A0420DD0B7
:1070400048450BD0A84209D0B04207D0984205D09D
:10705000B84203D0604501D0404503D122F44075C9
:10706000CA682A434D6922F080022A4302608A6876
:10707000C2620A688262A04207D0984205D0B84234
:1070800003D0604501D0404501D109690163012168
:1070900041610169C90703D0016921F00101016162
:1070A000BDE8F083002C01400004004000080040CF
:1070B00000340140004001400044014000480140CC
:1070C00010B501F01F010123046A8B409C43046248
:1070D000036A8A401343036210BD10B5846842EA14
:1070E000032224F47F440A432243826010BD00003F
:1070F0008268034B1A400A4342F0070181607047DF
:107100008FFFCFFF2DE9F043056A026A22F00102EA
:107110000262426883691C4C25F0020523400C681A
:1071200023F003031C438B68194E2B43174D194F53
:10713000DFF864C0DFF86490A84207D0B04205D001
:10714000B84203D0604501D0484506D123F0080875
:10715000CB6843EA080323F00403A84207D0B042F7
:1071600005D0B84203D0604501D0484505D14D69EE
:1071700022F4407215438A692A4342608461496857
:1071800041630362BDE8F0838FFFFEFF002C0140E6
:1071900000340140004001400044014000480140EB
:1071A000F0B5046A026A22F0100202624268836942
:1071B000194D1B4E2B400D6823F4407343EA0525FF
:1071C00024F020038C6843EA0413144CA04201D03D
:1071D000B04206D1CF6823F0800343EA071323F0BF
:1071E0004003A0420AD0B04208D00E4CA04205D0C5
:1071F0000D4CA04202D00D4CA04207D14C6922F4A4
:10720000406242EA84028C6942EA840242608561FB
:10721000496881630362F0BDFF8FFFFE002C0140CF
:10722000003401400040014000440140004801405A
:10723000F0B5056A026A22F4807202624268C3698C
:10724000194C1B4E23400C6823F003031C4325F408
:1072500000738D6843EA0523144DA84201D0B04263
:1072600006D1CF6823F4006343EA072323F4806345
:10727000A8420AD0B04208D00E4DA84205D00E4D0B
:10728000A84202D00D4DA84207D14D6922F44052C8
:1072900042EA05128D6942EA05124260C4614968FA
:1072A000C1630362F0BD00008FFFFEFF002C0140B0
:1072B00000340140004001400044014000480140CA
:1072C000F0B5046A026A22F4805202624268C3691D
:1072D000194D1B4E2B400D6823F4407343EA0525DE
:1072E00024F400538C6843EA0433144CA04201D0C8
:1072F000B04206D1CF6823F4004343EA073323F4B6
:107300008043A0420AD0B04208D00E4CA04205D023
:107310000D4CA04202D00D4CA04207D14C6922F482
:10732000404242EA84128C6942EA84124260C5619A
:10733000496801640362F0BDFF8FFFFE002C01402D
:107340000034014000400140004401400048014039
:1073500030B5046A026A22F4803202624268036D28
:10736000114D2B400D681D4324F400330C8943EA72
:1073700004430E4CA0420BD00D4CA04208D00D4C43
:10738000A04205D00C4CA04202D00C4CA04204D12B
:107390004C6922F4803242EA042242600565496861
:1073A0008164036230BD00008FFFFEFF002C0140AE
:1073B00000340140004001400044014000480140C9
:1073C00030B5046A026A22F4801202624268036DD8
:1073D000114D24F400142B400D6843EA05230D8958
:1073E00044EA05540D4DA8420BD00D4DA84208D0DB
:1073F0000C4DA84205D00C4DA84202D00B4DA8421E
:1074000004D14D6922F4802242EA8522426003655C
:107410004968C164046230BDFF8FFFFE002C01404B
:107420000034014000400140004401400048014058
:1074300010B5046A036A23F001030362836923F031
:10744000F00343EA021324F00A020A438361026252
:1074500010BD10B5036A046A24F010040462846944
:1074600023F0A00324F4704444EA023243EA0111F9
:107470008261016210BD0000017E002940D190EDC3
:10748000010AD0ED000A012170EE601AF5EEC01A73
:10749000F1EE10FA13DD90ED031A90ED022A31EEB1
:1074A000021A80ED031A30EE811A80ED051AB4EE4F
:1074B000C01AF1EE10FA02DB80ED050A0176F5EE56
:1074C000C01AF1EE10FA14D290ED031AD0ED021AA0
:1074D00031EE611A80ED031A70EE810AC0ED050AE3
:1074E000F4EEC00AF1EE10FA03D880ED050A017639
:1074F00002E0017E012903D19FED020A80ED030A1B
:10750000704700000000000030B5416EB9B102685C
:1075100091689268C1F342610B4C520FA35CDD008D
:1075200004F108039A5CB5FBF2F2A0F86A20625CF1
:10753000595CD200B2FBF1F1A0F8681030BD012116
:10754000A0F86A10F8E70000707C000890F8281096
:10755000090706D501684A68836B22F400421A4382
:107560004A6090F82810C90706D001684A68C36AC3
:1075700022F400321A434A6090F82810890706D591
:1075800001684A68036B22F480321A434A6090F81B
:107590002810490706D501684A68436B22F4802207
:1075A0001A434A6090F82810C90606D501688A680F
:1075B000C36B22F480521A438A6090F8281089061F
:1075C00006D501688A68036C22F400521A438A6067
:1075D00090F82810490611D501684A68436C22F4D6
:1075E00080121A434A60416CB1F5801F06D10168D0
:1075F0004A68836C22F4C0021A434A6090F828104B
:10760000090606D501684A68C06C22F400220243CC
:107610004A6070472DE9F84300250446C0F89050B1
:10762000FAF7FAFD8046206800684FF02006000750
:107630006FF07E4713D54346002231042046009761
:1076400000F00EFA58B1206850E8001F21F08001C8
:1076500040E80012002AF6D1C4F8886021E02068D2
:107660000068400722D5434600224FF4800120469F
:10767000009700F0F5F9C8B1206850E8001F21F428
:10768000907140E80012002AF6D12068083050E8D6
:10769000001F21F0010140E80012002AF5D1C4F8D2
:1076A0008C6084F884500320BDE8F883C4F88860B7
:1076B000C4F88C6044F86C5F656025760020F3E7C1
:1076C00010B5806A0021A0F85E10FCF71FFA10BD0B
:1076D00070B5846AD4F88800D4F88C502168896821
:1076E0004FF00006090606D5212804D1A4F85660FB
:1076F000204600F065F820688068400606D5222DF7
:1077000004D1A4F85E60204600F030F8D4F8900070
:1077100040F01000C4F890002046FCF7F7F970BD67
:1077200010B50146806A09680968890616D40021E7
:10773000A0F856100168083151E8002F22F08002AD
:1077400041E80023002BF5D1016851E8002F42F0F9
:10775000400241E80023002BF6D110BDFCF746FCA7
:1077600010BD10B5806AFCF742FC10BD10B5016871
:1077700051E8002F22F4907241E80023002BF6D14B
:107780000E4B0168083151E8002F1A4041E80024EF
:10779000002CF6D1C16E012908D1016851E8002FF3
:1077A00022F0100241E80023002BF6D12021C0F87E
:1077B0008C100021C166416710BD0000FEFFFFEF85
:1077C000016851E8002F22F0C00241E80023002B9D
:1077D000F6D10168083151E8002F22F4000241E897
:1077E0000023002BF5D12021C0F88810704700003D
:1077F0002DE9F041044600682269A168E669114359
:1078000062690025324311438A4B02688A4E324036
:107810000A43026020684168E26821F44051114344
:1078200041602168A069994201D0226A10438A68A8
:10783000824E324002438A602068C16A626A21F047
:107840000F011143C1627E4922687E488A420DD1F0
:10785000D0F8880010F0030006D0012855D0022887
:1078600042D003283FD152E001203DE076498A42D0
:107870000BD1D0F8880010F00C0035D0042833D09C
:10788000082840D00C282ED141E070498A420BD103
:10789000D0F8880010F0300026D0102835D02028ED
:1078A00031D030281FD132E069498A420BD1D0F85B
:1078B000880010F0C00017D0402826D0802822D0A1
:1078C000C02810D123E09A420DD1D0F8880010F4DE
:1078D000406009D0B0F5806F17D0B0F5006F12D0BE
:1078E000B0F5406F13D010205A495B4E00274FF47B
:1078F000004C9A423BD160B1022813D004280BD02F
:10790000082872D10DE00220EEE70420ECE7082001
:10791000EAE7FAF7B3FF01E0FAF7D4FF010001D17B
:107920007CE06146606A36F810206668B1FBF2F0D0
:1079300006EB4603834270D8B0EB063F6DD80023B8
:1079400008461946F8F766FC090241EA106102028E
:1079500070081018794132460023F8F75BFC3F4A63
:10796000A0F54071914258D82168C86056E0E2699C
:107970004FF6EF7862452CD109284ED2DFE800F0AF
:107980000508114D0D4D4D4D1000FAF777FF01E040
:10799000FAF786FF010004D140E0FAF793FFF9E718
:1079A0006146606A36F81000B1FBF0F04100606893
:1079B00001EB5001B1FBF0F0A0F1100141452CD8D2
:1079C0004FF6F0710140C0F3420001432068C160EE
:1079D00024E0092821D2DFE800F0050912200E205A
:1079E00020201100FAF74AFF02E016E0FAF758FFEC
:1079F000010004D112E0FAF765FFF9E76146606A19
:107A000036F81000B1FBF0F1606801EB5001B1FBFA
:107A1000F0F0A0F1100141450AD901250120A4F898
:107A20006A0024F8680F2846E7602761BDE8F08106
:107A300080B299E700800040F369FFCFFFF4FF11A7
:107A4000003801400010024000440040004800405F
:107A5000004C00400024F400587C0008FFFC0F009C
:107A60002DE9F0471F4690460D4604464FF00009A9
:107A7000089E32E0701C30D0FAF7CEFBC01BB0423B
:107A800018D8BEB120680168490726D5802D24D0BA
:107A9000402D22D0C169C94309070DD408250562CC
:107AA0002046FFF763FEC4F8905084F884900120CC
:107AB000BDE8F0870320FBE7C069C04300050CD494
:107AC00021684FF4006008622046FFF74FFE202037
:107AD000C4F8900084F88490ECE72068C06935EA27
:107AE000000004D000204045C4D00020E0E7012081
:107AF000F9E700000148FCF70BB80000EC0100209A
:107B0000FEE7000070B51D4C208800221C490A25A4
:107B1000052808D00A280DD0142811D1194E306834
:107B2000426872B128E00A734A73802088737F200C
:107B3000C87321E06088002802D062801420208071
:107B400070BD114A92ED1F0A81ED000A92ED200AE4
:107B500081ED010A92ED210A81ED020A016821F00E
:107B600001010160102206490848FCF7F7F9306866
:107B7000016841F001010160258070BD2A000020EC
:107B800040030020E002002050030020EC01002010
:107B90000907090E002804DB00F1E02080F800143A
:107BA000704700F00F0000F1E02080F8141D7047CE
:107BB00002E008C8121F08C1002AFAD170477047B6
:107BC000002001E001C1121F002AFBD17047000014
:107BD00008B5FAF72FFBFFF7CDF9FDF773FD19484C
:107BE000816C41F004018164816C01F00401009119
:107BF000816C41F001018164806C002200F0010081
:107C0000009011460B20FAF76DFB0B20FAF75CFB96
:107C1000002211460C20FAF765FB0C20FAF754FB02
:107C2000FDF7C6FCFDF716FEFDF7D0FEFDF7EAFDF9
:107C3000FDF704FFFDF796FEF8F74EFFF8F7A8FFF3
:107C4000FCE70000001002400346012000E058431A
:107C5000491EC9B2FBD270470100020004000600B1
:107C600008000A000C001000200040008000000105
:107C700001010103070100000804020408010101D9
:107C800000000000000000000102030406070809CC
:107C900000000000010203040000000000000000DA
:107CA00000000000000004040404040000040000BC
:107CB00014140A00000000000000000000000A0A7E
:107CC0001F0A0A1F0A0A000000040E1505060C14FC
:107CD000150E0400000012150D152E2C2A1200009E
:107CE0000000040A0A3615152916000002020100D8
:107CF0000000000000000000100808040404040450
:107D00000808100002040408080808080404020017
:107D100000000004150E0E1504000000000000080D
:107D2000083E0808000000000000000000000000FD
:107D30000202010000000000003F000000000000FF
:107D400000000000000000000002000000201010F1
:107D5000080804040202010000000E1111111111A3
:107D6000110E00000000040604040404040E0000C8
:107D700000000E1111080402011F000000000E1186
:107D8000100C1010110E00000000080C0C0A091F46
:107D9000081C000000001F01010F1110110E00004F
:107DA00000000C12010D1311110E000000001E1036
:107DB000080804040404000000000E11110E111143
:107DC000110E000000000E11111916100906000016
:107DD000000000000400000000040000000000009B
:107DE0000004000000040400000010080402020463
:107DF00008100000000000003F003F0000000000ED
:107E000000000204081010080402000000000E1117
:107E1000110804040004000000001C22292D2D1D5F
:107E2000221C0000000004040C0A0A1E1233000089
:107E300000000F12120E1212120F000000001E118D
:107E400001010101110E000000000F1212121212A6
:107E5000120F000000001F120A0E0A02121F00007B
:107E600000001F120A0E0A020207000000001C1286
:107E700001013911120C000000003312121E1212FF
:107E80001233000000001F0404040404041F000057
:107E900000003E0808080808080809070000371213
:107EA0000A060A121237000000000702020202024C
:107EB000223F000000003B1B1B1B15151535000061
:107EC00000003B1216161A1A1217000000000E11BD
:107ED00011111111110E000000000F12120E0202FA
:107EE0000207000000000E1111111117190E1800E1
:107EF00000000F12120E0A121237000000001E11AD
:107F000001060810110F000000001F1504040404EE
:107F1000040E00000000331212121212120C0000A4
:107F200000003312120A0A0C0404000000001515A8
:107F300015150E0A0A0A000000001B0A0A04040AAA
:107F40000A1B000000001B0A0A0A0404040E0000B9
:107F500000001F0908040402121F00001C0404048E
:107F60000404040404041C000002020404040808BD
:107F7000081010000E0808080808080808080E0075
:107F8000040A0000000000000000000000000000E3
:107F9000000000000000003F02040000000000009C
:107FA0000000000000000000000C121C123C000049
:107FB00000030202020E1212120E00000000000066
:107FC000001C1202120C000000181010101C1212DB
:107FD000123C000000000000000C121E021C0000F9
:107FE00000182404041E0404041E00000000000005
:107FF000003C120C021C221C00030202020E121290
:10800000123700000004040000060404040E0000FF
:1080100000080800000C080808080807000302020E
:10802000021A0A060A1300000007040404040404E8
:10803000041F000000000000000F151515150000BA
:1080400000000000000F12121237000000000000B4
:10805000000C1212120C000000000000000F12129F
:10806000120E020700000000001C1212121C103831
:1080700000000000001B06020207000000000000D4
:10808000001E020C101E000000000004041E040468
:10809000041C000000000000001B1212123C000033
:1080A00000000000001B0A0A040400000000000099
:1080B0000015150E0A0A000000000000001B0A044B
:1080C0000A1B000000000000003312120C08040319
:1080D00000000000001E0804041E00001808080824
:1080E000080C080808081800080808080808080804
:1080F000080808080604040404080404040406002C
:108100001609000000000000000000000000000050
:108110000000000000000000000000000000000857
:1081200008080808080800001818000000486C2417
:108130001200000000000000000000000000002409
:1081400024247F1212127F12121200000000081C59
:108150002A2A0A0C1828282A2A1C080800000022AB
:10816000251515152A585454542200000000000CFF
:108170001212120A76252911916E000000060604DB
:10818000030000000000000000000000004020107C
:108190001008080808080810102040000002040811
:1081A0000810101010101008080402000000000051
:1081B00008086B1C1C6B0808000000000000000091
:1081C000080808087F0808080800000000000000F0
:1081D000000000000000000006060403000000008C
:1081E00000000000FE000000000000000000000091
:1081F00000000000000000000606000000008040B3
:10820000402020101008080404020200000000189A
:108210002442424242424242241800000000000828
:108220000E08080808080808083E00000000003C86
:108230004242422020100804427E00000000003C20
:108240004242201820404042221C00000000002032
:108250003028242422227E20207800000000007E86
:108260000202021A26404042221C00000000003890
:108270002402021A26424242241800000000007E16
:108280002222101008080808080800000000003C1E
:108290004242422418244242423C0000000000189E
:1082A0002442424264584040241C00000000000068
:1082B000000018180000000018180000000000005E
:1082C0000000000800000000000808040000004052
:1082D00020100804020408102040000000000000E4
:1082E00000007F0000007F0000000000000000028E
:1082F0000408102040201008040200000000003C88
:108300004242464020101000181800000000001CD7
:10831000225A555555552D42221C000000000008D8
:1083200008181414243C224242E700000000001FF9
:108330002222221E22424242221F00000000007C14
:108340004242010101010142221C00000000001F05
:108350002242424242424242221F00000000003FAD
:108360004212121E12120242423F00000000003F61
:108370004212121E12120202020700000000003C0C
:108380002222010101712122221C0000000000E7CD
:10839000424242427E42424242E700000000003E2A
:1083A0000808080808080808083E00000000007CCB
:1083B00010101010101010101010110F0000007786
:1083C00022120A0E0A121222227700000000000771
:1083D0000202020202020202427F00000000007755
:1083E000363636362A2A2A2A2A6B0000000000E395
:1083F00046464A4A52525262624700000000001C40
:108400002241414141414141221C00000000003F06
:10841000424242423E020202020700000000001CEB
:108420002241414141414D53321C60000000003F58
:108430004242423E1212222242C700000000007C4B
:108440004242020418204042423E00000000007FE9
:108450004908080808080808081C0000000000E790
:108460004242424242424242423C0000000000E797
:108470004242222424141418080800000000006B53
:10848000494949495555362222220000000000E79B
:10849000422424181818242442E700000000007722
:1084A0002222141408080808081C00000000007E9E
:1084B0002120101008040442423F00000078080800
:1084C00008080808080808080808780000000202E0
:1084D000040408080810102020204040001E10103E
:1084E000101010101010101010101E000038440052
:1084F000000000000000000000000000000000007C
:108500000000000000000000000000FF000608005E
:10851000000000000000000000000000000000005B
:108520000000003C4278444242FC0000000000038E
:108530000202021A26424242261A000000000000EF
:1085400000000038440202024438000000000060CD
:10855000404040784442424264D80000000000009D
:108560000000003C427E0202423C0000000000F09D
:108570008808087E08080808083E0000000000007F
:108580000000007C22221C023C42423C000000030E
:108590000202023A4642424242E700000000000C5A
:1085A0000C00000E08080808083E0000000000301B
:1085B00030000038202020202020221E0000000350
:1085C00002020272120A1612227700000000000E48
:1085D0000808080808080808083E00000000000015
:1085E0000000007F9292929292B70000000000007B
:1085F0000000003B4642424242E70000000000000B
:108600000000003C42424242423C000000000000A8
:108610000000001B26424242221E0207000000000A
:108620000000007844424242447840E000000000EC
:10863000000000774C040404041F00000000000048
:108640000000007C42023C40423E0000000000006E
:108650000008083E08080808083000000000000074
:10866000000000634242424262DC00000000000061
:10867000000000E742242414080800000000000065
:10868000000000EB4949555522220000000000007F
:108690000000007624181818246E00000000000066
:1086A000000000E742242414180808070000000016
:1086B0000000007E22100808447E000000C0202038
:1086C00020202010202020202020C000101010107A
:1086D00010101010101010101010101000060808C4
:1086E0000808081008080808080806000C32C2002C
:1086F000000000000000000000000000000000007A
:108700000000000000000000000000000000000069
:108710000000000000000000000000000000000059
:108720000000000000000000000000000000000049
:108730000000E000E000E000E000E000E000E00019
:10874000E000E000E000E000E00060000000000069
:10875000F000F000F0000000000000000000000049
:1087600000000000B803B803B803B803B801000064
:1087700000000000000000000000000000000000F9
:1087800000000000000000000000000000000000E9
:108790000000000030073007300738073803FF0FAC
:1087A000FF0F180398039803FF0FFF0F9C019C0114
:1087B0009C018C01CC0100000000000000000000C2
:1087C00000006000F001F803FC077C077C077C00D8
:1087D0007C00F800E001E003E0076E076E077E070B
:1087E000FC07FC03F00160006000000000000000D6
:1087F000000000001C063E0336033603B601B60136
:10880000F600FE007C07E00FB00DB00DF00D980DE6
:10881000980D8C0F0C070000000000000000000005
:1088200000000000F000F8019C019C039C01DC01A9
:10883000F80078007C007E0EEE0EEE07CE078E0765
:108840009E0FFC0FF0000000000000000000000080
:1088500000000000700070007000700070000000E8
:108860000000000000000000000000000000000008
:1088700000000000000000000000000000000000F8
:108880000000000E000780038001C001C001C0008D
:10889000C000E000E000E000C000C000C000C00177
:1088A000800180030007000E0000000000000000AF
:1088B00006000E001C001800380030007000600038
:1088C00060006000600060006000600070003000C8
:1088D000380018001C000E00060000000000000018
:1088E00000000000E000E000E60CEE0EFE0FF803D2
:1088F000F001FC07FE0FE60CE000E00000000000C5
:108900000000000000000000000000000000000067
:1089100000000000000000000000E000E000E000B7
:10892000E000E000FF0FE000E000E000E000E00019
:108930000000000000000000000000000000000037
:108940000000000000000000000000000000000027
:108950000000000000000000000000000000000017
:108960001C001C001C0018000C000000000000008F
:1089700000000000000000000000000000000000F7
:1089800000000000FF0F00000000000000000000D9
:1089900000000000000000000000000000000000D7
:1089A00000000000000000000000000000000000C7
:1089B00000000000000000000000000000000000B7
:1089C0001C001C001C000000000000000000000053
:1089D0000000000C000C000600060003800380016C
:1089E000C001C000600060003000300018001C00B2
:1089F0000C000E0006000000000000000000000057
:108A000000000000F000F803BC071C070E070E0E64
:108A10000E0E0E0E0E0E0E0E0E0E0E0E0E071C0776
:108A2000BC07F803E00000000000000000000000A8
:108A300000000000C000E000F000F800FC00EC00C6
:108A4000E000E000E000E000E000E000E000E00026
:108A5000E000E00000000000000000000000000056
:108A600000000000F001FC039C070E070E07000742
:108A7000000780038003C001E000F00078003C00A4
:108A80001C00FE0FFF0F00000000000000000000AF
:108A900000000000F001F8031C070E070E07000796
:108AA0000007E003E00380070007000E0E0E0E072C
:108AB0009C07F803F0000000000000000000000028
:108AC0000000000000038003C003C003E003F003C4
:108AD000F003B8039C039C038E03FF0FFF0F80037A
:108AE0008003800300000000000000000000000080
:108AF000000000000000FC071C001C001C000C0013
:108B0000FE03DE070E070007000E000E07070E0724
:108B10008E07FC03F00000000000000000000000D1
:108B200000000000C003C001E000E0007000380059
:108B3000F801FC071C0F0E0E0E0E0E0E0E0E0E0E82
:108B40001C07F807F0010000000000000000000012
:108B5000000000000000FE0F000E00070007800369
:108B60008003C001C001E000E000E0007000700080
:108B7000700038000000000000000000000000004D
:108B800000000000F000FC031C070E070E070E0794
:108B90009C07FC03FC039E070E0E0E0E0E0E0E0E1F
:108BA0001E07FC03F00100000000000000000000B0
:108BB00000000000F000FC039E070E070E0F070FD9
:108BC0000E070E079E07FC03F003C001E001E00062
:108BD000700070003800000000000000000000007D
:108BE0000000000000000000000000000000000085
:108BF000E000E000000000000000000000000000B5
:108C0000E000E000E00000000000000000000000C4
:108C10000000000000000000000000000000000054
:108C2000E000E00000000000000000000000000084
:108C3000E000E000E00060006000000000000000D4
:108C400000000000000C00078003C001E00070007D
:108C500038001C000E001C0038007000E000C0014D
:108C600080030007000C000000000000000000006E
:108C70000000000000000000000000000000FF0FE6
:108C80000000000000000000FF0FFF0F00000000C8
:108C900000000000000000000000000000000000D4
:108CA0000000000006000E0018007000E000C00187
:108CB00080030007000E00078003C001E000700081
:108CC00018000E0006000000000000000000000078
:108CD00000000000F000F803BC071C070E070007A7
:108CE0008007C003C001E000E00060000000000059
:108CF000E000E000E00000000000000000000000D4
:108D000000000000E00138030C060C0CE60FB60F63
:108D1000BE0FBB0D9B0D9B0DDB0DDE07FE07060096
:108D20000C001803F001000000000000000000002B
:108D300000000000E000E000F000F001F001F801A8
:108D4000B803B803B8039C03FC07FC071E070E0F0B
:108D50000E0E0E0E0F0E00000000000000000000BE
:108D6000000000007E00FE038E070E070E0F0E0FA0
:108D70000E07FE03FE030E070E0E0E0E0E0E0E0F56
:108D80008E07FE07FE00000000000000000000004B
:108D900000000000E001F8033C071C0E1E0E0E0E42
:108DA0000E000E000E000E000E0E0E0E1E0E1C0FFC
:108DB0003C07F803E0010000000000000000000094
:108DC000000000001E00FE01CE038E070E070E0FEE
:108DD0000E0E0E0E0E0E0E0E0E0E0E0F0E078E0740
:108DE000CE03FE013E000000000000000000000075
:108DF00000000000FE07FE070E000E000E000E0031
:108E00000E00FE07FE070E000E000E000E000E0004
:108E10000E00FE0FFE0F000000000000000000002A
:108E200000000000FE0FFE0F0E000E000E000E00F0
:108E30000E000E00FE030E000E000E000E000E00CF
:108E40000E000E000E0000000000000000000000F8
:108E500000000000E000F803BC071C071E0F0E0E08
:108E60000E000E00CE0FCE0F0E0E0E0E1E0E1C0F9D
:108E70003C0FF80FE00E00000000000000000000B2
:108E8000000000000E0E0E0E0E0E0E0E0E0E0E0E3A
:108E90000E0EFE0FFE0F0E0E0E0E0E0E0E0E0E0E10
:108EA0000E0E0E0E0E0E000000000000000000006E
:108EB00000000000E000E000E000E000E000E00072
:108EC000E000E000E000E000E000E000E000E000A2
:108ED000E000E000E00000000000000000000000F2
:108EE00000000000000F000F000F000F000F000F28
:108EF000000F000F000F000F0E0F0E070E071E07CA
:108F0000BC07F803F00000000000000000000000B3
:108F1000000000000E0E0E078E03CE03EE01EE00E1
:108F20007E007E00FE00FE01CE01CE038E038E0782
:108F30000E070E0F0E0E00000000000000000000E3
:108F4000000000000E000E000E000E000E000E00CD
:108F50000E000E000E000E000E000E000E000E00A1
:108F60000E00FE0FFE0F00000000000000000000D9
:108F7000000000001E0F1E0F1E0F9E0FBE0FBE0F23
:108F8000BE0FBE0FBE0FFE0FFE0FFE0FFE0EEE0E4B
:108F9000EE0EEE0EEE0E00000000000000000000DD
:108FA000000000000E0E1E0E1E0E3E0E3E0E3E0E69
:108FB0007E0E7E0EEE0EEE0ECE0FCE0F8E0F8E0FAD
:108FC0008E0F0E0F0E0F00000000000000000000CA
:108FD00000000000F000F803BC071E070E0F0E0E85
:108FE0000E0E0E0E0E0E0E0E0E0E0E0E0E0F1E0797
:108FF000BC07F803F00000000000000000000000C3
:10900000000000007E00FE038E070E0E0E0E0E0EF8
:109010000E0E0E0FFE07FE030E000E000E000E00D9
:109020000E000E000E000000000000000000000016
:1090300000000000F000F803BC071E070E0F0E0E24
:109040000E0E0E0E0E0E0E0E0E0ECE0FCE0F9E0735
:10905000BC07F807F0070000000000000000000057
:10906000000000007E00FE038E070E0F0E0E0E0E97
:109070000E0F8E07FE03FE01CE018E038E030E0738
:109080000E070E0F0E0E0000000000000000000092
:1090900000000000F000F8039C071E070E071E00EA
:1090A0003C00F800F003C007000F0E0E0E0E0E0F6E
:1090B0001E07FC03F001000000000000000000009B
:1090C00000000000FE0FFE0FE000E000E000E00006
:1090D000E000E000E000E000E000E000E000E00090
:1090E000E000E000E00000000000000000000000E0
:1090F000000000000E0E0E0E0E0E0E0E0E0E0E0EC8
:109100000E0E0E0E0E0E0E0E0E0E0E0E0E0E0E0F7E
:109110009C07FC07F00100000000000000000000B8
:1091200000000000070E0F0E0E0E0E0F1E071C078C
:109130001C079C03BC03B803B803F801F001F0015D
:10914000F000E000E000000000000000000000006F
:1091500000000000E70EE70EE70EF70EFE0EFE0F12
:10916000FE0FFE0FFE0FBE07BE07BE07BC079C0723
:109170009C079C071C03000000000000000000008A
:10918000000000000E0E1E071C079C03B803F80128
:10919000F001F000E000F001F001B803BC031C078F
:1091A0001E070E0F0F0E0000000000000000000060
:1091B000000000000F0E0E0E0E071C079C03B803E4
:1091C000F801F001F000E000E000E000E000E00065
:1091D000E000E000E00000000000000000000000EF
:1091E00000000000FE0FFE0F000700078003C00311
:1091F000C001E000E0007000780038001C001C0096
:109200000E00FE0FFE0F0000000000000000000036
:10921000E00FE00F60006000600060006000600030
:10922000600060006000600060006000600060003E
:10923000600060006000E00FE00F00000000000030
:10924000000000000E000C001C0018003800380060
:10925000300070006000E000E000C000C00180014C
:109260008003000300030007000600000000000068
:10927000FE00FE00E000E000E000E000E000E000B2
:10928000E000E000E000E000E000E000E000E000DE
:10929000E000E000E000FE00FE0000000000000032
:1092A000F001F8039C030E0600000000000000001F
:1092B00000000000000000000000000000000000AE
:1092C000000000000000000000000000000000009E
:1092D000000000000000000000000000000000008E
:1092E000000000000000000000000000000000007E
:1092F00000000000000000000000FF0F0000000060
:109300007000E000C001C00100000000000000008B
:10931000000000000000000000000000000000004D
:10932000000000000000000000000000000000003D
:10933000000000000000000000000000000000002D
:10934000F803FC071C070007F007FC071E070E07C1
:109350008E07FC07780E00000000000000000000EF
:10936000000000000E000E000E000E000E000E00A9
:10937000FE03FE071E070E070E0F0E0E0E0F0E0742
:109380009E07FE03EE010000000000000000000048
:1093900000000000000000000000000000000000CD
:1093A000F803FC071E070E070E000E000E0E0E0F30
:1093B0001C07F803F001000000000000000000009E
:1093C0000000000000070007000700070007000773
:1093D000F807FC071E070E070E070E070E070E07FD
:1093E0009C07FC07F00700000000000000000000E0
:1093F000000000000000000000000000000000006D
:10940000F803BC071C070E07FE0F0E000E000E0F20
:109410001C07F803F001000000000000000000003D
:10942000000000008007E00F700C700070007000FA
:10943000FE07FE0770007000700070007000700082
:1094400070007000700000000000000000000000CC
:10945000000000000000000000000000000000000C
:10946000F80FFC039C039C039C03FC03FC010E000F
:10947000FC00F8070E0E0E0E1E07FC030000000095
:10948000000000000E000E000E000E000E000E0088
:10949000EE03FE071E071E0E0E0E0E0E0E0E0E0E15
:1094A0000E0E0E0E0E0E0000000000000000000068
:1094B000000000000000E000E000000000000000EC
:1094C000E000E000E000E000E000E000E000E0009C
:1094D000E000E000E00000000000000000000000EC
:1094E0000000000000008003800300000000000076
:1094F0008003800380038003800380038003800354
:109500008003800380038003FC01FC000000000056
:10951000000000000E000E000E000E000E000E00F7
:109520008E07CE03EE01FE00FE00FE01DE018E037B
:109530000E070E070E0E00000000000000000000E5
:1095400000000000E000E000E000E000E000E000DB
:10955000E000E000E000E000E000E000E000E0000B
:10956000E000E000E000000000000000000000005B
:1095700000000000000000000000000000000000EB
:109580007F0FFF0FEF0CE70CE70CE70CE70CE70C85
:10959000E70CE70CE70C00000000000000000000F2
:1095A00000000000000000000000000000000000BB
:1095B000EE03FE071E071E0E0E0E0E0E0E0E0E0EF4
:1095C0000E0E0E0E0E0E0000000000000000000047
:1095D000000000000000000000000000000000008B
:1095E000F801FC071E070E0E0E0E0E0E0E0E0E0FCD
:1095F0009C07F803F00000000000000000000000DD
:10960000000000000000000000000000000000005A
:10961000FE01FE071E070E070E0F0E0E0E0F0E07A1
:109620009E07FE03EE010E000E000E00000000007B
:10963000000000000000000000000000000000002A
:10964000F807FC071E070E070E070E070E070E078A
:109650009C07FC07F0070007000700070000000058
:1096600000000000000000000000000000000000FA
:109670009C03FC037C003C003C001C001C001C0004
:109680001C001C001C000000000000000000000086
:1096900000000000000000000000000000000000CA
:1096A000F803BC071C071C00FC00F00300070C07B4
:1096B0001C07FC07F0010000000000000000000093
:1096C00000000000000000007000700070007000DA
:1096D000FE07FE07700070007000700070007000E0
:1096E0007000E007C007000000000000000000005C
:1096F000000000000000000000000000000000006A
:109700000E0E0E0E0E0E0E0E0E0E0E0E0E0F0E0F77
:109710009E0FFC0F780E000000000000000000000B
:109720000000000000000000000000000000000039
:109730000E0E0E071C071C079C03B803B801F001AE
:10974000F001F000E0000000000000000000000058
:109750000000000000000000000000000000000009
:10976000E70EE70EF60EFE0EFE0FFE07BC07BC0767
:10977000BC079C039C0300000000000000000000E8
:1097800000000000000000000000000000000000D9
:109790001E079C03B803F001F000F000F001F8038D
:1097A0009C031C070E0E00000000000000000000DB
:1097B00000000000000000000000000000000000A9
:1097C0000E0E0E071C071C079C03B803B801F0011E
:1097D000F001F000E000E0007C003C000000000030
:1097E0000000000000000000000000000000000079
:1097F000FC07FC078003C001E000F000780038009F
:109800001C00FE07FE070000000000000000000032
:109810008007800380018001800180018001800138
:109820008001C001E001C001800180018001800150
:10983000800180018001800380070000E000E000DB
:10984000E000E000E000E000E000E000E000E00018
:10985000E000E000E000E000E000E000E000E00008
:10986000E000E000E000E000E000E00000000000B8
:109870001E00380038003800380038003800380042
:1098800038003800700070003800380038003800A8
:1098900038003800380038001E0000000000780C46
:1098A000FC0ECE0780030000000000000000000056
:1098B00000000000000000000000000000000000A8
:1098C0000000000000000000000000000000000098
:1098D0000000000000000000000000000000000088
:1098E0000000000000000000000000000000000078
:1098F0000000000000000000000000000000000068
:109900000000000000000000000000000000000057
:10991000000000000000C001C001C001C001C00182
:10992000C001C001800080008000800080008000B5
:10993000800000000000000000008001C003C003A0
:109940008001000000000000000000000000000096
:109950000000E01CE01CF01E700E38071803080120
:109960008400000000000000000000000000000073
:1099700000000000000000000000000000000000E7
:1099800000000000000000000000000000000000D7
:109990000000000000000000201020102010201007
:1099A0002010FE7FFE7F1008100810081008100815
:1099B00010081008FE7FFE7F08040804080408044D
:1099C000080400000000000000000000000000008B
:1099D0000000000000010001C007601910311831BB
:1099E0001839183938017001E001C0038007000FF1
:1099F000001D003900311C311C310C310C11180DC7
:109A0000E00700010001000100000000000000006C
:109A100000000000000000001C1036186308630CF2
:109A200063046304630263026301361D9C37802272
:109A300080634063406320632063306310221836E4
:109A4000081C0000000000000000000000000000F2
:109A50000000000000000000F00098018C018C0163
:109A60008C018C018C00CC007800183E1C08360854
:109A7000320863046304C304C303834306438E268E
:109A8000781C000000000000000000000000000042
:109A900000001C003C003C003000300010000C00B6
:109AA00006000000000000000000000000000000B0
:109AB00000000000000000000000000000000000A6
:109AC0000000000000000000000000000000000096
:109AD00000000040002000100008000C00040006F8
:109AE00000030003000380018001800180018001E8
:109AF00080018001800100030003000300060006CE
:109B0000000C0008001000200040000000000000D1
:109B10000000020004000800100030002000600077
:109B2000C000C000C0008001800180018001800170
:109B3000800180018001C000C000C00060006000A2
:109B400030001000080004000200000000000000C7
:109B50000000000000000000000000000001800381
:109B6000800300011C713C79783DC0070001C007EB
:109B7000783D3C791C710001800380038001000066
:109B800000000000000000000000000000000000D5
:109B900000000000000000000000000000000001C4
:109BA000000100010001000100010001FC7F000133
:109BB000000100010001000100010001000000009F
:109BC0000000000000000000000000000000000095
:109BD0000000000000000000000000000000000085
:109BE0000000000000000000000000000000000075
:109BF0000000000000000000000000001C003C000D
:109C00003C003000300010000C0006000000000096
:109C10000000000000000000000000000000000044
:109C2000000000000000000000000000FE7F0000B7
:109C30000000000000000000000000000000000024
:109C40000000000000000000000000000000000014
:109C50000000000000000000000000000000000004
:109C600000000000000000000000000000000000F4
:109C70000000000000000000000018003C003C0054
:109C800018000000000000000000000000000000BC
:109C900000000040006000200030001000180008A4
:109CA000000C000400060002000300018001800097
:109CB000C0004000600020003000100018000800C4
:109CC0000C0004000600020000000000000000007C
:109CD0000000000000000000C007600C30181830C1
:109CE000183018200C600C600C600C600C600C606C
:109CF0000C600C600C601820183018303018600CA4
:109D0000C00700000000000000000000000000008C
:109D1000000000000000000000018001F801800147
:109D2000800180018001800180018001800180012B
:109D30008001800180018001800180018001C003D9
:109D4000F81F0000000000000000000000000000FC
:109D50000000000000000000E007101C081804309C
:109D600004300C300C3000300018000800040002F1
:109D70000001800040002020102008200430FC1F3B
:109D8000FC1F0000000000000000000000000000B8
:109D90000000000000000000E003180E0C0C0C187E
:109DA0000C180C180018000C0006C003000E001858
:109DB0000010003000300C300C300C100C18180C57
:109DC000E0030000000000000000000000000000B0
:109DD0000000000000000000000C000E000E000F4C
:109DE000800E800E400E600E200E100E100E080E1B
:109DF000040E040EFE7F000E000E000E000E000E7C
:109E0000000EC07F00000000000000000000000005
:109E10000000000000000000F03FF03F10001000C4
:109E2000100008000800C807280C18180810003097
:109E30000030003000300C300C3004180418080CCE
:109E4000F00300000000000000000000000000001F
:109E50000000000000000000800FC0102030103013
:109E60001800180008000C008C0F6C183C301C60A7
:109E70000C600C600C600C601860182030306018AA
:109E8000C00700000000000000000000000000000B
:109E90000000000000000000F83FF83F1C100C0814
:109EA0000408040400040002000200010001000193
:109EB000800080008000C000C000C000C000C00062
:109EC000C0000000000000000000000000000000D2
:109ED0000000000000000000E007300C18180C30F3
:109EE0000C300C301C3038187008E007B007180E22
:109EF0000C1C063806300630063006300C18180CDC
:109F0000E00300000000000000000000000000006E
:109F10000000000000000000E00318040C080C180A
:109F20000610063006300630063006380C3C18366F
:109F3000F03100300018001800180C0C0C060C034F
:109F4000F001000000000000000000000000000020
:109F50000000000000000000000000000000000001
:109F60000000000000008001C003C0038001000069
:109F7000000000000000000000008001C003C003DA
:109F80008001000000000000000000000000000050
:109F900000000000000000000000000000000000C1
:109FA000000000000000C000C00000000000000031
:109FB0000000000000000000000000000000C000E1
:109FC000C000800080004000400000000000000051
:109FD000000000000000002000100008000400063F
:109FE00000038001C0006000300018000C00180061
:109FF00030006000C000800100030006000400087B
:10A000000010002000000000000000000000000020
:10A010000000000000000000000000000000000040
:10A02000000000000000FE7F0000000000000000B3
:10A030000000FE7F000000000000000000000000A3
:10A040000000000000000000000000000000000010
:10A050000000000000000400080010002000600064
:10A06000C000800100030006000C0018003000183A
:10A07000000C000600038001C000600020001000FA
:10A0800008000400000000000000000000000000C4
:10A09000000000000000C0073018083008600C60A5
:10A0A0001C601C601C600030001C00060001800069
:10A0B000800080008000000000008001C003C00319
:10A0C000800100000000000000000000000000000F
:10A0D0000000000000000000C007601810301820C9
:10A0E0000C2F8C4D864CC64CC64C664C6644664460
:10A0F000662666266615CC1C0C40082018303018E1
:10A10000C007000000000000000000000000000088
:10A110000000000000000001C001C001C0014001BA
:10A1200060032003200320033006100610061006EB
:10A13000F80F080C080C080C0C0C0418041806186E
:10A140001F7C000000000000000000000000000074
:10A150000000000000000000FE07181C183818302E
:10A160001830183018301818180CF807181818304C
:10A1700018201860186018601860186018301818D7
:10A18000FE0F0000000000000000000000000000C2
:10A190000000000000000000C027603810301820C8
:10A1A0000C400C40040006000600060006000600F5
:10A1B0000600060006000C400C400C201830301839
:10A1C000C0070000000000000000000000000000C8
:10A1D0000000000000000000FE03180E18181830E0
:10A1E000183018301860186018601860186018600F
:10A1F0001860186018601830183018101818180EE9
:10A20000FE0300000000000000000000000000004D
:10A210000000000000000000FE3F18301820186009
:10A220001840180018081808180CF80F180C18080F
:10A230001808180018001800184018401820183086
:10A24000FE3F0000000000000000000000000000D1
:10A250000000000000000000FE7F1870184018C0C9
:10A2600018801800181018101818F81F181818104F
:10A27000181018001800180018001800180018000E
:10A280007E00000000000000000000000000000050
:10A290000000000000000000C013701C1010181017
:10A2A0000C200C2004000600060006000600060034
:10A2B00006FC063006300C300C30183018303008F0
:10A2C000C0070000000000000000000000000000C7
:10A2D00000000000000000003F7E0C180C180C1855
:10A2E0000C180C180C180C180C180C18FC1F0C1857
:10A2F0000C180C180C180C180C180C180C180C183E
:10A300003F7E000000000000000000000000000090
:10A310000000000000000000F81F800180018001A3
:10A320008001800180018001800180018001800125
:10A330008001800180018001800180018001800115
:10A34000F81F0000000000000000000000000000F6
:10A350000000000000000000E07F0006000600068C
:10A3600000060006000600060006000600060006BD
:10A3700000060006000600060006000600060006AD
:10A38000000600060E060E038E01FC000000000011
:10A3900000000000000000007E7C18181808180457
:10A3A00018061802180198019801D801B80338035B
:10A3B00018071806180E180C181C18181830183022
:10A3C0007EFC000000000000000000000000000013
:10A3D00000000000000000007E00180018001800B7
:10A3E00018001800180018001800180018001800AD
:10A3F00018001800180018001840184018201830CD
:10A40000FE3F00000000000000000000000000000F
:10A4100000000000000000001FF81C381C381C3829
:10A420001C3C343434343434343674326432643260
:10A4300064326431C431C431C431C430C430843076
:10A440009FFC000000000000000000000000000071
:10A4500000000000000000001F7C1C103C103410A5
:10A46000341074106410E410C410C41184118413E7
:10A47000041304170416041E041C041C041C0418F2
:10A480001F18000000000000000000000000000095
:10A490000000000000000000C003300C1818081075
:10A4A0000C300C30066006600660066006600660D0
:10A4B0000660066006600C200C3008101818300C7E
:10A4C000C0030000000000000000000000000000C9
:10A4D0000000000000000000FE0F1818183018607F
:10A4E000186018601860186018301818F80F1800F5
:10A4F000180018001800180018001800180018009C
:10A500007E000000000000000000000000000000CD
:10A510000000000000000000C003300C18180C10F0
:10A520000C300C200660066006600660066006605F
:10A53000066006600660E4612C331C321816300E8B
:10A54000C007004C007C0038000000000000000044
:10A550000000000000000000FE07181C183818302A
:10A560001830183018301818180CF807980318030A
:10A57000180718061806180E180C180C181C1818AE
:10A580007E780000000000000000000000000000D5
:10A590000000000000000000E027303818300C20D8
:10A5A0000C200C000C0018007800E003800F001E47
:10A5B00000380070006004600460086018303818CB
:10A5C000C80F0000000000000000000000000000B4
:10A5D0000000000000000000FC3F8C2184618241EB
:10A5E0008241800180018001800180018001800121
:10A5F0008001800180018001800180018001800153
:10A60000E007000000000000000000000000000063
:10A6100000000000000000003F7C0C100C100C102B
:10A620000C100C100C100C100C100C100C100C104A
:10A630000C100C100C100C100C100C100808380426
:10A64000E003000000000000000000000000000027
:10A6500000000000000000003EF81820182018201C
:10A660003010301030103010600860086008E00CC6
:10A67000C004C004C0048003800380038003000181
:10A6800000010000000000000000000000000000C9
:10A690000000000000000000DFF3866186218621B3
:10A6A0008C210C218C238C138C138C134C1358127B
:10A6B0005816580E380E380E380E300C1004100490
:10A6C0001004000000000000000000000000000076
:10A6D00000000000000000007E3E1808380830042A
:10A6E000300470026002E001C001C00180018003FB
:10A6F0004003400720062006100C100C081808180C
:10A700003E7C00000000000000000000000000008F
:10A7100000000000000000007E7C1C1018101808CB
:10A720003008300C700460046002C002C002C00136
:10A730008001800180018001800180018001800111
:10A74000E007000000000000000000000000000022
:10A750000000000000000000F83F18180818040C62
:10A76000040E00060007000380038001C001C00042
:10A77000E000600070003000382018201C100C1819
:10A78000FE1F0000000000000000000000000000AC
:10A790000000C03F4000400040004000400040003A
:10A7A00040004000400040004000400040004000A9
:10A7B0004000400040004000400040004000400099
:10A7C000400040004000C03F0000000000000000CA
:10A7D0000000000000000800180018001000300001
:10A7E0002000600060004000C00080008001800107
:10A7F000000100030002000600060004000C00082F
:10A8000000180018001000300020000000000000B8
:10A810000000FC030002000200020002000200022D
:10A820000002000200020002000200020002000218
:10A830000002000200020002000200020002000208
:10A84000000200020002FC03000000000000000003
:10A8500000008007C0062008101000000000000063
:10A8600000000000000000000000000000000000E8
:10A8700000000000000000000000000000000000D8
:10A8800000000000000000000000000000000000C8
:10A8900000000000000000000000000000000000B8
:10A8A00000000000000000000000000000000000A8
:10A8B0000000000000000000000000000000000098
:10A8C00000000000000000000000FFFF000000008A
:10A8D00000007800C000000100000000000000003F
:10A8E0000000000000000000000000000000000068
:10A8F0000000000000000000000000000000000058
:10A900000000000000000000000000000000000047
:10A910000000000000000000000000000000000037
:10A92000000000000000F00318060C0C0C0C000CDA
:10A93000800F700C1C0C0C0C060C060C064C0C4FFB
:10A94000F8380000000000000000000000000000D7
:10A9500000000000000010001E0018001800180081
:10A96000180018001800180FD81838303860186010
:10A97000186018601860186018601820383078184F
:10A98000C8070000000000000000000000000000F8
:10A9900000000000000000000000000000000000B7
:10A9A000000000000000C007700C181818180C18E0
:10A9B0000C000C000C000C000C20182018103008A3
:10A9C000C0070000000000000000000000000000C0
:10A9D0000000000000000010001E00180018001801
:10A9E000001800180018E01B301C181818180C1854
:10A9F0000C180C180C180C180C180818181C307AA5
:10AA0000E00900000000000000000000000000005D
:10AA10000000000000000000000000000000000036
:10AA2000000000000000C007300C181808100C309F
:10AA30000C30FC3F0C000C000C0018201810701893
:10AA4000C00700000000000000000000000000003F
:10AA50000000000000000000003E80C380C0C0C0B5
:10AA6000C000C000C000FC1FC000C000C000C0008B
:10AA7000C000C000C000C000C000C000C000C000D6
:10AA8000F80F0000000000000000000000000000BF
:10AA900000000000000000000000000000000000B6
:10AAA000000000000000C077306C1018181818184B
:10AAB00018181018300CF00718001800F00FF03FAD
:10AAC00008700C600C600C603838E00F000000006B
:10AAD00000000000000010001E0018001800180000
:10AAE000180018001800980FD8183830183018308F
:10AAF0001830183018301830183018301830183016
:10AB00007EFC0000000000000000000000000000CB
:10AB100000000000000000008003800380030000AC
:10AB2000000000000001F801800180018001800127
:10AB3000800180018001800180018001800180010D
:10AB4000F81F0000000000000000000000000000EE
:10AB5000000000000000000000380038003800004D
:10AB6000000000000010801F0018001800180018D6
:10AB70000018001800180018001800180018001815
:10AB8000001800180018180C1806F0030000000048
:10AB900000000000000010001E001800180018003F
:10ABA000180018001800183E180C18061803180191
:10ABB0009801D801380318071806180C181C181823
:10ABC0007E7C00000000000000000000000000008B
:10ABD0000000000000000001F801800180018001F8
:10ABE000800180018001800180018001800180015D
:10ABF000800180018001800180018001800180014D
:10AC0000F81F00000000000000000000000000002D
:10AC10000000000000000000000000000000000034
:10AC2000000000000800EE1C9C338C318C318C310C
:10AC30008C318C318C318C318C318C318C318C312C
:10AC4000DE7B0000000000000000000000000000AB
:10AC500000000000000000000000000000000000F4
:10AC60000000000010001E0FD818383018301830BF
:10AC70001830183018301830183018301830183094
:10AC80007EFC00000000000000000000000000004A
:10AC900000000000000000000000000000000000B4
:10ACA000000000000000C007701C103018300C605D
:10ACB0000C600C600C600C600C60183018303018A0
:10ACC000C0070000000000000000000000000000BD
:10ACD0000000000000000000000000000000000074
:10ACE0000000000010009E0F58183830182018601F
:10ACF00018601860186018601860183038307818BC
:10AD0000980718001800180018007E0000000000C6
:10AD10000000000000000000000000000000000033
:10AD2000000000000000C023303C183818300C3000
:10AD30000C300C300C300C300C3008301838303CF3
:10AD4000E033003000300030003000FC0000000034
:10AD500000000000000000000000000000000000F3
:10AD60000000000060007E3C60666061E000E00082
:10AD700060006000600060006000600060006000D3
:10AD8000FE070000000000000000000000000000BE
:10AD900000000000000000000000000000000000B3
:10ADA000000000000000E02730381830182018009C
:10ADB0007000E003800F001C043004300C301C18BD
:10ADC000EC0F000000000000000000000000000088
:10ADD0000000000000000000000000008000800073
:10ADE0008000C000E000FC1FC000C000C000C00028
:10ADF000C000C000C000C000C000C020C020801142
:10AE0000000F000000000000000000000000000033
:10AE10000000000000000000000000000000000032
:10AE20000000000010201E3C183018301830183078
:10AE3000183018301830183018301830183830F4EE
:10AE4000E01300000000000000000000000000000F
:10AE500000000000000000000000000000000000F2
:10AE60000000000000007E3C181818083808300464
:10AE70003004700260026002E001C001C001C00045
:10AE80008000000000000000000000000000000042
:10AE900000000000000000000000000000000000B2
:10AEA000000000000000DFF78E630C238C238C234E
:10AEB0009813981358165816700E700E700E2004C2
:10AEC000200400000000000000000000000000005E
:10AED0000000000000000000000000000000000072
:10AEE000000000000000FC3E70087004E004C00296
:10AEF000C0018003800340076006200C100C181866
:10AF00003E7E000000000000000000000000000085
:10AF10000000000000000000000000000000000031
:10AF20000000000000007E7C181818083008300867
:10AF3000300460046004C002C002C00280018001CD
:10AF400080018000800080004C003C000000000078
:10AF500000000000000000000000000000000000F1
:10AF6000000000000000FC1F0C0C040E040600038F
:10AF700080038001C000E0007020302038301C18B1
:10AF8000FC1F0000000000000000000000000000A6
:10AF90000000003000080004000400040004000465
:10AFA0000004000400040004000400028001000208
:10AFB0000004000400040004000400040004000471
:10AFC000000400040004000800300000000100013B
:10AFD0000001000100010001000100010001000169
:10AFE0000001000100010001000100010001000159
:10AFF0000001000100010001000100010001000149
:10B00000000100010001000100010001000000003A
:10B0100000000C0010002000200020002000200074
:10B02000200020002000200020004000800140007F
:10B030002000200020002000200020002000200010
:10B0400020002000200010000C000000000038004C
:10B05000C400864002610022001C000000000000C5
:10B0600000000000000000000000000000000000E0
:10B0700000000000000000000000000000000000D0
:10B08000000000000000000000000000B5E7100014
:10B090001000FF0111011101FF0111011101FF0158
:10B0A00011041004E007D1B90000FE0702004200BD
:10B0B00042004200FA034200420142024200FD0700
:10B0C000C1F740008100FA0720001002F9070204CE
:10B0D00050015001520549054406D6E18400840020
:10B0E0008F00F20795049F04F4079C0497049404CE
:10B0F000F4071404C4BF0000FE0302020202FE03B0
:10B1000002020202FE0302020202FE030202B1EA8E
:10B110000400E40304000F00F40786008E00A5027B
:10B12000A40494048400C400B7B4C0033E00020029
:10B130000200FE030A020A021201A2004200B2014A
:10B140000D06C0A18200F2079604F5078000FA07F9
:10B150000200F2079204920446033204CEC2F001C8
:10B160001101F2011001F0010100FA03A802AC0282
:10B17000AA02A902FC07B6C84000FE071201FE079A
:10B180001201F2010200FA0312022201C200390781
:10B19000CBD94100FA074000F8034B024A02FA03F8
:10B1A000E20052014A024200FD07CEBB4400840087
:10B1B0000200FA07030012021202220222012201F7
:10B1C0008200FA07D6C3FE035202FE032000FF07E7
:10B1D0002000FC010401040124012401FF07D4CB59
:10B1E0000200E40300000000F7078400440024028A
:10B1F000F40704040A00F107D0D00800E4030200B9
:10B200000900F40706010501040104010401040119
:10B21000C401C4A34401F4074401EF032402E6037C
:10B220002E02E5038400F40744013406CABD8002FF
:10B2300080048000FF0780008000BE0088000801B5
:10B24000080578060704D3D010001000FF07080097
:10B25000FC030602FD030402FC03040204020403CF
:10B26000B8D08002FE078200BA0282023A012A05A3
:10B27000BA0641042A024A05F105CEDE0000FE03AB
:10B28000200020002000FF07500050004800440428
:10B2900042048107B1D50200E407000442044204DD
:10B2A000FA054204620452044A0462040207BBB76E
:10B2B0000000EF07040184008400CF02A40494047A
:10B2C00084008C0083008000B5E700000000C0000F
:10B2D0004000400EFC0D480CE8055804C8037000FF
:10B2E00040204020803F00000000D1B90000000055
:10B2F0000008F007100010021002100E9003080A58
:10B3000008110401F47F020000000000C1F70000F2
:10B31000000000020800101F8001060D840EC80105
:10B32000080548054C054445247900000000CBD9A8
:10B330000000000000021802D007001EC00B4C0ED7
:10B340008803080F881268023E02C07F00180000C0
:10B35000B6C8000000010001000EF003D004900BFD
:10B36000F00290011007880288020403820C7078B2
:10B370000000CEBB000000002000200310001000E1
:10B38000080F08001408920488040802087FC80007
:10B3900000000000D6C300000000801F7009500F9D
:10B3A000A000800F6000E007E005A0056002A00299
:10B3B000E07F1C000000D4CB0000000000009807D4
:10B3C00010000018E0071E0108018818C8170800BF
:10B3D000F600003F00000000D0D000000000200078
:10B3E000101C080224001078D0071804140412045A
:10B3F00010041004100600040000C4A3000000089C
:10B400001009103D900738188E1798082C0F0C2241
:10B41000CA1F09060809881000200000CABD0000E4
:10B420000000800C800000010007F0010001C00254
:10B4300038022004C00C3808007000600000D3D02F
:10B440000000800180008038FC0740004006E005D5
:10B450005004C8054404C004200420040004000073
:10B46000CEDE000000000000E00380008000C00F7E
:10B4700078004001A000A00090400841047F000037
:10B480000000B8D00000000100090007F001900A98
:10B49000700AC805B804E80A843102112824C808D3
:10B4A000000F0000BFAA000000000000C00F6002F3
:10B4B00040024032FE0F2002200220021002100241
:10B4C000080200000000B1D500000000101820178D
:10B4D000081008110413E4118411441124111411EB
:10B4E0008411041800100000BBB700000000000029
:10B4F0003038DC07100430041C021003301398228B
:10B5000046022002000200020000C7BF0000000047
:10B510000000783F2011200F1C040434842FBC1439
:10B52000100F1014103CD42318000000CDCF0000E1
:10B53000000010021002101910079C005012901EFB
:10B540009813D40AB2409040187F00000000B8DF82
:10B55000000080008000F81F0002E0032001E000EE
:10B56000E43F1C10E4132411C4100410001C00005C
:10B57000C6B5000000002000203FE004281AF8258E
:10B580002429A42564252025201C10320C218000AC
:10B590000000D7A200000000000310060000001801
:10B5A000840704020002900F080208020C3EE80122
:10B5B00000000000C8EB00000000000060008000F8
:10B5C00080004001400120022004100C0818047083
:10B5D000000000000000D7AA0000100020041004A2
:10B5E0007004080F2802647EBC03501A3C1D10082A
:10B5F00010060004000C0000D7D300000000000774
:10B60000F004000280010039F0070C010001000184
:10B61000000100012001C0000000C1E300000002A1
:10B62000E0018018F837B4068400F002400160029F
:10B63000900CC8733601C00080000000CEBB000033
:10B6400000002000200310001000080F080014085C
:10B65000920488040802087FC80000000000D0A3FC
:10B660000000000010061000101890077C08101150
:10B67000F8049404140712061009D03010000000DA
:10B68000D7BC000000010001000D8C00480CC00771
:10B69000B01C90079014880F8404843F80008000C1
:10B6A0000000B9FD00000000000410040034C00FC9
:10B6B00000049C040805080408050806F400007F3F
:10B6C00000180000C7B70000000040004000200044
:10B6D000200FD004480040004000C00020011002AC
:10B6E000080C04780000B6C200000001080318111D
:10B6F000101608093075CC0F0802A81F9808C60E4E
:10B70000A009800E00090000D7AA00001000200444
:10B7100010047004080F2802647EBC03501A3C1DFC
:10B72000100810060004000C0000B1A30000000087
:10B73000300ED00D9004880E8C030C3EEA030807EF
:10B74000880A481A2862080200000000BBA4000012
:10B7500000002000200820002078F027A022601E92
:10B7600030012C012001A000B00040000000BBAC63
:10B7700000000008401F9809800A803EE461201400
:10B78000A00B880B8408840B84088408000C00003C
:10B79000C4A40000000800093C3FE4042418BC17BE
:10B7A0002417B80C2403243EE4033A0580180070E3
:10B7B0000000C7D00000000010001000100010387A
:10B7C00070271E221022302218118810481C0008F1
:10B7D00000000000BBBB000000003006101A100D76
:10B7E00010043C3E9015B014907C5E07100A1019AE
:10B7F000D03010400000BBFA000000001000100024
:10B800001000700F1C0510053805580514459248A6
:10B810005078100010000000B2CE000080004002FE
:10B820002006E001400EF801A002900450192C718E
:10B83000C2022001800040003000CAFD000000006C
:10B840002000A0047004A0047C3AA80DA4082005E0
:10B8500078065404200A70190C200000B1E600009C
:10B86000000018089000301D1811E80CD83EAE28D2
:10B87000B81E8C0848082808040400000000CAB656
:10B880000000000018003000803F801090101E095A
:10B8900008070800081B2831982048000000000015
:10B8A000BEF8000000000000008000808001808160
:10B8B00000C0400240E007202303301301988100BC
:10B8C000F8400F40F80C60CA04F0490230F8031049
:10B8D0000800000900E008203C082018187800F053
:10B8E0003F000000000000000000B6D4000000008F
:10B8F0000000000003000003000003000003C00379
:10B900000338030300013F00FD03180103A00103F6
:10B91000C01803C03003C0210360030330020318C2
:10B92000020304000300C0030080030000010000C4
:10B9300000000000D6B500000000000000400080BC
:10B94000C10080C100C0400440E00F607C00204086
:10B950000030200770F8064808064CF80642080632
:10B9600040C80640380660080660F80660080260B5
:10B97000087FE0FF00200000000000000000CFE092
:10B9800000000000000080010080010000010000B4
:10B99000010000010C00E11B002F18E0231098218A
:10B9A0001380E110C02710402D1220E1113021102A
:10B9B00018211004211A00E11D802118800108803F
:10B9C0000100000000000000D6D0000000000000D0
:10B9D0000000008000000080010000800100008065
:10B9E000010000800100008001001080010CF0FFC8
:10B9F000FF0F30800104308001043080010430806A
:10BA00000104308001043080010430800104308062
:10BA10000104F0FFFF073080010430800104008042
:10BA20000100008001000080010000800100008012
:10BA30000100008001000080010000800100008002
:10BA400001000080000000000000BEB00000000007
:10BA500000000000000000000001800100FFFF0165
:10BA6000000380010003800100FFFF01000380014B
:10BA70000003800100FFFF0100818100000003003E
:10BA80000000031CFCFFFF3F000040000003C0015A
:10BA900000FFFF010003C0000003C0000003C0005E
:10BAA00000FFFF000001410000040100000E7100D2
:10BAB00000078101800101076000010E1898011C38
:10BAC00004E0011800C0000000000000D4B0000035
:10BAD00000000000000000000008F0FFFF1F300021
:10BAE000000C3000000C3000100C30FE3F0C300415
:10BAF000000C3000000C3000000C3000000C300056
:10BB0000C00CF0FFFF0D3030060E3030060C301048
:10BB1000060C3010060C3010060C3018860C30184D
:10BB2000860C3008060D300C860D3006EE0F300204
:10BB3000FC0D3001000CF000000C3000000CF0FF98
:10BB4000FF0F3000000C1000000400000000B5E7FB
:10BB5000000000000000000000C0000000C0010064
:10BB600000C0000000C0000000C0000000C00000D5
:10BB7000E0FFFF0360C0000360C0000360C000037B
:10BB800060C0000360C0000360C00003E0FFFF036B
:10BB900060C0000360C0000360C0000360C0000319
:10BBA00060C00003E0FFFF0360C0000160C0000050
:10BBB00000C0000800C0001000C0001000C0001845
:10BBC00000C001380080FF1F0000000000000000DE
:10BBD000D7D30000000000000000000000000000BB
:10BBE0000003C0FFFF07000080070000C000000046
:10BBF00060000000180000000C00008003000080BE
:10BC0000030000800100008001080080011CFCFF8F
:10BC1000FF3F0080010000800100008001000080E3
:10BC20000100008001000080010000800100008010
:10BC30000100008001000080010000800100008000
:10BC4000010000FC010000E00000004000000000D6
:10BC500000000000000000000000000000000000E4
:10BC600000000000000000000000000000000000D4
:10BC70000000000008618CD3A5B7741284B39D57EF
:10BC8000B619BE7ADF3EDF7EADF8ADF8C6BB636E97
:10BC900008830021002100000000000000000000D7
:10BCA0000000000000200000000000000000000074
:10BCB0000000000000000000000000000000000084
:10BCC0000000000000000000000000000000000074
:10BCD0000000000000000000000000000000000064
:10BCE0000000000000000000000000006BB084B401
:10BCF000E79F95166BD16BD16BF16BF174117411D9
:10BD0000741174117C327C327C5284938CD49D5695
:10BD1000A5B8B5F8B619BE5AD6FCDF3DDF3EBE1950
:10BD20002987004100000000000000000000000022
:10BD30000000000000000000000000000000000003
:10BD400000000000000000000000000000000000F3
:10BD500000000000000000000000000000000000E3
:10BD60000000000073F0DF3DE73D8CB574326BF1ED
:10BD70006BF173F073F173F173F174117411741149
:10BD80007C327C327C5284738473849384B38CD4ED
:10BD90008CD48CD48CD48CD484739D77B619D71D55
:10BDA000B5F80000000000000000000000000000E6
:10BDB0000000000000000000000000000000000083
:10BDC0000000000000000000000000000000000073
:10BDD0000000000000000000000000007C73DF3E57
:10BDE000DF5D94F674126BF1C69BADD8B5F8BE1941
:10BDF000BE59BE5AC67ADF3DE77EE79FBE3A8493BE
:10BE000084938493849384938CD48CD48CD48CF436
:10BE100084B47C52A577ADD9ADF9D71DBE390000E9
:10BE20000000000000000000000000000000000012
:10BE30000000000000000000000000000000000002
:10BE400000000000000000000000000000000000F2
:10BE500000000000636FD71DDF3DBE5AC69C9536BB
:10BE6000D71DA597ADB7B5D8B5F8B619BE39BE5A26
:10BE7000C65AC67AC69BCE9BCEBBCEBBCEDCCEBC52
:10BE8000D6FCD6FCD71CDF3DE77EE77FE77ECEBB46
:10BE9000ADF9ADD9B63ABE5ABE3A00000000000076
:10BEA0000000000000000000000000000000000092
:10BEB0000000000000000000000000000000000082
:10BEC00000000000000000000000000031EAD71D63
:10BED000C6BB9D57D6FCDF3EDF3DA556A5774ACCB5
:10BEE000426B424A426A426B3A0984738CF48493EF
:10BEF000ADD9C67BC69BCEBBCEBBCEDCD6FCD71C99
:10BF0000DF1CDF1CDF5DDF5DE77DE77DE77EADF9F0
:10BF1000CEDCB6184249000000000000000000001E
:10BF20000000000000000000000000000000000011
:10BF30000000000000000000000000000000000001
:10BF400000000000216695378D1695166BD063B002
:10BF5000CE9BA576A556638E08420841004100415C
:10BF60000061006100620061194552EC94F4849311
:10BF700074115B8F63D08D15ADD8B63AAE195B4E98
:10BF8000636FB5F8DF5EE77EEF7EB619D71DB61892
:10BF900000000000000000000000000000000000A1
:10BFA0000000000000000000000000000000000091
:10BFB00000000000000000000000000031E984944F
:10BFC0007C53DF3F6BF163B07C739D359D55BDF8AD
:10BFD00008620062008200820082006100810081AC
:10BFE00000810082088200620062006200620882B2
:10BFF0000082004100620062006210E49D157C3105
:10C000008473E79DEF9FB63ADF3EB5F9002000004C
:10C010000000000000000000000000000000000020
:10C020000000000000000000000000000000000010
:10C030000000000000426BD17433CEBC7C7363B04F
:10C0400063B09D359D35D6DC0862006100610061FA
:10C050000081006200610061006100820062006294
:10C060000062008100820862086208620862008142
:10C0700008620862086210A394F47C328472E79E1E
:10C08000E77EBE39D71DB619000000000000000091
:10C0900000000000000000000000000000000000A0
:10C0A00000000000000000000000000000626BB013
:10C0B000DF3ED71E8CB4639063B09D359D35C67A44
:10C0C0000862088200820061008208820882008281
:10C0D0000082008200820082008200820082008250
:10C0E00000620862086208620862086208620882E8
:10C0F000088208A37C3194F5D6FCEF9ECEBBBE3AF5
:10C10000CEDCBE390000000000000000000000008E
:10C11000000000000000000000000000000000001F
:10C120000000000000216BF1DF5EADD97C53636F2E
:10C130005B4E94D49514A596088200620062086252
:10C140003A29BE19BE59C67ACEBBCEDBD6FCD71C67
:10C15000DF3DDF1DCE9B7C11190510E308C308A34A
:10C1600008A208A210A2088208A208A208822166DA
:10C170008473C67BE79EE79EBE5ABE7AC67BC65ACC
:10C1800000000000000000000000000000000000AF
:10C1900000000000000000000000000000216BF122
:10C1A000D73EB61984945B4E5B2E8CD494F494F4F1
:10C1B00000620061006100613A08B5F9BE39C65AF3
:10C1C000C67AC67BCE9BCEBBCEBBCEDCD6DCD6FC45
:10C1D000D71CD71CD71CD73CDF3DDF5DDF5DDF5DA3
:10C1E000E77DE77DE79E10A310A36BD0BE39D71D76
:10C1F000E77EE79EBE5ACEDCBE395B2D0000000014
:10C20000000000000000000000000000000000002E
:10C210000000000000006BD1CEFD94F67C535B2E35
:10C22000530D84938CB494D4008200610061006249
:10C2300031A7BDF9BE39BE39C65AC67AC69BCE9B58
:10C24000CEBBCEBCCEDCCEDCD6FCD71CD71DD73DBA
:10C25000D73DDF3DDF5DDF5DDF5DDF7DE77DE77DD6
:10C26000E79E08A310C3A5B7CEDCDF3DE79EE79E9F
:10C27000BE5ACEDCBE3900210000000000000000E4
:10C28000000000000000000000000000000173F149
:10C29000BE7C7C737412530D52ED84938C938CB3DB
:10C2A00000820061006100412166AD97B618BE3979
:10C2B000BE39C65AC67AC69BCE9BCEBBCEBBCEDCA1
:10C2C000CEDCD6FCD6FDD71DD71DDF3DDF3DDF5DC3
:10C2D000DF5DDF5DDF7DE77DE77DE77D636D10C3BB
:10C2E00010E4A597CEFC9D15E79DE77DBE5AD6DCF0
:10C2F000BE39000000000000000000000000000047
:10C300000000000000006BD16BF163B063AF52ED31
:10C3100052ED84728C938CB3006200610040004146
:10C3200029869D15ADD7B619BE19BE39C65AC67A2B
:10C33000C67BC69BCEBBCEBCCEDCCEDCCEFCD6FD57
:10C34000D71DD71DD71DD73DDF3DDF5DDF5DDF7D0D
:10C35000E77DE77DE77DE77D10A310C410E49D3500
:10C3600084B394F5E77DE77EBE5ACEDCBE190000AB
:10C370000000000000000000000000000000638FCB
:10C3800063B063B0638F4AED530D845284938C93F2
:10C39000110400610041004129A74A4AADD7B5F810
:10C3A000B619BE19BE39BE3AC67AC67AC69BCEBB8E
:10C3B000CEBBCEDCCEDCCEFCD6FCD71DD71DD71D28
:10C3C000D73DDF3DDF5DDF5DDF5DDF5DE77DE77D85
:10C3D000E77DE77D10E410E419258CB38493CEDB70
:10C3E000EF7ED6FDB5F8ADD8BE1900000000000004
:10C3F000000000000000638F7C53CEBC7432530EEB
:10C40000638F847284728C9310A3004100410041B9
:10C41000298731C8ADB7B5D8B5F8BE19BE19BE3930
:10C42000BE5AC65AC67AC69BCEBBCEBBCEDCCEDCCD
:10C43000CEFCD6FCD6FDD71DD71DD73DD73DDF5D41
:10C44000DF5DDF5DE75DE77DE77DE77DE77EE79E1A
:10C4500010E410E44AAB9515B619E77EE77EB5F80F
:10C46000ADD8ADD8BE390000000000000000634E1A
:10C47000C67BCEDC84948CD58CD57C7384728C93F3
:10C4800039E800410041004129666B6EAD97ADB8B7
:10C49000B5D8B5F8BE19BE19BE39C65AC65AC67A3D
:10C4A000C69BCE9BCEBBCEBBCEDCCEDCD6FCD6FCB8
:10C4B000D71DD71DD71DD73DDF3DDF5DDF5DE75DB4
:10C4C000E77DE77DE79EE77DE77EE77E10E310C32B
:10C4D0006BD0BE7ADF3DE77EE77EADD7ADB8B5F86D
:10C4E000741000000000638F6BB05B6F5B6F63B014
:10C4F0007C53530E847284729CD3004100410041EE
:10C5000010E4B5D8A576ADB7B5B8B5D8B5F8BDF9CE
:10C51000BE19BE39BE3AC65AC67AC69BCE9BCEBBA2
:10C52000CEBBCEDCCEDCCEFCD6FCD71DD71DD71DB6
:10C53000D73DDF3DDF5DDF5DE75DE77DE77DE77DE3
:10C54000E77DE77EE77DD6DB10C310C4B5F8E75E74
:10C55000E77EE77EE77EADD7ADB7BE39004100008C
:10C56000530D532E532E5B2E5B6F532E52EC847261
:10C57000ADB70021002100410041BDF9A556AD979E
:10C58000ADB7ADB7ADD8B5D8B5F9BE19BE19BE3A7D
:10C59000C65AC67AC67BC69BCEBBCEBBCEDCD6DC2B
:10C5A000CEFCD6FCD71DD71DD71DD73DDF5DDF5D87
:10C5B000DF5DDF5DE77DE77DE77DE77DE79DE77D8B
:10C5C000E77D190410C310E4C69BE77EE75EE77EB3
:10C5D000E79EADB7ADB7BE5A000052CC4ACC530D62
:10C5E000532E5B2E530D5AEC8451845200210001CE
:10C5F0000061A5359D35A576AD97ADB7ADB7ADD882
:10C60000B5D8B5F8BE19BE19BE3AC65AC67AC67BA9
:10C61000C69BCE9BCEBBCEDCD6DCD6FCD6FCD71DD3
:10C62000D71DD71DD73DDF5DDF5DDF5DDF5DE77DBA
:10C63000E77DE77DE79EE79EE79DE77DE77D10C408
:10C6400010C310E4C69AE77EB5D7E79EEF9FAD977B
:10C65000A597B61852CC4ACC530E5B2E530D530DF2
:10C66000634E845173D00041002131A74249A55641
:10C67000A576AD97ADB7ADB7ADD8B5D8B5F9BE19FC
:10C68000BE19BE19C65AC67AC67BC69BCE9BCEBB08
:10C69000CEDCD6DCCEDCD6FCD71DD71DD71DD73DD2
:10C6A000DF3DDF5DDF5DDF5DDF7DE77DE77EE77D31
:10C6B000E79DE77DE79EE79EE79E10C310C44AAB67
:10C6C000C67AE79EE75DE77EA576A556BE3952CCD1
:10C6D0004AED530E5B2E530D530D73D08451634EB0
:10C6E0000041004129A739E8A576A576AD97ADB7F9
:10C6F000ADD7ADD8B5D8B5F8B5F9BE19BE19BE5A83
:10C70000C65AC67AC69BCE9BCEBBCEBBCEDCCEDC99
:10C71000D6FCD6FCD71DD71CD73CD73DDF5DDF5DEF
:10C72000DF5DDF7DE77DE77EE79EE79DE77DE79DB7
:10C73000E79EE79EEF9E10C310C48CD3ADD894F44F
:10C74000E77EA556A556BE3952EC8CD56BF18D16F9
:10C75000532D530D741184515B2D0041004131A7BD
:10C7600039E8A576A596ADB7ADB7ADB7ADD7B5D815
:10C77000B5D8B5F8BE19BE39BE39C65AC67AC69BF9
:10C78000CE9BCEBBCEBBCEDCCEDCCEDCD6FCD71D6A
:10C79000D71DD71DD73DD73DDF5DDF5DDF5DDF7D79
:10C7A000E79EE77DE79DE79DE79DE79EE79EEF9E7D
:10C7B00010A310C46BD08CD48452E77EA556A55626
:10C7C000BE39530DE7BFCEDCC67B532D530D7C1114
:10C7D00084525AEC0041004131A73A08A576A5766B
:10C7E000A596ADB7ADB7B5D8B5D8CE9B31E8634EF9
:10C7F000426ABE19BE3AC67AC67BC69BC69BC69B1A
:10C80000C69BCEBBCEDCD6FCD71DD71DD71DD71CF3
:10C81000D73CDF3DDF5DDF5DDF5DE77DE77DE79DE9
:10C82000E79EE79EE79EE79EE79E10C310C36BF06E
:10C830008CF47C31E77EA577A556BE395B6EE79F09
:10C84000DF5ECEBC530D530D845284324A690041E1
:10C85000004131A74249A576A576A596AD97ADB71B
:10C86000B5B8B5D8A556214521264A6AB5D8BE39EE
:10C87000C65AC67AC69BCE9B29A829874A8BCEDC8E
:10C88000CEFCD6FCD6FC428B428B4ACC5B4E7C3134
:10C8900084727410636D638EDF7DE79EE79EE79E72
:10C8A000E79EE79E10C310A36BD094F47C51E77E03
:10C8B000A576A556BE39636FDF9FDF5EC69B532EFC
:10C8C000530D8472843142490041004131A74A6AC4
:10C8D000A576A576A596AD97ADB7ADB7B5D82166C7
:10C8E000212521464A8BB5F8BE19C65AC67AC69B81
:10C8F000C67A298729A74AABCEDCCEDCD6FC426AB1
:10C90000426A424A3A4A3A4A3A293A093A093A299B
:10C9100052ECDF7DE77DE79EE79EE79EEF9E10C32A
:10C9200010A36BAF94F47C32E77EA577A576BE3971
:10C93000634F953663906BF274126BF294D484510A
:10C940003A280060004131A74AABA576A576A596A6
:10C95000AD97AD97ADB7B5D829862125212652AB25
:10C96000BE19BE39C65AC67AC67B3A29298629A776
:10C9700052ECCEDCCEDC426A428A426A426A426AA9
:10C98000424A424A3A493A293A295B0CDF5DE77D3F
:10C99000E79EE79EE79EEF9E10C310A36BAF8CD47B
:10C9A0007411E77EA597A576BE194A6B530E530EF8
:10C9B00063906BF274138CB4845139E800410041E8
:10C9C00031A74A8BA576A576A596AD97AD97ADB75D
:10C9D000B5D821452126212652ABBE19BE39C65AEB
:10C9E000C67AC67A31C729872987530DCEBBD6DCD4
:10C9F000428A426A426A426A951573D04AAB428AB9
:10CA0000426A424A6BAFE75DE77DE77DE79EE79EBE
:10CA1000E77E10A310A36BAF8CD473F0E77EBE1932
:10CA2000A577BE19424A52ED530D639074337433A7
:10CA30008CB4845231A60041002131A74A8AA55600
:10CA4000A576A576A597ADB7ADB7B5D82145212672
:10CA500021265AECBDF9BE19BE3AC67AC67A29A774
:10CA600021662966530DCEBBD6BC42493A2852EC0A
:10CA7000DF3DD71CD73CDF3CDF5DDF5DDF5DE77D61
:10CA8000E77DE77DE77DE77DE79DE79D08A310A3B0
:10CA90006BAF8CD473D0E77EBE3AA597BE19426ABD
:10CAA0004AEE532E63B1743374338CD4845131A75E
:10CAB0000041002131A74A8AA556A556A576A5961C
:10CAC000AD97ADB7ADB72145212521465B2DB5D832
:10CAD000BE19BE39BE5AC65A29A729662987634E90
:10CAE000CEBBD6DC31E831E8636FD6FCD71CDF3C27
:10CAF000DF3DDF5DDF5DE77DE77DE77DE77DE77DAE
:10CB0000E77DE77DE79E08A308A36BAF8CD473D0C5
:10CB1000E77EBE3AA577BE3A426A532E63B07C5494
:10CB2000743374348CD4843131A60041002031A791
:10CB30004A8BA556A556A576A596AD96ADB7ADB7C9
:10CB40002966296629662166218629A729A729A79A
:10CB500029A72987216629676BAFCEBBD6DC3208AF
:10CB600031C84ACB741194F4CEDBD71DDF3DDF5DB5
:10CB7000DF5DE77DE77DE77DE77DE77DE79DE77D9D
:10CB800008A308836B8E8CD47C11E77EB63AA57718
:10CB9000BE3A4ACC84D59D799D79743474548C9472
:10CBA000843131A60040004131A752CB9D55A55696
:10CBB000A576A576A596ADB7D6DC31A731A731A766
:10CBC00031A729A731C731C831C831A729862966BD
:10CBD00052CC7C32CEBBCEBC3A2931E831E831E8C8
:10CBE00031E831E831C831C88C93DF3DDF5DE77D46
:10CBF000E77DE77DE77DE79DE77D10C308A36BAF89
:10CC00008CB4CEBCE77EB63A9D76BE5A530E9D9943
:10CC10009D999DB9745474348CB4843131A600400C
:10CC2000004129865B0C9D35A556A576A576AD9667
:10CC3000AD9773CF31A731A731C731C731C739E8B5
:10CC400039E831C831A729872966530CCE9BCEBB62
:10CC5000CEBCDF3D3A293A293A293A0931E831E890
:10CC600031E832085B2DDF5DDF7DDF7DE77DE77D2D
:10CC7000E77DE77D10C310A36BB08CB4CEBCE77E1C
:10CC8000B61A9D56BE3A530E9D999D999D9974333F
:10CC9000743494D4843129860040004129865AECAA
:10CCA0009D35A556A576A576A596A59631C7298664
:10CCB00029664A8BC639C67AD6BCE73DDEFC298791
:10CCC000298729665B0DC67BCEBBCEBCD6DCE73E92
:10CCD0004AAA426A3A493A0931E831E831E852CC85
:10CCE000D71CDF7DDF7DE77DE77DE77DE77D10C336
:10CCF00008A36BAF8CB4CEDCE77EB61AA577BE3A3C
:10CD000052EE745463916BF36BF36C1394F48431AF
:10CD1000296600200041296652EC9D35A556A5568E
:10CD2000A576A596AD9629862145212552ECB5D844
:10CD3000B5F8BE19BE39BE5931A7296629665B2DE3
:10CD4000C67BCEBBCEBCCEDCCEDCCEDCD6FCD71DCB
:10CD5000D71DDF3D31E831E84ACB634DDF5DDF7D34
:10CD6000E77DE77DE77DE77D10C310A36B8F84949B
:10CD7000CEBCE77EB61AA577BE3A4ACC6BF27433C6
:10CD80008CF66BF26BF394F5843129860020004118
:10CD9000298652CC9D359D55A556A576A576AD978D
:10CDA00021452125212552ECB5D8B5F8BDF9BE198C
:10CDB000BE3A298621662166634EC69BCEBBCEBB9A
:10CDC000CEDCCEDCCEFCD6FCD6FDD71CDF3C31E879
:10CDD00031E852CC6B8EDF5DDF5DE77DE77DE77D7F
:10CDE000E77D10C308A36B8F8CB46BB0E77EB63AB7
:10CDF000A577BE1A530E9D789578955863D26BF23D
:10CE00009CF58431296600410041298652CC9D352C
:10CE10009D35A556A576A596AD97214521252104DA
:10CE20005B0DADB7B5F8BDF9BE19BE3929862966C7
:10CE30002966636EC67ACE9BCE9BCE9BCEBBCEDCE4
:10CE4000CEDCD6FCD6FCDF1C31C831C84ACCDF3D75
:10CE5000DF5DDF5DE75DE77DE77DE77D10C408A36B
:10CE6000636F8CB46BD0DF7DBE3AA577B6195B2EAD
:10CE70009D799D799558530E52ED94B48431214596
:10CE800000410041298652CC9D359D35A556A556B9
:10CE9000A576AD9721452125190573D0ADB7B5F815
:10CEA000B5F9BE19BE392986296629666B8FC67AFF
:10CEB000C69B31E831E831E831E8320832093A09F5
:10CEC00039E831E831E852ECDF3DDF5DDF5DE75DF9
:10CED000E75DE75DE77D10C408A3636E8CD4741131
:10CEE000DF5DB63AA578BE19532E9D799D79955888
:10CEF00052ED4ACC9493843121250041004129868A
:10CF000052CB9D359D35A536A556A576AD972145C5
:10CF1000212542294A8BADD7B5D8B5F9BE19BE191E
:10CF20002986296631C77C11C67AC67B3A093A0937
:10CF30003A093A093A293A2A320831E831C832081E
:10CF40005B4EDF3DDF3DDF5DDF5DDF5DDF5DE75DCC
:10CF500010A308A3636E8CD46BB0DF5DB6199D7708
:10CF6000B619530D95588CF56BD152ED4AEC94B32C
:10CF70008451214500410021298652CB9D359D35A4
:10CF8000A536A556A576D6DC2145214552CCA55619
:10CF9000B5B8B5D8B5F8BE19BE1929862986530C7F
:10CFA000638FC67ACEBB3A49422942294249426A36
:10CFB000424A3A0931E831E86BAFDF3DDF3DDF3D02
:10CFC000DF5DDF5DDF5DDF5DE75D10C308A3634EFE
:10CFD0008CB46BAFDF3DA5969D35B5F84ACD8CD5A9
:10CFE0005B6F5B2E52ED52EC94B3843121450041CE
:10CFF000002129865B0C9D159D35A536A556A57685
:10D00000A576A576AD97AD97ADB7B5B8B5D8B5F857
:10D01000BE19BE19BE19BE19BE39C65AC67ACE9BF4
:10D02000D6FCE75EEF9FE75ECE7BA57794D48C932A
:10D03000E75ED71DDF1DDF3DDF3DDF3DDF5DDF5DEF
:10D04000DF5DDF5D10C408A3634E8CD46BB0DF3DA1
:10D05000A5969D15B5D84ACC84B55B4F532E52ED9D
:10D0600052EC94B384312125004100212986632D9F
:10D070009D159D359D36A556A576A576A576AD97C9
:10D08000AD97ADB7B5D8B5D8B5D8B5F9BE19BE19F5
:10D09000BE3AC65AC65AC67AC67AC69BCE9BCE9BA5
:10D0A000CEBBCEBCCEDCD6DCD6FCD71DD71DD71D63
:10D0B000D73DD73DDF3DDF3DDF5DDF5DDF5D19043F
:10D0C00008A3634E8CD46BB0DF3DAD969D15B5F9CA
:10D0D0004ACD7C745B4E530E52ED52CC94B38431E6
:10D0E000192400410021296639C894F49D159D3604
:10D0F000A556A576A576A576A596ADB7ADB7B5B874
:10D10000B5D8B5D8B5F8BE19BE19BE39C63AC65A93
:10D11000C67AC67AC69BCE9BCEBBCEBBCEBCCEDC7F
:10D12000CEDCD6FCD6FDD71DD71DD71DD71DDF3DC4
:10D13000DF3DDF3DDF5DDF5D216610A35B2E8CD51B
:10D140006BB0DF3DAD979D15B5F94ACD7C73532E7D
:10D15000532E52ED4ACC94B37C10B5B70061004118
:10D160000040214552AC9CF59D35A5369D56A576CF
:10D17000A576A597AD97ADB7ADB8ADD8B5D8B5F88C
:10D18000BDF9BE19BE19BE39BE5AC65AC67AC67A8C
:10D19000CE9BCEBBCEBBCEBBCEBBCEDCCEFCD6FCBC
:10D1A000D6FDD71DD71DD71DDF3DDF3DDF3DDF3D60
:10D1B000DF3D10C310A35B2E9515A556DF1DBE18CD
:10D1C0009D35B5D84ACD7C735B6E638F6BF163D1AF
:10D1D00095377C118431CEBB0041004100202146AF
:10D1E00084729D159D359D55A556A576A596AD973E
:10D1F000ADB7ADB7ADB8B5D8B5D8B5F8BE19BE198D
:10D20000BE19C63AC65AC67AC67AC69BCE9BCEBB54
:10D21000CEBBCEDCCEDCCEDCD6FCD6FCD6FDD71D1C
:10D22000D71DDF3DDF3DDF3DDF3DD6FC10A308A36A
:10D230005B0D8CD57411DF1DB6189D15B5D84AACA1
:10D2400084B4ADF96BF1B61B8494638F636E7C116B
:10D25000845231C7004100410041298794D49D1573
:10D260009D35A556A576A576A597ADB7ADB7ADB753
:10D27000ADD8B5D8B5F9B5F9BE19BE19BE39BE5A83
:10D28000C65AC67AC67AC69BC69BC6BBCEBBCEDC88
:10D29000CEDCD6FCD6FCD6FCD71DD71DD71DDF1D96
:10D2A000DF3DDF1D10A308A310C35B2EA5B8C69CED
:10D2B000D71DB5F89D15B5F800214AACBE5AD6FC6D
:10D2C000DF5D74127C534AAC5B0D7C31845200628A
:10D2D0000061004110C49CD49D159D35A556A576CE
:10D2E000A596A596ADB7ADB7ADB7ADB8B5D8B5F8FD
:10D2F000B5F8BE19BE19BE39BE39C65AC67AC67B44
:10D30000C69BC69BC69BCEBBCEBBCEDCCEDCCEFCCA
:10D31000D6FCD6FDD71DD71DDF1DD71D10A310A32A
:10D3200008A33A098CD5B61ACEFCD6DC9D359D35BE
:10D33000ADB700210021426BA598B61A8CD6A5B9CD
:10D340006BD14AAC73B07C52845200200041004142
:10D350002146BDF89D159D55A576A576A576AD9778
:10D36000AD97ADB7ADB7ADD8B5F8B5F8B5F9BE194D
:10D37000BE19BE39BE3AC67AC67AC67BC69BCE9B5C
:10D38000CEBBCEBBCEDCCEDCCEFCD6FCD6FCD6FCF7
:10D39000D6FCD6FC08A310A310A319258CF5BE7BE0
:10D3A000CEBCCEDC9D359D159D3594F400610061A9
:10D3B0000021426A74326BF26BD2BE5B63904AAC5E
:10D3C000741184528C7200410041002129879D15FF
:10D3D0009D15A556A576A576A596ADB7ADB7ADD7E3
:10D3E000ADD7B5F8B5F8B619BE19BE19BE19BE3A13
:10D3F000C65AC67AC67AC67AC69BCE9BCEBBCEBC70
:10D40000D6DCD6DCCEFCD6FCD6FCD6FC52EC10A387
:10D4100010C319258494B63BC6BCCEBB9D359D1563
:10D420009D15A556006100610061006100213A0967
:10D430007433A5999D78BE5B636F4AAB74118452B7
:10D44000AD7600410041000131A74AAB9D35A5569C
:10D45000A576A576AD96ADB7ADB7ADD7B5D7B5F8CE
:10D46000B5F9BE19BE19BE39BE39C65AC65AC67AF2
:10D47000C67AC69BCE9BCEBBCEBBCEBCCEDCCEDCB2
:10D48000D6FCD6DCB63908A310A310E48493BE7B87
:10D49000C67BCEBBBE7A9D359D15ADB800620061DE
:10D4A000004100610061004108833A4A9D99A5B995
:10D4B0009538B61A636E4A8B7C328452EF7E0041F7
:10D4C000004100203187636EA556A576A596AD97DD
:10D4D000ADB7ADB7ADD7ADD7B5F8B5F8B5F9BE199D
:10D4E000BE19BE39BE3AC65AC65AC67AC69BC69B34
:10D4F000CE9BCEBBCEBBCEBCCEDCCEDCCE9B10A3B7
:10D5000008A310E48472B61AADF9C69BCE9BD6FC74
:10D510009D35ADB808820061008100410061006165
:10D520000041004129C75B4F9D99A5B99558BE5B45
:10D530005B4F52EC84528C728C920041004100206F
:10D5400039C88C93A576A596AD96ADB7ADB7ADD7D6
:10D55000ADB7B5D8B5F8B5F8BDF9BE19BE19BE3A24
:10D56000BE3ABE5AC67AC67BC69BC69BCEBBCEBB56
:10D57000CEBBCEBBCEBB08A308A308A374119D7776
:10D58000A5B8C67BC67BD71DA597A556088308629C
:10D5900000610081004100610061006100410041C3
:10D5A00031E88D16A5B9A5B9ADD9ADF952ED636EC7
:10D5B00084528C73008200410041088231C89D353D
:10D5C000A576A596ADB7ADB7ADB7ADB7B5D8B5F83B
:10D5D000B5F8BE19BE19BE19BE39BE39BE3AC65A13
:10D5E000C67AC69BC69BCE9BCEBBCEBBCE9B08A3AA
:10D5F00008A31083320974129D77BE7AC67BD71DAB
:10D60000CE9B9D5652EC0862086200810081004169
:10D6100000610061006100410041004132099D79D3
:10D62000A5B9A5B9B65BADF94AAC7C1184728C93EF
:10D630000041004100412966BE399D36A576A57698
:10D64000A596ADB7ADB7ADD7B5D8B5F8B5F8B6189E
:10D65000BE19BE19BE39BE39C65AC65AC67AC67B6D
:10D66000C69BCE9BCE9B08830883088210E46BD0B8
:10D670008CD5BE5AC67ACEFCD6FD9D3594F4086191
:10D680000861006100810082004100610061006169
:10D6900000610061004100413A29B61AA5B9A5BA56
:10D6A000BE7B74324AAC84738C9394B300410041C6
:10D6B000006121456BCF9D359D35A576B5D8BE3926
:10D6C000ADD8B5F8A5978CD47C727C527C5284730B
:10D6D00094F49D36A597ADD8BE39BE3AC65A10A36C
:10D6E0000882108310A36BB07C73BE3ABE5AC65A30
:10D6F000D6FC9D15A597086200610061008100813C
:10D700000862004100610061006100610061006128
:10D71000004100413A29B61AA5BAA5DABE7B6BD101
:10D7200052ED94D48CB39D1400410061004100611E
:10D7300000620062006200620861006100610861CD
:10D7400000610062006208620042006208620862D2
:10D750000861088208820882088208820883636F51
:10D760007C11BE39BE5ABE5ADF1D9D15ADB8088268
:10D770000862006100810081088208620041006146
:10D7800000610061006100610061006100410021F1
:10D790003A4A84D6B63BC69CC67B6BD05B2E8CB314
:10D7A0008CD3C65900610081008200810081008213
:10D7B000006200620081088200820882088208827A
:10D7C00000620062006208620862088208820882C1
:10D7D0000882088208A26BD06BAFA577BE3ABE5A0A
:10D7E000D71D94F4ADB70062088200620081008208
:10D7F0000862086208620041006100410061006146
:10D80000006100610061006100610042428B84F6AA
:10D810007C74C69CC69C6BD073F18CB38CB3EF7ECA
:10D8200008820882086208820882088208820862E8
:10D830000882088208A20882088208820882086298
:10D84000088208820882088208820882088273F0AF
:10D850005B2E73F1B619BE3A94F5ADB79D350883CA
:10D860000862086200620062088208620862086258
:10D870000041004100610040004100410041006161
:10D88000006100610041088352EDB63AC6BCCEFD8E
:10D890007C736BD174118CB494D34AAB0882086248
:10D8A0000882088208A20882088208820882088208
:10D8B0000882088208820882088208820882088218
:10D8C0000882088208A23A4A428B73F0BE19BE3918
:10D8D00084B4A5778CB4424A006208620862086288
:10D8E0000862086208620862086200410061006123
:10D8F0000040084100410061006100610061006179
:10D90000004131E85B4FCEFDD71DC69B74327432A7
:10D91000A59794D494D49D1594D494F49D14A535CE
:10D92000A576B5F8CE9ADEFCDF3DE75EEF7FEF9F90
:10D93000EF7FEF9FF7BFEFBFEF7FE77FE77EEF9FC0
:10D94000D6FDC67BB5F9B6397C53A5B884B4B5B855
:10D950000862086208620862086208620862086277
:10D960000862086200410061004108410041004135
:10D970000041004100610061006100610061426A94
:10D980007C52D71DD73DA59773F163B09D7794D492
:10D9900094F494F494F494F495149D149D359D3569
:10D9A0009D359D35A556A576A576A576AD96ADB7E0
:10D9B000ADB7ADB7ADB8B5D8B5D8B5D8B5F8B61917
:10D9C0009515A57784939D360862086208620862FF
:10D9D0000862086208620862086208620862004120
:10D9E00000610041004100410041004100410061EF
:10D9F000006100610061006100414ACCCEDCDF5D66
:10DA0000DF5D849473F16BF174328CB49D16A5784C
:10DA1000ADD9C67BCEBCADD9B61AB63AB63AADF9D9
:10DA2000ADF9AE19B63AB61AB639BE5ABE5ABE39B3
:10DA3000B5F9BE39B619B61AB61A8CF57C539D568F
:10DA4000086200620862086208620862086208618F
:10DA500008610881088208620041006100410041BC
:10DA6000004100410041004100610061004100416E
:10DA70000041004100414ACCDF5EDF5DE77D7C7400
:10DA800074126BD2530E532E532E5B2E530E530E25
:10DA90005B4F636F639063906BD0741173F174127A
:10DAA0007412636F636F63AF63B06BD16BF1A59852
:10DAB000955784947C539535086208620862086221
:10DAC0000862086208620862088208A20882088266
:10DAD0000862004100410040004100410020004038
:10DAE0000041004100410041004108410041004126
:10DAF00000215B0DE77EE77DE77E7C536BF25B2EBA
:10DB0000532E5B2E5B2E5B2E5B2E5B2E5B2E5B2ED5
:10DB10005B4E5B4E5B4F5B4F5B6F5B6F638F63B0C6
:10DB200063B06BF16BD06BD1A5988CD584B48CD4D9
:10DB30000883086208820882088208620862086214
:10DB40000862088208A2088208820882004108410F
:10DB500000410041004100210020084100410041F6
:10DB600000610041004100410041004100415B2D46
:10DB70008CD3ADB7A577CEBCCE9BCEBCD6DCD6FDC4
:10DB8000D6FDD6FDD6DCC69BBE5AB5F9A5779D3627
:10DB900095159D56ADD8B619B63ABE3ABE5AC69B33
:10DBA000BE5AB61AA598ADD82146086208820882E6
:10DBB00008820862086208620862086208820882B5
:10DBC0000882088208820000C90092015B022403D7
:10DBD000ED03B6047F0548061107D907A2086A09B4
:10DBE000330AFB0AC40B8C0C540D1C0EE30EAB0F56
:10DBF00072103A110112C8128F1355141C15E21538
:10DC0000A8166E173318F918BE19821A471B0B1C79
:10DC1000CF1C931D571E1A1FDD1F9F206121232239
:10DC2000E522A62367242825E825A8266727262895
:10DC3000E528A329612A1F2BDC2B992C552D112EA9
:10DC4000CC2E872F4130FB30B5316E322633DF3397
:10DC500096344D350436BA366F372438D9388C3976
:10DC6000403AF23AA53B563C073DB83D683E173F67
:10DC7000C53F73402141CE417A422543D0437A4487
:10DC80002445CD4575461C47C34769480F49B449EB
:10DC9000584AFB4A9D4B3F4CE04C814D204EBF4EB5
:10DCA0005D4FFB4F97503351CE51685202539B53F7
:10DCB0003254C9546055F5558A561D57B0574258CD
:10DCC000D3586459F359825A0F5B9C5B285CB35C50
:10DCD0003E5DC75D4F5ED75E5D5FE35F6860EB6092
:10DCE0006E61F0617162F1627063EE636C64E864AE
:10DCF0006365DD655666CF664667BC673268A668B1
:10DD000019698B69FD696D6ADC6A4A6BB76B236CB4
:10DD10008E6CF86C616DC96D306E966EFB6E5E6FC9
:10DD2000C16F22708370E27040719D71F9715472FD
:10DD3000AE7207735E73B5730A745F74B274047560
:10DD40005575A575F37541768D76D87622776B7704
:10DD5000B377FA773F788478C77809794A798979EF
:10DD6000C879057A417A7C7AB67AEE7A267B5C7B32
:10DD7000917BC57BF87B297C597C887CB67CE37CD5
:10DD80000E7D397D627D897DB07DD57DFA7D1D7EDC
:10DD90003E7E5F7E7E7E9C7EB97ED57EEF7E097F55
:10DDA000217F377F4D7F617F747F867F977FA67F3E
:10DDB000B47FC17FCD7FD87FE17FE97FF07FF57FA2
:10DDC000F97FFD7FFE7F0000E8DD000800000020F5
:10DDD00038000000B07B000820DE0008380000207A
:10DDE000780A0000C07B000810000000010000005D
:10DDF000000000000024F4000A000000006400009D
:10DE00000A000000000000000000000000000A00FE
:10DE100000000500000000000000000000000000FD
:04000005080001D915
:00000001FF
